theta_deg,hl_ratio,tl_ratio,E1_Es,E2_Es,nu12,nu21,rel_density
-21.95329635830275,1.5741499559881207,0.12067784005761373,0.00971640009475158,0.00264390570645007,-1.917033550657325,-0.5216392794258157,0.19371892103134358
-15.605156006646311,1.7778017836198166,0.07005052442920717,0.003032263979077426,0.0005804949519063373,-2.2855160725445005,-0.43753794252983946,0.09105453090581948
-27.697397820547707,0.8614657403946759,0.02467596079038095,0.00015524249359518972,8.58627238726198e-06,-4.252095148856136,-0.23517818040102226,0.10052248024213545
-6.828323627243307,0.7762088257237737,0.14642797879495495,0.33549185339002424,0.002108237646030181,-12.61482433924363,-0.07927181331325292,0.31143312627683367
-22.91452235072353,1.2429509245787629,0.11818849622135487,0.011751089531419552,0.0018033296323919912,-2.5527101666285366,-0.39174051683303274,0.24374401147591496
-21.045177104228465,0.7286997634675794,0.1667616913512583,0.09081165532364407,0.0021084121417917173,-6.562858517121426,-0.1523726280844183,0.659591240017007
-46.22105465783247,1.4183350655630236,0.1258225954432713,0.0037966826901969855,0.004187904319681961,-0.9521465008138914,-1.0502585465001486,0.4463798768067077
-10.492625836354861,0.758550839846371,0.14954815057111892,0.17202889553556033,0.0020280059182041215,-9.210137025085473,-0.10857601762887123,0.36391507866857864
-31.71011599395016,1.8946523752026097,0.1418375677092732,0.006417999001909021,0.006344970361330523,-1.0057383803896875,-0.9942943607387599,0.2371543338137862
-18.292879004687755,0.5645048761100766,0.08505592266055619,0.023661740255577567,0.0001801819481072998,-11.459553651594078,-0.08726343367316887,0.45831659179823725
-46.74393508795016,1.3477221690438308,0.02040654414800138,1.7723815867911404e-05,1.6357989282487048e-05,-1.040911136763522,-0.9606968017551182,0.0804721488912028
-62.957095866141735,1.322395762749898,0.06336968130095205,0.000337821489254199,0.0011689688706699416,-0.5375788364812166,-1.8601922771841495,0.5362987583006864
-17.927662100556347,0.6316066746239533,0.07958398606941695,0.015631996017787756,0.00018949121895513337,-9.082651968877654,-0.11010000200674543,0.3399133668633751
-32.62517006584514,1.5819052188858285,0.132604935416919,0.0064790560236622574,0.004070008942193462,-1.2617060510882172,-0.7925776365560768,0.270417186217895
-23.143419493596966,0.8325457225652348,0.0551517463051647,0.002272009061003844,9.483292049105907e-05,-4.894693103994776,-0.2043029008670341,0.19327370220586693
-7.1976481703822515,0.9723177174162545,0.19053345690244938,0.5160969873305034,0.005999536032210473,-9.274848598463615,-0.1078184715776008,0.336958184629058
-13.015915900835168,1.853554880394713,0.09437250312840703,0.009914451897736695,0.001479760749098865,-2.5884429849328567,-0.3863326354186393,0.11461400653710009
-21.621237719467857,1.694699972425314,0.06409776697379382,0.001359634178892254,0.000434713820446127,-1.7685173018111404,-0.5654454151937891,0.09604133358588082
-65.40209691110243,1.9203384367006364,0.10767948443101848,0.0006217189253084182,0.01750380656526813,-0.18846503573438658,-5.306023985315511,0.5015177533311769
-44.99592472047244,1.4779435190496282,0.08966285836172593,0.0013226796385437806,0.0015713785112072606,-0.9174595572385355,-1.0899663010867786,0.28602136680678286
-28.771328506815905,1.8577794850504632,0.12651273640238453,0.005566142546455602,0.004138482703693383,-1.1597291941108072,-0.8622702654016781,0.20225587538424022
-24.142838306913717,1.2663157239054934,0.1264064936486447,0.012851282653723725,0.002278782865709597,-2.374771155073813,-0.4210932063341985,0.2638862558271757
-7.436770067434253,1.0325901061925369,0.08567009457022697,0.04120710719457861,0.0005824482523088812,-8.4111889761264,-0.11888925606573751,0.14505001479703172
-55.563098139638605,1.4605625148764978,0.12163356775555317,0.002352979416144574,0.006326971115250432,-0.6098333038570385,-1.6397923722355892,0.5853416064709873
-52.21552204738484,1.3192092401014452,0.07747919594968489,0.0008626353488866062,0.0010695239471040544,-0.8980869148877879,-1.1134779757090054,0.39681031637311703
-44.32213053305497,1.7702506625166976,0.10857592730971942,0.001750557066646353,0.0037456585391705925,-0.6836346150118607,-1.4627696989606802,0.2669899067172647
-62.98179882118369,1.0682638354596632,0.03503016477666708,0.00013869645823277332,8.134516367590936e-05,-1.305770391922979,-0.7658314250236002,0.6668528132445466
-29.763950398811723,1.732332848958339,0.17067989241297057,0.014171258234256015,0.009394116806867655,-1.2282201781714701,-0.8141862654371661,0.2968854529856049
-47.2136060845752,1.1635843908514183,0.05066067266796627,0.00038162038995207003,0.00017825827523150565,-1.4631570203516087,-0.6834536458429402,0.2745499409361624
-17.54913529566219,1.630250845168415,0.09391180858117688,0.006537084902453553,0.0012696697538126841,-2.26906363573244,-0.4407104253280257,0.13455167164348206
-56.57250189634692,1.8869753294876936,0.10240092923843352,0.0008069612080891071,0.00675950553292536,-0.34551655831778594,-2.8942172984956,0.34328132782181864
-17.58051489535992,1.2208398361983774,0.18760742038396347,0.07509535603077003,0.007003069360775011,-3.2746306802143894,-0.30537794873849106,0.3449406131410055
-19.64267318773986,0.8896973684394596,0.05767657461572415,0.0028889088498816468,0.00012713481711574463,-4.766884929034697,-0.2097806040815216,0.15984807100969145
-28.81283720187684,1.0500862593769515,0.11893045469965598,0.011169285084275386,0.0014207704039181626,-2.8038239241799263,-0.35665577691098554,0.36435109837755075
-65.00688481436687,1.9244045643511902,0.09078079872818154,0.00037796435133048614,0.01009811738814386,-0.19346624951055738,-5.168860214791264,0.41412747567770064
-20.980671687339623,1.3207494064161511,0.18359733017427124,0.04681910015020935,0.007319216527733413,-2.5291770572410637,-0.39538552555543244,0.33913699507982326
-30.136185755597587,1.1728967120257021,0.14655000206909527,0.01609776737591483,0.003264203231173949,-2.2207221709783656,-0.4503039655606438,0.400737525509208
-27.11259660302487,1.7422917005564247,0.18846716804857627,0.022299215259385476,0.01221235049905094,-1.351279411682826,-0.7400393962597583,0.307943715292882
-21.445322673352408,1.774485803669105,0.12595747735861573,0.009876371312148703,0.0034915704701045666,-1.6818540244320512,-0.5945819229690235,0.1812754911794958
-37.34441030353297,1.9301303729801451,0.07483292985964797,0.0006840743270010183,0.001103833077586107,-0.787226932873884,-1.2702817424568513,0.13975530782463896
-29.869777865714624,1.95022981712335,0.13633692070320763,0.0061010065864430685,0.005643774302368456,-1.0397188746210158,-0.961798448031932,0.21383587609228946
-44.667784539265064,1.5554871512834167,0.06194705970774493,0.00040128773544757454,0.0005633608915832474,-0.8439847429393618,-1.1848555419583546,0.1816397039275778
-22.625085693798084,1.3792054327608962,0.1560687350512547,0.023840673767102288,0.004807185746812437,-2.2269671500143127,-0.4490411993699921,0.2872577305894736
-38.48154495065031,1.6837130598033894,0.048187288913699715,0.00021311107950577337,0.00024758847564970195,-0.9277646086446631,-1.0778596108132028,0.10681516768792132
-38.05946294409399,0.9219727608108244,0.04294947637398091,0.0005372968885935716,4.95834961923752e-05,-3.291839026726116,-0.3037815615773125,0.2608687241087268
-57.20374264530409,1.542822234590028,0.09432983544192308,0.000916250982717945,0.003708996238746998,-0.49702591130171647,-2.011967539843121,0.43931264096931566
-49.36035172065229,1.4706781821103494,0.1160498934322229,0.002483381950119402,0.004027031776087816,-0.7852884896933618,-1.2734173658784664,0.43436554985237436
-15.994769504887543,1.1294878892142517,0.06087580063269883,0.003344729497532102,0.00021687102588344878,-3.9271702868956697,-0.2546362716526039,0.11604020194046587
-57.98046816749873,1.4738135398728804,0.021588306644807518,1.1855215153117128e-05,4.225256357401901e-05,-0.5296978231146328,-1.8878688119199394,0.11298260276897766
-30.356261395482868,1.360976312228733,0.0636549554451135,0.0010184924217112562,0.0003434685879262832,-1.7220088877775175,-0.5807170956536895,0.14488919603875103
-21.207634317018986,1.17604016580108,0.19803215241393185,0.06794498851469263,0.0078046600564172074,-2.9505414428312835,-0.3389208453348884,0.41425479405641774
-30.176484475445932,1.0542065692718792,0.057888756158907026,0.0012033791390097016,0.00016561288742544345,-2.6955920990367703,-0.37097600944791875,0.18540821893726164
-18.948471150047403,1.5939068657905837,0.03384349949097461,0.000273963011555539,5.814857620004413e-05,-2.170583129272578,-0.4607056907952322,0.05066188721790571
-25.82304870526623,1.3089139733803736,0.189123497768404,0.036746184006665905,0.008099809933419808,-2.1299465673605957,-0.4694953457162017,0.3980296236794967
-45.35920773114594,1.4255343652408412,0.051137625448906876,0.0002599452955067367,0.0002752261265653277,-0.971843091928469,-1.0289726894242341,0.17457837805642143
-42.421641867247736,0.7672012156126045,0.038367739725434155,0.0009892360965504498,1.3004091127557699e-05,-8.721877355224148,-0.11465421482922246,0.776422390614754
-27.775971869169794,1.6472194225337602,0.031717595856894765,0.00011005468947540983,5.4415784954533386e-05,-1.4221382821100046,-0.7031665011621201,0.055344408903978404
-46.5382793319477,1.7538816213752635,0.06761837504313688,0.00039265624310539304,0.0009765368892692697,-0.6341060935840297,-1.5770231671294974,0.17947165772184118
-32.72880551608337,0.9848109342391743,0.17461429933136072,0.03449671191754017,0.003971992733722351,-2.947030484574071,-0.3393246202353174,0.6974609094271106
-52.864054208495716,1.3866164254307531,0.03394146399573888,6.30173487306901e-05,0.00010474388554242125,-0.7756498692700473,-1.289241498797757,0.16151809034701228
-7.857675158786407,1.857789134320194,0.18767983880371608,0.20358104125127507,0.011704258882613137,-4.170582398811048,-0.2397746655922877,0.2123356697343828
-11.856448196929477,0.9425602107448072,0.055828975211316134,0.005473068504595846,0.00013683668466751904,-6.324324863322583,-0.15811964464371844,0.11386609573038013
-27.521964964193785,1.4881384838101634,0.05234276276833433,0.0005804878300251326,0.00021096565134045897,-1.658787233200239,-0.6028500702110757,0.10032511967582787
-7.311771698920708,0.9587558606188507,0.1506295051580637,0.25170237944992474,0.0029122174690486987,-9.296762989085844,-0.10756432117006466,0.2701963394757513
-21.593682202565404,1.8611227798905101,0.14585271868870378,0.014266070334953451,0.005762887653492079,-1.5733744878817173,-0.6355765952111826,0.20282034396661308
-46.29788733921585,1.5680015402480771,0.06679274361048357,0.0004661382564080263,0.0007635063415910686,-0.7813597745024283,-1.2798201707232784,0.20408728547641586
-59.581882861613074,1.5918105695339029,0.17118113201377388,0.004681776873509238,0.02819206719105216,-0.40751340110487894,-2.453907030514162,0.8323887039229936
-12.30482025921188,1.2778708885270302,0.1283950857317927,0.04276444437163672,0.0024164381244256372,-4.206816584293433,-0.23770943656863938,0.20227972712094314
-45.81677826247917,0.9824335073288688,0.07326498897286611,0.002008856966316944,0.0003082073431894619,-2.5530129445715715,-0.39169405784889705,0.590832608030182
-64.82274764035773,1.7416110047900308,0.06683115594025062,0.00018532579226506146,0.0032434617215798354,-0.23903612741697844,-4.1834680422829305,0.3512885937766978
-57.05325318870106,1.656215422748589,0.19037987984328586,0.006522294063080104,0.03504662893316809,-0.43139694229410336,-2.3180507369434564,0.783237507573639
-36.5585323293578,1.2504734216292055,0.1509959501935782,0.01190267291461702,0.004349847864093609,-1.6541893323470032,-0.6045257217208481,0.46655564950949086
-66.74204127955763,1.6517860634507167,0.042835901204330756,5.0160777066472415e-05,0.000935814662773784,-0.23151930233225182,-4.319294287458186,0.27020542051261043
-15.753928693071842,0.9018134031158912,0.1887872495858775,0.13937270655516418,0.004757224646854019,-5.412676069855596,-0.18475149576550937,0.45153134426985553
-23.111035262359245,1.384259495605202,0.12482662732724989,0.01170788805123288,0.002479238030256361,-2.1731022826919597,-0.46017162098842235,0.23156499558668048
-26.04027830367974,1.7977751821818133,0.08000522605227586,0.0017570527164545214,0.0009593306350890615,-1.3533441163090547,-0.7389103687296309,0.12443993645383485
-47.593022016867224,0.9769767569247687,0.09148510035192772,0.003969492314718107,0.0005956486375419407,-2.58150164636376,-0.38737143608200886,0.8462648679845761
-32.951836947316764,1.225324973646115,0.1505728118634713,0.014209516393613647,0.003936872613104458,-1.899826615110662,-0.5263638229122037,0.4246834250405357
-36.192652331544835,1.9265672812593342,0.08772907730349506,0.0011696420943872073,0.0017162458838668913,-0.8255373758766765,-1.2113321930918677,0.15973719576775536
-31.261504883388504,1.697317762957605,0.12417406384134927,0.005157459856065039,0.003612186439421919,-1.1949035438916373,-0.8368876342463065,0.2278959096269121
-48.81444483720428,1.0778705913356696,0.05516749951507362,0.0006001071990562691,0.00019127283633240606,-1.7712822450741006,-0.5645627639417599,0.3963490392229161
-55.2604090750411,1.2781558748244635,0.09548745627384458,0.0016097813981227156,0.002147404419877564,-0.8658178416815384,-1.1549773541948052,0.6017782996985519
-35.9266570866716,1.862926658772518,0.09922157064905228,0.0018003761654337893,0.0023477202679039228,-0.8757062570003059,-1.1419354286966694,0.18544728376052197
-10.615991121740208,1.4402243541954542,0.18250909536296803,0.14017361670394882,0.008041479548798249,-4.175083432492572,-0.23951617163324293,0.25430204284116886
-36.42041452247038,1.1411437862727556,0.16405105099617534,0.018411285160472236,0.0046387263148394255,-1.9922446871866533,-0.5019463755790706,0.5848942095656083
-35.68133813889374,1.2639504698372328,0.06651351354211633,0.0010321521698151788,0.0003737332744678748,-1.6618467877481602,-0.6017401889105689,0.19632794107612167
-8.108059006891594,1.2545687072415166,0.11968744549773068,0.07662912430134543,0.001967598122973699,-6.240634267584672,-0.16024012257764184,0.17667452929771751
-43.82724222928248,1.7839562002611873,0.027954347449066927,3.0109864535700935e-05,6.35002378241181e-05,-0.6885995346805115,-1.4522228808417195,0.06716744900007394
-21.294857956228533,1.5639110167133723,0.15856259246791843,0.023454435222066843,0.005918216129805548,-1.9907516263485214,-0.5023228346341834,0.25255745035113975
-73.79525000581711,1.6935629331875073,0.07822341639471601,0.00019754234807623988,0.016148965616840087,-0.11060066822933547,-9.041536692404561,0.7059287150890334
-43.50062518713798,1.0857274846527813,0.07086729404738258,0.001371106724985074,0.00037055615047592043,-1.9235727560763143,-0.5198659613165819,0.3793377887476481
-43.19697542341093,1.293459855369437,0.06667256168410636,0.0007572363096337674,0.0004658357787460369,-1.2749680282293474,-0.784333393354798,0.24731852132993276
-37.120396071794346,1.0744969132540154,0.08084266978840982,0.002455912924064477,0.0004908730760934392,-2.2367728170094665,-0.44707267201905004,0.33090225708763354
-44.488294920728464,1.211624067338966,0.12886842045370867,0.006085880179726524,0.0030113011748170897,-1.4216235265132078,-0.7034211106879212,0.567818634277056
-40.949569814634664,1.535612163168428,0.057156369783177355,0.00037300109248158335,0.00038145948880456844,-0.9888509627090918,-1.0112747397852189,0.15198380935130434
-18.028105685423164,0.8749801310427634,0.11230811141616696,0.02486940693530949,0.0009316488721416831,-5.166620741247539,-0.19355010752318907,0.30022641142737194
-12.78794211201749,1.3067455984970255,0.11370095735406971,0.026956335619058743,0.001720312856958507,-3.9584640936146473,-0.25262323374691925,0.177603806553342
-38.44728923457129,1.2109767095436363,0.17941702086328443,0.019856810739069582,0.007083615671607761,-1.6742767760923938,-0.5972728131210819,0.6242509581143391
-58.907466212074375,1.8615438553076338,0.17684355500277096,0.003874618003765802,0.04036553566831532,-0.30981974060456136,-3.2276832910926445,0.6577473719042625
-25.475403928483807,1.1763871209739918,0.06341299584055421,0.0016673746362213305,0.0002586399795686689,-2.5390354629934655,-0.3938503477304813,0.14949007533953257
-22.35143810617572,0.8110593128590722,0.08205934446473072,0.008203400962190943,0.0003008791305320201,-5.221567985601168,-0.191513354371248,0.28949417150374585
-11.299111614679404,0.9203451631957067,0.1195391216553852,0.060233333164292836,0.0013122541984042196,-6.775002547581325,-0.14760142051267566,0.24571267174683317
-62.73395068288394,1.7900097470939058,0.06185227392134099,0.00015225482212289363,0.0022177061679285463,-0.2620194471388902,-3.8165106098782204,0.28392322395682734
-38.386064795638745,1.458133333652656,0.08865019232625433,0.0016917213542890855,0.001211061368859484,-1.1819016533918933,-0.8460940867035248,0.23358483282357936
-17.76576926506901,0.5291092257410263,0.1438626103573139,0.13597175425811,0.0007721842357702581,-13.269784949828574,-0.07535917151490223,0.8528872792430812
-19.381139595177366,1.1062318034199141,0.19570101320725214,0.0829093844912676,0.006914175247144938,-3.462833848475793,-0.2887808204947984,0.41608073772719933
-56.214583038296354,1.3047297343374353,0.056434778105926536,0.00030551467706252546,0.0004950329836019193,-0.7855954711120322,-1.2729197618520791,0.354076588874884
-8.532545369769124,1.1893207268926254,0.09071464733425655,0.032215867465457765,0.0008034576307728129,-6.332182527593938,-0.15792343250408064,0.14052371232930017
-41.37071530762141,1.5602587607690426,0.14420157367979938,0.0057280011744708795,0.006380662162071948,-0.9474769947992354,-1.0554345968177243,0.3803479992525533
-60.802618207429795,1.9935047009380928,0.12661013446796346,0.0011594617500239207,0.019591264350168596,-0.24327471961559652,-4.110579190390687,0.4624854071022655
-9.79673224632775,0.9425901354709579,0.11713628925224245,0.07081919448234462,0.0012974075260834153,-7.388176889726442,-0.13535138843122993,0.2264164346361671
-67.65441368134864,1.68357991941072,0.03359186842452618,2.2205202572582727e-05,0.0005232958354501747,-0.20599360141213488,-4.854519718791085,0.21449482228325156
-47.367720499772155,1.4176405316727492,0.1325909387747194,0.004277204835202545,0.0051162646969877025,-0.9143311628708995,-1.0936956330571843,0.4905673659745334
-5.571832695812219,1.9787798006634916,0.12290013342704614,0.10415297234249819,0.003543028464352098,-5.421862674355951,-0.18443845963302408,0.13055149897413912
-13.124205030881456,1.4809807996266755,0.11711006179793168,0.024195087249467218,0.0021803954607874276,-3.331163595307133,-0.30019540361475405,0.1669133922728971
-23.85439854072881,1.8482253385053768,0.09054455731780012,0.002875043689400377,0.0014009995252024308,-1.4325283657704018,-0.6980664564098934,0.1319357491470479
-13.19056318411063,1.5886253520788705,0.0658396444449607,0.003922630798206372,0.00042070376564229823,-3.0535182307607767,-0.32749108550462214,0.08919077392493453
-12.991502022660256,0.6910791825871251,0.15595795736020718,0.15685689334168576,0.0019118162908820125,-9.057925109620038,-0.11040055949876891,0.46187587814918457
-41.08562297101632,1.5491355654834689,0.11172215319709919,0.0027284481663439127,0.0029047825086341086,-0.9691724125299263,-1.0318081561871963,0.29490139270462284
-56.30532111269052,1.2264733830282228,0.026109115812059658,3.6159565536977224e-05,4.112024990111906e-05,-0.9377427802833056,-1.0663905081709992,0.19247220577402646
-22.099067591675897,1.8781969894735138,0.0918370099589894,0.003375901174225828,0.001462629980462948,-1.5192443389024386,-0.658221968904909,0.12796449422892178
-30.37540526241792,1.7102516707856827,0.18714865488010987,0.018360041728889432,0.012296253556603229,-1.2219415344534117,-0.8183697597670345,0.3340766893757899
-9.739013709966557,0.6211576388110296,0.1403230011868482,0.21054674110734614,0.0013044737900795506,-12.704470907992365,-0.07871244755032666,0.4128199844501312
-70.79315506913855,1.3285378721756491,0.04051470566732569,6.385494171094699e-05,0.0007176124306625476,-0.2982993313449824,-3.3523373836983317,0.53346894460297
-17.666549590632037,1.7538275263297136,0.1864266595973568,0.046218878097535686,0.010862724262823491,-2.062720201186159,-0.4847967259083195,0.25319776377928815
-14.407846937190158,1.8269150039754207,0.058306349036252314,0.001964976262780829,0.0003442826007674093,-2.3890273226224243,-0.4185803948455075,0.07299289415263635
-21.694637131911684,0.8075758977847749,0.023955802209383512,0.00021346696304663549,7.504841063860391e-06,-5.333282470187454,-0.18750178817452584,0.08264706747350538
-7.113018045427452,1.7093472330844721,0.19656255226286948,0.30998803758423393,0.012323672582935843,-5.015363230852476,-0.19938735321270581,0.23171374915807916
-62.77579775008586,1.6266217407243067,0.08671189163787829,0.0005115382984971236,0.005021577673797195,-0.3191677374234831,-3.1331487576802433,0.4661037933126653
-27.930317326783516,1.548906213520907,0.09715423700112195,0.00341777409375443,0.0014367046197241904,-1.542367738814256,-0.6483538100769546,0.1805853831469013
-36.41625430843232,1.0350391994831316,0.19519881032976774,0.0384767083721069,0.006299597417146014,-2.471397242144004,-0.40462940677738757,0.8339486377852765
-19.6906605363303,0.6702273996525677,0.12928451510378164,0.05377065049430638,0.0008628987935456376,-7.893919882595648,-0.1266797756846734,0.5500676737373607
-26.344465278814873,1.3513254298222876,0.06267869332380614,0.0012346745402496957,0.00031052999300472595,-1.9939968580103526,-0.501505303773557,0.12913823997250967
-24.57619970633437,0.778286284447861,0.03132572706188855,0.0004459748643309265,1.481132405120076e-05,-5.487294246838862,-0.18223917927785324,0.13204466411505028
-10.432808674511932,1.963841888421985,0.09459449523647875,0.014240095060820959,0.0015863892002122015,-2.996067350543226,-0.3337708679408315,0.10692991208972083
-50.18163546312945,1.5267904678787176,0.16615411797592702,0.006562460571318171,0.013253973128640498,-0.7036558630296693,-1.4211492471538398,0.6030624724966346
-30.285184042731316,1.001694338307828,0.07903349037304347,0.0033699731077910552,0.00038133291845918416,-2.9727683529904363,-0.3363867887634288,0.2761691584649598
-8.328255721477248,0.7292198960783112,0.18575861355274945,0.5173071451121741,0.0038667989521195822,-11.56640625794669,-0.08645727788723925,0.4383989547119143
-10.63936780159797,1.809125387656834,0.04475974116342281,0.0015915614550424293,0.0001534528858043118,-3.2205064723508134,-0.31051016620688504,0.05339424700868644
-38.36014682548815,0.7646864795433492,0.04931250555165874,0.0016943923291494324,3.583689879907654e-05,-6.876093573708393,-0.14543141236815413,0.6033535074890599
-32.45186662391862,1.3349891010311732,0.19088534905201743,0.02553130676930571,0.009241726587072405,-1.6621107713737886,-0.6016446179296867,0.472450225431624
-69.47453022020656,1.9643012965371338,0.06155491903121468,9.071865028878547e-05,0.0055611756358902135,-0.127721786443216,-7.829517796829371,0.3385757879881472
-7.532606589261377,1.5984776332517225,0.18629750704167589,0.25419710854083793,0.009737736068471498,-5.109239998657132,-0.19572382590421109,0.23041734137563513
-35.296808507422035,1.6594955392871409,0.12941442431298036,0.004898409045436752,0.004312277338156587,-1.06579623599357,-0.9382656517526237,0.26822129025646707
-10.023258379984156,0.6007441459365503,0.18087248120103502,0.4507972961649629,0.002644084128833271,-13.057289001490219,-0.0765855760629845,0.5597588954848336
-19.672931329027193,0.7578040463470274,0.03984053687224854,0.001247546677592103,3.1898894807494375e-05,-6.253750977258217,-0.15990403257764865,0.13852811203767007
-21.142741306085945,1.8022322397936017,0.11360887615893592,0.0072923995545529285,0.0026053061547966876,-1.6730381538029064,-0.5977149999400466,0.1606421377997313
-17.792853883794777,1.674519253185264,0.030645257961048715,0.00021437685048621767,4.563888618576243e-05,-2.167311945227816,-0.46140104667530246,0.043195169473639765
-20.23871837561287,1.7421841825062798,0.19243503944152926,0.040015603682425634,0.012046124783002666,-1.8225984968169735,-0.5486671923335953,0.27484800861048786
-40.192280705070985,1.263189708160222,0.08561843277687975,0.0018631985571656198,0.0008699489634591184,-1.4634661515740026,-0.6833092784035144,0.29599222791334284
-34.54881344749918,1.5770087856316692,0.18989622735535636,0.01736511951741212,0.012376848864067692,-1.1844966710550626,-0.8442404478091724,0.4083085865441146
-14.919578466799166,0.8950135381034396,0.05019073237308157,0.0028908995127764035,8.93439696792009e-05,-5.688318108712559,-0.17579888833367843,0.11792960944899558
-34.76696319959557,1.7817346045482867,0.0478432009385436,0.00022835990948392174,0.00023932833886649449,-0.9768162321949504,-1.0237340116195188,0.09089997847632672
-48.05884352198676,1.7002999145547548,0.029414405032687854,3.214218241076472e-05,8.152779781044119e-05,-0.6278918196044289,-1.5926310373497123,0.08512975974570254
-31.10517308150194,1.0103873178390084,0.09103829413032143,0.004902308793368622,0.0005935347204791797,-2.8739371557430817,-0.3479547205831094,0.3241158888225118
-14.93820261857563,0.7247492490384589,0.04491027715694028,0.002820503424694905,4.689441775075642e-05,-7.7553739174004095,-0.12894284797233846,0.1356070481622368
-62.25032277518142,1.7692722940174817,0.14380677700333186,0.0019993652539950844,0.026053331451015523,-0.2770221132324989,-3.6098201271055954,0.658255055193532
-24.04892898174152,0.605976073656666,0.05608894743850806,0.004889160307691605,4.5984247069027305e-05,-10.311280440417434,-0.09698116599372762,0.4032562575139592
-35.41747521826611,0.9185147051211896,0.12213156348135037,0.013040174173384102,0.0011409577112537748,-3.3807022459052263,-0.2957965319812532,0.6451309200095875
-69.03700668554762,1.9387558086005725,0.08600825293241776,0.00025975119951130127,0.013962691692809294,-0.13639366727631433,-7.331718693171737,0.4711178554251517
-18.1501857157744,1.831521764885002,0.035028628042890385,0.00027689560321627807,7.613989673557966e-05,-1.9070052476012542,-0.524382406004315,0.046460338227274425
-10.92721456344124,1.5288009538532281,0.13986520040011477,0.05582420280266027,0.0038710321843997988,-3.7975007985403506,-0.2633310835337733,0.18767017502853678
-68.4789953605956,1.723254133888185,0.05502951214467566,8.907970777336577e-05,0.002676739372122926,-0.18242583732886827,-5.481679649342925,0.3521694259520596
-66.90188967981105,1.2177686914120758,0.04825377760679224,0.0001748557829984943,0.0005544175297485876,-0.5615927899073221,-1.7806496414689135,0.6642168550777928
-35.664213791677156,1.7937175504752176,0.15070472895375353,0.006757061310080302,0.007727248141031318,-0.935118180034457,-1.0693835510321832,0.29062683002236633
-28.946410490037017,0.8174038721805259,0.06804349573357427,0.0035297740815727506,0.0001567506046858358,-4.745356474517108,-0.21073232440388176,0.3285335069615937
-42.160532223332744,1.785105026655164,0.15455607034589125,0.005453454867103313,0.010096670563453982,-0.7349313415729029,-1.3606713218404813,0.3542542341711137
-14.374629332404353,0.9336549217917653,0.18662550801852523,0.14905346726895669,0.004901111014888927,-5.5147238701734524,-0.18133274186374582,0.4123096730239805
-16.165127988334547,1.5500152311011361,0.0778592239372229,0.004599371610873596,0.0006773939969153247,-2.6057249916226426,-0.3837703530552846,0.11315559720501246
-62.2441346671703,1.4232750421372269,0.09080191863205682,0.0008270195675628278,0.003990292501494427,-0.4552558410198583,-2.196567094580957,0.6199306953128536
-37.157551119292044,1.844910368221151,0.039027373223618364,0.00010464782528568788,0.00014571588404335546,-0.847445262255067,-1.1800172170872514,0.07586510940665273
-40.71852884617721,1.9914180108737611,0.08288444823403406,0.0007573332271480575,0.0017512490365641127,-0.6576117296943053,-1.5206541411067225,0.1629822143237605
-72.3746072822213,1.4071230699433863,0.06496270554890246,0.00020127059069153074,0.004484120608028996,-0.2118612439860288,-4.720070463033555,0.8049291132620173
-17.490608465858024,0.626517341657467,0.15371519975286965,0.11764829939497626,0.0013645813120556406,-9.285239649813981,-0.10769781262673538,0.6493073991496144
-10.636859823645338,0.6123825443892031,0.10264225107143855,0.07291635076939561,0.0004873045098340846,-12.232416148515128,-0.08174999835346415,0.3188751850983098
-72.56651438150934,1.384839120936428,0.021548892002092958,7.645552512811348e-06,0.00016028963190501506,-0.21839954135191278,-4.578764194328936,0.28258183369964446
-16.731878630168545,1.7143688034910778,0.14386687966561124,0.024119441388307596,0.004836256952996845,-2.233206787016491,-0.44778656674959116,0.1955866002975687
-12.301014205428714,1.1044441126557585,0.0947109442909061,0.020515831868541088,0.0008119549878646959,-5.026649326085934,-0.1989396783281604,0.16879904299119666
-6.532198956005544,1.1672536389227928,0.14125619659091873,0.20538634595981234,0.0030278864706939036,-8.235993410713556,-0.12141826129913831,0.2137261578489042
-19.848058979480484,1.383931555496942,0.06998897284925665,0.0026783957071181714,0.0004302766778038818,-2.494959307610755,-0.4008081402167753,0.12054499044638425
-21.53918444215033,1.2995609071795335,0.020433465887053234,6.31417089884806e-05,9.884550776849796e-06,-2.5274332684782057,-0.39565831963670817,0.03886818065986351
-31.813754300333926,1.5320925996519053,0.08200931937420869,0.0016782917685349192,0.0009032923497725003,-1.363074415226102,-0.7336356612886197,0.1696011670263953
-21.575273406640328,1.2076785802445398,0.14686262167032949,0.025935113503207832,0.003308505477151416,-2.7998073385351305,-0.35716743300030196,0.30155270132166107
-69.90858436901397,1.5707910275961012,0.09076039094165407,0.000460999633965009,0.01164957517619047,-0.19892769303159358,-5.026952179258323,0.7468042475072799
-39.7948973039272,1.9959661138199511,0.05945134513758067,0.00029066130451817516,0.0006281443353465622,-0.6802426929756239,-1.4700635674977172,0.11401556087278782
-41.433284735718914,1.0254467633731474,0.1035212355441383,0.00522233005116525,0.0009574623222394494,-2.335453966790217,-0.4281822781437102,0.5743062531180441
-15.682089190808185,0.5183231943730262,0.1554227341937094,0.19947357647537334,0.0010434236109664167,-13.826503161789734,-0.07232486683715897,0.8195537531520358
-51.11828779247349,1.3302712774804308,0.14451536605639662,0.0056656085297528275,0.006733779094482023,-0.9172629441872014,-1.0901999326770067,0.6947009182099314
-32.03275465721674,1.0163866807169781,0.14012192428471051,0.017058826787348116,0.0021945392273300065,-2.7880650710498207,-0.35867168610360267,0.5129523960820701
-60.01525118743655,1.9099738905574888,0.08673281834331285,0.0004163913240765458,0.005455881693339453,-0.27626022665446714,-3.6197754997528158,0.3250378192756342
-44.159204448219064,1.280532778948202,0.18104695390646328,0.01502387520905023,0.009384248599827918,-1.265293367957128,-0.7903305473058347,0.7089535296989969
-48.73329735538363,1.697059251908028,0.07690906654437259,0.0005617469456362342,0.0014989283038778628,-0.6121811173204112,-1.633503503631601,0.22799504762508052
-52.4366142413654,1.7296078104235395,0.0754948652141138,0.0004455774985091977,0.0017792664737428605,-0.500427454224688,-1.9982916435895777,0.24647428581393382
-55.43783266905909,1.4295160432035765,0.11850534452856672,0.0022972675481967037,0.005523970733327058,-0.6448817762369053,-1.5506718236563062,0.5910875078957482
-51.54019402048033,1.9021357265686685,0.18537399581278785,0.005773965816269938,0.029628730026142348,-0.4414490492549167,-2.2652670827761723,0.5196243419548912
-28.569249090804092,1.681789928050805,0.17666075180675386,0.01759161412309251,0.009796073905882201,-1.3400679442344,-0.7462308193420106,0.30766979689727175
-57.7342644071536,1.780451288221039,0.07504924801966882,0.00033759322821431275,0.002597409569147996,-0.36051774436081013,-2.7737885739104953,0.2842445421408169
-8.835655496349474,1.0954320427572508,0.09714755604001467,0.040770971076723304,0.0008949989905189442,-6.749385824558664,-0.1481616292198541,0.16156030392060694
-11.273898534636658,1.7363584191501893,0.026577595834321965,0.0003126303879952981,3.066877158755343e-05,-3.1927683107960756,-0.31320781925158325,0.032857419663681525
-43.93171787749411,1.3262474975454,0.11794943137684692,0.003881748986392626,0.002778508313183828,-1.1819738651391938,-0.8460423952624673,0.4306882748086922
-55.372909624648344,1.4278103547547984,0.0314062364091312,4.297340561179405e-05,0.00010213692145690198,-0.6486471355050194,-1.541670263018161,0.15658933807141073
-16.357963341978156,0.8023275457615882,0.176048090273409,0.12676169020669228,0.0032159546650419655,-6.2782564529995355,-0.15927989044191312,0.49372664455850307
-31.055949457992348,1.326446623270329,0.05855377275875054,0.0007972507752859243,0.0002588359755092734,-1.7550324700953246,-0.5697900278424393,0.140250196485495
-19.670612903969193,0.5882015867352465,0.1458863623751682,0.10256008710128048,0.0009355712940086374,-10.47009799613803,-0.09551008981662418,0.7969008353998007
-40.04582929506949,1.6121702098815698,0.12224366883799997,0.003487051439374062,0.003944692092224817,-0.9402051424410359,-1.0635976712525947,0.29770191703565857
-32.53117780492845,1.7600855127828523,0.16424438825291296,0.010567888776307953,0.009036981681741583,-1.0813901662097833,-0.9247356146255226,0.2996348316737771
-58.388328936315375,1.8805435419422074,0.1056173792152736,0.000827550707343193,0.008417809152558523,-0.31354347656521153,-3.189350360449989,0.3799719639205515
-24.88301282672819,0.6526526887697088,0.05451895471984004,0.003580745081618439,5.033295466551554e-05,-8.43452227277695,-0.11856036034519402,0.34374439426800224
-64.81965551557113,1.9095803720342002,0.1351718120221097,0.0012771989423083013,0.03221449989222381,-0.19911481669172665,-5.022227961810692,0.6181902775877506
-27.890140338612632,0.6014300114439425,0.0344504588592701,0.0012356806204927855,7.91464452452918e-06,-12.495033097357192,-0.08003180081303736,0.379336035970867
-15.446069875557939,1.211084323891723,0.12522583841031598,0.02824509234443743,0.002071710852969825,-3.692384582375708,-0.27082769351089436,0.2207870853741577
-70.0922872023842,1.7603765309417176,0.058286864983602374,9.299776408604761e-05,0.004113601842906224,-0.15035751057295849,-6.650815088580272,0.3924299722338188
-9.804513297453042,1.7173951168949944,0.1520338857996794,0.07718751837546749,0.00568213348790475,-3.685681672566923,-0.27132023024211477,0.18536100051972618
-8.08398155681897,0.6869153811193109,0.12197426060642838,0.1663113166942855,0.0010215040047119339,-12.759711769115027,-0.0783716762647027,0.302973995445305
-19.933686793617753,1.3528202825746876,0.14093101673763017,0.02237275120880359,0.0034091560078995803,-2.5617471326782697,-0.39035859052743993,0.24836248922846194
-35.473849665023444,0.8514434012178855,0.08386284930308882,0.005260600267705369,0.00029605721579216106,-4.215312982553655,-0.2372303086719306,0.5415370316324033
-21.303192152783986,1.5953206027173108,0.1697568093564682,0.028027800768377253,0.007452650590971048,-1.939273802752918,-0.5156569426042051,0.26586146611184963
-20.36638707626856,1.9244530822651247,0.1119184733084085,0.006883060820490404,0.0026821648636893686,-1.6019467255912996,-0.6242404844211575,0.1485973378525824
-9.047970288700228,1.6490501099006196,0.1328590711892918,0.06277468330520432,0.0036324063452130018,-4.157143846954387,-0.24054977090403584,0.16454001385510847
-60.99624846206096,1.8157630495683748,0.045357103406860166,6.284649293140683e-05,0.0007704399296749901,-0.28560850257589476,-3.5012963233973395,0.18962856811576279
-35.74430784812681,1.2793790863575054,0.02416883141588043,4.829843091007628e-05,1.8357159470816798e-05,-1.6220482569257906,-0.6165044694140381,0.07023313659162601
-72.8713101826699,1.7484789563263,0.029134742748497533,1.0059376092587635e-05,0.0007674957945320187,-0.1144847184807363,-8.734790225896083,0.23385208244294195
-37.628704139566864,1.4839296651870288,0.16536645904913166,0.011000703660634078,0.00795060754862141,-1.1762782709847934,-0.8501389719311815,0.41645053380340713
-45.05111352640795,1.8387221287095208,0.1145825573509106,0.0018760819221333624,0.0048252591292347055,-0.6235418092525836,-1.6037416980886379,0.2752461121839594
-40.80261683651579,1.5373312206611278,0.16330107809870723,0.008734139162816904,0.008874231553934455,-0.9920753877457319,-1.0079879133704497,0.43168553820305644
-22.70574574950591,1.928301088113368,0.1414404526260393,0.01135915613335714,0.005558943091685724,-1.4294761719835238,-0.6995569563166709,0.1952597602090399
-20.056646261595006,0.9708299844698535,0.040793814861668776,0.0008635267937917198,5.1424773568381526e-05,-4.097809026124708,-0.24403284624166552,0.10273904072223573
-43.088508831842816,1.2292374638024313,0.18119741596623629,0.017047995875661453,0.008341297162720713,-1.4296175439946763,-0.6994877785325526,0.7335688127692266
-35.030491885804075,1.6125355475676786,0.04892283070003321,0.000280206826426818,0.00022148441901707002,-1.1247804669932069,-0.8890623809224094,0.10391419881608628
-10.157282323242356,0.8641684781912309,0.050923224814400384,0.00607657101285741,9.523624989419742e-05,-7.987817720269689,-0.1251906384221093,0.10771387291671257
-30.660253621960415,1.6170549413635773,0.11965821361365019,0.005119069001525695,0.0029799572161758278,-1.3106613035724397,-0.7629736204725985,0.22723478018795032
-21.92589378936176,1.2130001770749654,0.04153348194338772,0.000567745218290728,7.535060352819385e-05,-2.7449432808066856,-0.36430625251612464,0.08566784488534332
-29.65764400185556,1.3831561744843581,0.15625079278257176,0.015241158009055171,0.005164046552545065,-1.717963404693851,-0.5820845759972428,0.34238649067376586
-12.622508947884825,1.1479490854716174,0.04106886875257228,0.0015229686670041134,6.928314153047608e-05,-4.688476011532721,-0.21328892321091084,0.07127261157436297
-22.810088969701077,0.9260087245037345,0.09594800396352897,0.010063540243720786,0.0006070915253117635,-4.071442527209289,-0.24561319319062952,0.2828772503327178
-52.685598667095945,1.2680629001951818,0.05707309479106645,0.0003768710822358369,0.00039454408368270013,-0.9773466747904214,-1.0231783928813554,0.3254320329384449
-9.790440246819202,1.5853923854042316,0.1501689069298731,0.08154126276464019,0.005008612501141276,-4.0348742096477395,-0.2478392009368996,0.19301681496667192
-51.251013291694264,1.8444276511642244,0.09364525971848728,0.0007938481091342239,0.0035651774656284218,-0.47187626250231257,-2.1191996280912715,0.2701575231872725
-38.5255201060325,1.282996080568604,0.10940458420192758,0.004000187173366243,0.0018053718207879739,-1.4885273774523662,-0.6718049094343921,0.3477395303931741
-9.789500987115332,0.9801571488298204,0.12194360810863465,0.07629700785537209,0.0015351172479631948,-7.049900339039123,-0.1418459768094107,0.2276065061887574
-21.47738795679559,0.8376147886618862,0.0394980813628205,0.0009072547475514566,3.605420003135706e-05,-5.016336859919471,-0.1993486537935679,0.12772916362424586
-44.04728269065947,1.207404168747722,0.07627436375505933,0.001288368421878476,0.0006120288383135887,-1.4508886813444897,-0.6892327529037815,0.33228854024843235
-51.77303948893804,1.7630293044863912,0.05094052316786437,0.00013559992490026656,0.0005453633130805886,-0.49863959923477136,-2.0054564489756386,0.15846578929350005
-6.002634130675844,1.872915808289973,0.08945349722194369,0.03681197100508687,0.0012868306365374459,-5.34852265465536,-0.18696751693284852,0.09849789863680371
-26.167982299726738,0.9548729272217686,0.19520373306332658,0.06679798520301959,0.005286957673811667,-3.554502015704443,-0.2813333613490206,0.6253282462212107
-8.660400499711912,0.7313654331426069,0.12489157220257636,0.14624498596681385,0.0011710015625164762,-11.175365996065965,-0.08948252794154818,0.297060987141036
-71.11410670872189,1.5802106713494608,0.09728867358569834,0.0005251149670912661,0.017216375558914726,-0.174645071600286,-5.725898766205793,0.848591182288258
-16.2099740606913,1.3729980881839825,0.1218686411402676,0.02038934539158811,0.0022360593667907743,-3.0196734220676693,-0.3311616391004519,0.19567810675429007
-32.21945870065943,0.8015242230163399,0.14043377997689227,0.030715074870214278,0.0012274497266989324,-5.002348359609603,-0.19990610971324732,0.8664442609500141
-70.85587412486656,1.640443682131155,0.09829162339227218,0.0005015510628111532,0.018732497677107135,-0.16362879562447558,-6.11139375672591,0.7841293598490838
-35.88065000230845,1.2783956528632117,0.10058776476551971,0.0034674880061403095,0.0013246081492964553,-1.617945067949965,-0.6180679553398317,0.29394810383246606
-28.542772617091337,1.4800927992611113,0.14625220328870756,0.01200942836556666,0.004625179063701545,-1.6113760056328206,-0.620587619838164,0.28903649556971595
-45.92615286186901,1.158646341953564,0.11721450229190196,0.0049301035862778725,0.0021064250819246622,-1.5298717086268538,-0.6536495801321514,0.6045743486018411
-18.095036660275916,0.7705131475624133,0.11851900619918627,0.03566710244308467,0.0008915189913119297,-6.325117752921714,-0.15809982344408965,0.3755477894450052
-57.84807309919326,1.6347738014680115,0.15621540700310857,0.003591048719466953,0.01993562878327535,-0.4244198421674208,-2.3561575134970485,0.676899321072507
-46.82644046990801,1.667453892126592,0.16323586162162546,0.0059643257790162295,0.012739680978577549,-0.6842288819346272,-1.461499253250672,0.4663147365401834
-57.355445641813134,1.697011782326879,0.11068195027708426,0.0012065585725881745,0.007385683266330841,-0.4041837652127682,-2.4741221347017373,0.44361961435780756
-11.116857836333438,1.6199014460826824,0.050501572329292144,0.0023821790389824023,0.00019455657234048596,-3.499163586432013,-0.28578258069371043,0.06527495653433142
-14.059998176919109,1.3933165680751936,0.16855586830893812,0.06842124742281609,0.006035330404879282,-3.3670143597862423,-0.2969990303407812,0.256275408055703
-58.70686716019708,1.8788331490535752,0.05401434914526143,0.00010943733054198005,0.0011518926518808434,-0.3082313025369737,-3.244316822364418,0.19689380794824665
-17.232756525429636,1.0634089581930535,0.14826365558287966,0.04623227185882244,0.0028696446030393786,-4.013826173794754,-0.24913884077211534,0.3099371724690102
-30.07364479200973,1.0569207312629405,0.14343536736707874,0.01829704487633199,0.0025308706480467982,-2.688781442745376,-0.3719156879403897,0.4558036190710639
-12.722495082753099,0.7259791361493695,0.07298852946014381,0.015462595980455981,0.00021187860661811607,-8.542749075577127,-0.11705833697713315,0.20165412655702641
-61.93789564691397,1.6628498782898222,0.1689886828541721,0.0037357170593901945,0.03617563814033696,-0.3213504314977865,-3.1118676123728437,0.8430037621109322
-11.702132965183608,1.2659909476098457,0.0368354272354271,0.0011190155621915222,5.6593191181566894e-05,-4.4466809649021215,-0.22488683309934998,0.05777912360084583
-30.77982205043824,0.9574332706237922,0.07042490977365318,0.0025710343391027843,0.00024548365119320337,-3.236254382260319,-0.30899919532949793,0.27196403665170127
-34.555611676420426,1.3883107245274218,0.08168258331867863,0.0016990730149309052,0.0008010800150635357,-1.4563577543139272,-0.6866444711389531,0.20463521679705543
-19.888864185543852,1.0688989258794093,0.11926498165249565,0.018915588828515528,0.0014866693337278456,-3.5669969747192978,-0.2803478688340335,0.2670693171218109
-16.294336780769527,0.707157106803123,0.06211854969172623,0.006851183556611165,0.00011563324268143,-7.697353807919819,-0.12991477655231315,0.20535402919663442
-19.92771097687428,0.5447481620194776,0.12663158104852668,0.08058934364772442,0.0004983314595703379,-12.716853168961338,-0.07863580610026623,0.8404757512679149
-10.415342737078973,0.9621904430544026,0.021421561397537574,0.0003785709161757828,8.073790765666928e-06,-6.847544730079612,-0.1460377462898842,0.04128304575641678
-22.091870067171456,1.8529320352726912,0.02452758961304223,6.545234851021303e-05,2.739341975813437e-05,-1.5457508390089234,-0.6469347936056512,0.03453020345513002
-27.64094120160221,1.7470431888245423,0.17879888295228713,0.018335676134134185,0.010549850103400198,-1.3183335975398682,-0.7585333498790382,0.2947047454116948
-17.15148360084627,1.0580056350794884,0.13615067499699396,0.0363388411761526,0.002207566427203539,-4.057220830520085,-0.2464741363047307,0.2854955029207715
-70.63072405207677,1.7431063087905685,0.09568275972513977,0.0004081929560153752,0.01920306051212861,-0.1457966441488382,-6.858868431698184,0.6751787255433461
-24.11089037533666,0.9445812331895185,0.18875584006625687,0.06861770914086757,0.004740931910599616,-3.8044006598953506,-0.2628534924151515,0.567951939496435
-32.7491116567701,0.9526781506184172,0.0509907993985319,0.0009254752864035394,9.175136769546377e-05,-3.175968158113342,-0.3148646177214956,0.21739970931456198
-16.165167517854876,0.5613049846575116,0.15754455191756372,0.17127749652493995,0.0012485259010379171,-11.712547766752026,-0.08537852053322359,0.7425479939114822
-24.90341810486288,1.8168706648820105,0.0778687405496937,0.0017303696311228702,0.0008831971317521309,-1.3997182245172393,-0.7144295062278685,0.11738350228061563
-65.52188818483219,1.8679814713572216,0.09429587318654953,0.00043786571862324946,0.011289969710115769,-0.19693553354654592,-5.077803796965107,0.4594957327579272
-26.757147703902206,1.1870878124276472,0.02397009211580885,8.233746236769222e-05,1.4254860367113992e-05,-2.4033512919544697,-0.41608565645298284,0.05805294489264282
-6.484641132598867,1.0720233523814586,0.09810671722584752,0.07669719769085882,0.0009232438291824443,-9.114472550912758,-0.10971561924335997,0.1581331643857166
-34.134229551719784,1.2340387949350817,0.14240857692246872,0.011282574765014248,0.003426918003472489,-1.8144802837542169,-0.5511219983779424,0.4134388523493154
-75.91247637565283,1.3320792860880157,0.03987478249085396,4.529522630051099e-05,0.0015922323085883804,-0.16866423499520847,-5.928939232602625,0.7536378475375769
-13.689071647488717,1.9604961097600078,0.03636826779385614,0.00048409612080723807,9.040881686073825e-05,-2.3139843017355766,-0.4321550493017441,0.0429991117896302
-26.78162861745345,1.4801072180054635,0.04753066480955807,0.00045860973082839006,0.00015537954195132803,-1.7180061504812056,-0.5820700931250476,0.08998770232080872
-45.60795181561326,1.376095014044076,0.1806720877657044,0.012214200559348154,0.011395592835737317,-1.0352948691882689,-0.9659083897364023,0.6590247861824597
-32.26937434191674,1.736753851537811,0.11925756691175961,0.0041827553651674985,0.003374867727188076,-1.1132760200693874,-0.8982498337992341,0.21907853097658098
-37.0690137531022,1.1313675492059232,0.18546188533449867,0.026502416382009654,0.0066377667807198054,-1.9981668138861226,-0.5004587169852732,0.6884700247162898
-9.048165983142866,0.9907562877138587,0.1385113986767126,0.12730770601769542,0.002299703906047328,-7.4403160661152254,-0.1344028924462244,0.2516363548523159
-57.399302561396155,1.9540308330478795,0.17186340155635155,0.003466856449313989,0.03607912303490523,-0.30998447484631464,-3.225968011771506,0.5673335665168537
-27.51680415582004,0.7269617322128168,0.11066183966678197,0.02125137521060238,0.0005147243329086738,-6.425488784539093,-0.1556301837155461,0.6421189928753914
-31.30751335660183,0.7482972523175453,0.09014986962172064,0.010138172503387074,0.00026861332709612814,-6.143502795338358,-0.16277358915809273,0.6340748396014381
-9.45541927283611,1.487791224276146,0.11056410070242335,0.037325340304660226,0.001863771546503641,-4.475128902900134,-0.22345725043851677,0.1476889273909587
-68.86707575599564,1.9878429780943976,0.11404615683569501,0.0005825958397426257,0.03339639425000356,-0.13207903884698066,-7.571224084682686,0.5977941902085335
-41.87354461647934,0.8532127556026321,0.08494973860128534,0.0055165156837258715,0.0002757720524313381,-4.472571611926029,-0.22358501702544428,0.8763219942548367
-49.697420694442556,1.8584260956012317,0.1006613136164623,0.001035165099735095,0.004130049673958784,-0.5006418759711245,-1.99743578792773,0.27398733326934716
-59.1443340664057,1.2434809618642835,0.07094347791929285,0.000645396353470597,0.0010190124261402513,-0.7958358770469096,-1.2565404863508762,0.5826374294430161
-57.14715471793765,1.4818549494184727,0.06171353553650567,0.00028151941365253083,0.0009448744173447231,-0.5458422259961232,-1.8320312214304624,0.3085907837289317
-47.90725897389875,1.3044796658339428,0.16284476212975432,0.009347013712315179,0.008063252142164946,-1.0766667955294076,-0.9287924584952861,0.7136686736159938
-34.17593397225288,0.8567530773226867,0.1008727505249256,0.00912182337151562,0.0005347535109537953,-4.13013271284032,-0.24212297025978455,0.5903336974697952
-32.40281619363027,1.7427454224018732,0.07045589774632398,0.0008520606004802881,0.0007013298087525403,-1.102234734758013,-0.9072477653496759,0.12939484733333778
-49.11418275608223,1.9552047668573604,0.16592687909149245,0.0043626097475334994,0.019534492282262297,-0.4725764969310452,-2.1160595300318383,0.41804469608903894
-49.34126679284772,1.188794143538098,0.02345902482019016,3.3977262868113605e-05,2.0079036876845692e-05,-1.3008366263228592,-0.7687360424550396,0.13344324086838705
-63.67786049772785,1.4538788977838806,0.051365151691619176,0.00013415368756485442,0.000866685568475024,-0.3934327649036078,-2.5417303519319314,0.3587882966605785
-35.877031369324385,1.685619902518359,0.168851867491244,0.010329073498728428,0.009950420848417003,-1.018849318203337,-0.9814994053913917,0.3492442784371154
-44.440049368237226,1.6637462052728582,0.18955342794593713,0.010294277366952665,0.01803100412484544,-0.7555930880087247,-1.3234636683024463,0.5047187932420634
-37.56710746760593,1.3004299009098017,0.14757790667957027,0.00992217859657773,0.004458110581132211,-1.4918601095192123,-0.6703041348308951,0.4448069778953617
-27.349836416722148,1.2873831435564727,0.05726460812178065,0.0009544308653387141,0.00022187584446977984,-2.0740404687053364,-0.482150669231745,0.12799036501753575
-31.403863834909245,1.7756467767295494,0.18770640794122218,0.016571549419350778,0.013344460832271273,-1.114374183992722,-0.8973646503700153,0.3309258940384381
-31.067520760922633,1.9941908864579108,0.09275633845515058,0.0017365689891496326,0.0018770431454662535,-0.961853418799435,-1.0396594537743378,0.14630807349121938
-20.942583351053457,0.9070821992375555,0.12892046683968658,0.028497748210337362,0.0014457599058687524,-4.439736385828168,-0.2252385982176878,0.3650433324295636
-38.814171230024044,1.0363973153346138,0.1148146303773722,0.00732853537593367,0.0013104912228257427,-2.3647843142394747,-0.42287154645712566,0.5461672169889932
-47.643635361508245,1.2183776117150076,0.0487143081012763,0.00029751141819847317,0.00018121708717302464,-1.281304190144009,-0.7804547957402741,0.24269744353954095
-33.04906392942072,1.2408646147315987,0.18457897237171633,0.025481949417865985,0.00742676301948204,-1.8523222416675518,-0.5398628691624145,0.5130522219238249
-52.95069991623093,1.784292594722625,0.12019914332520433,0.0016656163582753649,0.0078303784469695,-0.461207236163613,-2.1682227024843352,0.3827749607186804
-41.544556654493135,1.6558389541776497,0.02109663298942714,1.6095860931816707e-05,2.2230971352588996e-05,-0.8508987507166825,-1.1752279565080272,0.05190662420414713
-13.519783495721924,1.1825326408747818,0.15997386890324855,0.07676643141533793,0.004225841258945526,-4.262153500336693,-0.2346231781471512,0.2759586020871431
-10.920710202860633,1.4271107573661332,0.049148543608110135,0.002624233763388925,0.00015521887951804936,-4.1117716458403955,-0.2432041674813418,0.06930177178506365
-42.22753061126756,1.1905933806395352,0.12777291841306615,0.006595238372955526,0.0026640127141575156,-1.573428824116809,-0.635554646433604,0.5308881035624305
-20.009719192712268,1.0962111255359723,0.07028580673072944,0.0036954240625468046,0.00031558434646072653,-3.4219559488864655,-0.2922305298305809,0.15357469848529226
-17.196322824119854,0.7815738836746382,0.06324657427803346,0.005690261683241172,0.0001410153782775644,-6.352327511111759,-0.15742261371926397,0.18949069353101813
-42.939376511193245,1.6344606717064303,0.1903367769262311,0.01141150452423939,0.016753372903340506,-0.8253161160912221,-1.211656940295917,0.49565158311099294
-16.85050917204027,1.2735952714381513,0.11518660837106116,0.017695074583837855,0.001714959759228265,-3.212175251903231,-0.31131551723633216,0.20025552115770254
-24.29805749561858,0.9478133731282092,0.04930598921178047,0.0012030383669447413,8.491400978755252e-05,-3.7640038955024013,-0.2656745390712527,0.14866899695611607
-17.961993160948516,0.8678987646639496,0.03902112566512933,0.0010621841106167992,3.861978637163914e-05,-5.244389831682635,-0.19067995173790414,0.10512931348717691
-15.758898231908134,0.6271621141583671,0.13114980772733012,0.08277694653774115,0.0008998005028825282,-9.591390771042754,-0.10426016662975376,0.5034255237697396
-52.08038201063388,1.1206997148262214,0.08582297660966084,0.0018812492306680775,0.0009037288333219528,-1.4427932384783597,-0.6931000044432207,0.6566805266767233
-34.93696940411893,1.775842915380112,0.09477365260673475,0.0017685562924778997,0.0018590588267415995,-0.9753553660695817,-1.0252673382315305,0.18140389949807165
-71.02455831013293,1.6000172725450261,0.04451377475750723,4.901169540173226e-05,0.0016787913870973978,-0.1708643649104158,-5.852595422833193,0.3765753160306888
-52.63104791913106,1.336830017749616,0.17011999296711275,0.008727562803232575,0.011936746775011258,-0.8550736056906675,-1.1694899636064329,0.8626634870242565
-8.117811432427075,1.586287552623765,0.16775600445612454,0.16219758913733534,0.007031478753937177,-4.802848227402135,-0.20820978566314197,0.21026906925951547
-5.340164556227222,1.522084302955792,0.1450747315177012,0.2456083632643761,0.004420582978863486,-7.453869790550146,-0.13415850130193824,0.17956164984649545
-22.092133148406077,0.8515499487425913,0.15478612433916106,0.051094221282665116,0.0022164320695866875,-4.801298194911602,-0.20827700330293927,0.5009477809141444
-56.67788675594254,1.3261383383047907,0.06764873918409324,0.0004965414041210631,0.0009160512507816334,-0.7362373536465772,-1.3582576258145673,0.41749140351461445
-28.425121312543062,1.6559139989576481,0.13556963007610065,0.008196242962014681,0.004322304815814671,-1.3770500219866104,-0.7261900323398153,0.23882262378242175
-27.09452258869905,0.9756809928127073,0.026843576816970853,0.00015956883943211379,1.4261458730987122e-05,-3.34496877805752,-0.29895645261619364,0.08623699996261544
-50.91187286272627,1.480959720075397,0.055440225900206225,0.0002530425511139901,0.00047911960537720775,-0.7267328763650261,-1.3760214138127367,0.21714177567384316
-31.933352406038047,1.2222206412781977,0.1878103005595556,0.02898543042604185,0.007513889303757967,-1.9640723450083923,-0.5091462147723113,0.5142746664703939
-40.618377277455416,1.4993257479580697,0.04004895611347186,0.00013561632335908985,0.0001245932484547431,-1.0432988497119693,-0.9584981333738429,0.10882143302587434
-17.27717820873216,1.049158493324674,0.06627260864850468,0.00418929686853819,0.00025146030780799655,-4.081650805973089,-0.2449989103763114,0.14067701369592453
-17.06977018387149,1.9844877450076157,0.07654425933764793,0.0029425117068992996,0.0008680930021876882,-1.8410940396524529,-0.5431553079107094,0.09433864455041518
-50.55704631185601,1.9700189674174386,0.15426844110592067,0.0032652925991045727,0.017149255499437625,-0.4363534525845737,-2.2917201504351126,0.40242402225231
-23.350237040394163,1.588562593606615,0.1538464713342152,0.01785005768390423,0.005609798251756409,-1.783800127254131,-0.5606009242410677,0.2521941362923721
-11.967228338283874,1.5136227673408542,0.14783445106419876,0.056277359190720425,0.004508050234891417,-3.533234655665567,-0.28302677219484784,0.20324062544560548
-62.53607862922203,1.6191563481072517,0.04620757489103565,7.896816334104477e-05,0.0007360798774538077,-0.3275393975711487,-3.053067836771539,0.24773402535333502
-58.095550226410374,1.654625251025974,0.14198127188789728,0.002605114442444018,0.015621335113927479,-0.4083704688595776,-2.4487568917326885,0.6092912804726456
-43.23518431988102,1.586160858226307,0.15266394421859597,0.006130394772219927,0.008291624346855831,-0.8598533983693095,-1.162988948926032,0.41693955166130403
-43.00325181120001,1.5556049294656527,0.17742391901179083,0.010051391821665714,0.012474361553102645,-0.897643597868542,-1.1140278863175805,0.4937372999041428
-16.730871142809413,0.9113578583380078,0.17607742678649202,0.10117885924793563,0.003875165014764212,-5.1097516077449585,-0.19570422923969122,0.4292705391580013
-32.18084746411557,1.7202898243708091,0.0644635708609568,0.0006729874823960634,0.0005247661699000481,-1.1324540216053964,-0.8830380579887684,0.11928745766039851
-31.313821239929425,0.7405952075841209,0.09479044323772404,0.012196544314955196,0.00030168109505843263,-6.358348841038888,-0.15727353515832113,0.6883594944817477
-29.734755848648376,1.4908755132568272,0.08622610940662742,0.0022745137153277893,0.0009741723938016093,-1.5280106134284683,-0.6544457160256588,0.17421392795523694
-22.782273572035322,1.6325395662508677,0.18165112806048903,0.029595195700132377,0.009524073946336448,-1.7627845226424061,-0.5672843090890113,0.2873547262659758
-52.50437113005407,1.3306431413978392,0.14497560799331882,0.005484455942596137,0.007258452477992864,-0.8692501156690994,-1.1504168730886584,0.7382747987990076
-39.5354423553741,1.3638158878038245,0.16292700283588923,0.011318822437477881,0.006856710474884606,-1.2848212699546702,-0.778318372667726,0.48856330711589974
-16.664084503461012,1.8145170040962757,0.18986500969848466,0.05219270837853175,0.011892940139764918,-2.0948855466232823,-0.4773530475743109,0.24741932330486083
-22.352930790546566,1.0462920642587907,0.09203719298147538,0.0074855948101580794,0.0006563354945896766,-3.377148920463447,-0.2961077594004264,0.22759746665994002
-16.098836233912323,1.773003030720994,0.19114613178638298,0.05834335005962932,0.011777821638501959,-2.2256824162230493,-0.4493004000530253,0.2509283720501851
-11.783581709648757,1.7320612044915125,0.024063918130081262,0.0002140877316568258,2.2694937347457773e-05,-3.071364754862032,-0.3255881602525327,0.03002311698475768
-16.229427587470866,1.2338436007849851,0.131911325666708,0.029563698242043072,0.0024748025300329627,-3.4562814837498643,-0.28932828668660926,0.2327662322823917
-42.58872811013861,1.5168553775922713,0.12513224808077666,0.0037492599385407564,0.004124870382232227,-0.9533834807733608,-1.0488958747101693,0.3557431929586806
-40.144171924656675,1.6859022335834004,0.08508764401535537,0.0010881066907071585,0.0014359031747273952,-0.870508793488477,-1.14875347323328,0.1970226065398097
-72.1265213077947,1.7747878223702043,0.11618938641048934,0.0006457414433085132,0.04465470361568882,-0.12025294593306153,-8.315804592069181,0.8681253702942652
-50.108561997384456,1.9718933761159831,0.020337472617185517,7.607379760681329e-06,3.8414101988188194e-05,-0.445012495659006,-2.2471279115862335,0.05227873918457666
-11.199674558624295,1.5080235834493803,0.17271584384036573,0.10197447475489213,0.0071709244863386295,-3.771014166714601,-0.2651806532117126,0.23506474857183612
-32.687581972644324,1.6535928707600305,0.08514658779959512,0.0015996954503466007,0.0011530424620092294,-1.1778663217325938,-0.8489927774902677,0.1659714748826191
-66.68700631722744,1.258637417481994,0.045228518170031554,0.000127585698807916,0.0005079246145738239,-0.5011888128856681,-1.9952560278477753,0.5472124054578035
-54.585827329279624,1.8691053517716893,0.0988248542609144,0.0007988219623486123,0.00522838241669467,-0.39087808829227266,-2.558342434514432,0.31297942717798327
-65.6297742752975,1.465637573299194,0.10751191282799015,0.0011140458708854021,0.009812344438383771,-0.33694975453281967,-2.967801538797672,0.8138769815878684
-10.440465612197997,0.8531780255208212,0.11442123926341037,0.06676378582990422,0.0010583213856274992,-7.942581714758815,-0.1259036464354923,0.247007320216611
-46.38445038073464,1.2451066710770964,0.027834244772071276,5.4459477539281984e-05,3.4235591740579646e-05,-1.2612402324518939,-0.7928703622591915,0.1256335767858979
-56.93486956844104,1.594728381595706,0.17687221797399766,0.005680613960737445,0.025780159890284992,-0.469412699813116,-2.1303215707587864,0.7700463808447477
-35.114210633169755,0.8040826318440248,0.10217160772165304,0.01152126879797074,0.000445981520699627,-5.082667766193854,-0.19674707181359763,0.7651324311770331
-59.14834200493896,1.967064110608456,0.15910908257525333,0.0025281760095331304,0.03310999150884946,-0.2763275066036648,-3.6188941603786664,0.555149634223289
-27.272490072583054,1.151915541105809,0.1388277953809523,0.0163279244384965,0.002643196943469302,-2.485425382305674,-0.40234561339850894,0.3548391951221738
-6.364553934309839,0.9971958229722591,0.096844520312401,0.0828772538129552,0.0008201272954444893,-10.05256853974965,-0.09947706360278187,0.16475703367763112
-33.4731717756467,1.0960642223988883,0.09388947127177792,0.004167883206808965,0.0007764962640940166,-2.316797548662096,-0.43163029094945304,0.3199953686992275
-44.187059477920045,1.4346278862053317,0.11654095454972171,0.003167313982940781,0.0031665770704517615,-1.000116351126914,-0.9998836624090959,0.378383712678938
-22.892557761199427,1.8845219885716287,0.029106994321838588,0.00010038356456777836,4.7170558606476536e-05,-1.4588001420816714,-0.6854948605728985,0.04103387393883724
-12.250409602696024,1.9798851138831366,0.07381239755922576,0.004937963915994501,0.0007617400409346708,-2.5460713123499796,-0.3927619761274547,0.08502851019861167
-25.947803996123632,1.4775481383666689,0.19782095124122726,0.03496056531992781,0.011073622731141262,-1.7768237951562806,-0.5628020081259915,0.3678162017741424
-7.759158233796526,1.549883541196587,0.13919464804305365,0.10361622566083689,0.0039225560960176,-5.139599790419215,-0.1945676785698589,0.17623143668461508
-21.349612194636705,0.9827437545448836,0.095408149775118,0.009864398639442846,0.0006650450175753523,-3.8513215988157676,-0.2596511286690489,0.24693121562962803
-14.989892130355514,1.7857378931731236,0.06002535852928155,0.0020449551119157664,0.00036641716450784,-2.362402996836814,-0.4232978036935145,0.07702409199913778
-25.068987275465922,0.6595709739664514,0.06685225574711445,0.0063912578387947585,9.482247611234383e-05,-8.209893496469975,-0.12180425975440144,0.41611043258705965
-46.993347535447356,1.9598839851464762,0.04922661869233316,0.00012384049592838555,0.0004618507814225769,-0.5178220025079278,-1.931165526294318,0.11630575761294486
-38.51721481915436,1.7962080152307984,0.04781268204217171,0.0001879209043091232,0.00026777827098981846,-0.8377219217100669,-1.1937135391642493,0.09884504834068043
-30.942319288823242,0.9554677018072,0.15126739024965186,0.025445756246142936,0.0024209108671718956,-3.2420393468413233,-0.30844782959660466,0.5905908057149538
-7.263866247082291,1.5127560745715738,0.13570584577196915,0.11185906109971369,0.003549415664292371,-5.613802816253137,-0.17813236993376222,0.17332193926685635
-6.1566438926281535,1.2005275361197993,0.03256509788682151,0.0027305039953696426,3.841713936760634e-05,-8.430608006541933,-0.11861540700552392,0.047942916329677274
-58.3828815884071,0.9846923092182063,0.04070770676519646,0.00036632755116108894,6.232873124001203e-05,-2.4243239288849066,-0.4124861319419309,0.8704945111315611
-24.968487692156287,0.9301613161404423,0.13409243612364388,0.024145115327282335,0.0016441864393659052,-3.832120095608927,-0.2609521557390281,0.42655942557766463
-23.751234654854855,0.7040411678313597,0.12280089833698864,0.03468168472342311,0.0007275670111298064,-6.904203653525454,-0.14483929648995444,0.6020843179869592
-54.013035401521336,1.323977123413759,0.14347983086692642,0.005149150288728377,0.007495237953909404,-0.8288483387381913,-1.2064933393271484,0.7882707310934184
-21.69926543531161,0.8230357512191067,0.18849736411949897,0.10042189075697927,0.0037849725130097503,-5.150896602372602,-0.19414095781681595,0.6317207995438417
-43.27251936373206,1.9079160061598714,0.12818905661637944,0.002670170369550797,0.006671244272830347,-0.632653718003337,-1.5806435203700573,0.28141304093563274
-6.084487287880535,1.4578867944958123,0.055303403535701096,0.011073645411397574,0.00023257223772102012,-6.900274546448335,-0.14492176989025946,0.07112857259364166
-45.126990785476025,1.8494009860750054,0.1423178939511392,0.0035499771347619518,0.00936267653438751,-0.6157618355604291,-1.6240045131895202,0.34034549244654194
-49.131799835445506,1.4342764487842623,0.02887179434942986,4.0611759780101635e-05,5.825272944377099e-05,-0.8349640264424699,-1.1976563879772144,0.11174294129782845
-20.473838708002056,1.7741927279662417,0.07442096516344973,0.002215759185641092,0.0007140632760999064,-1.7615417068445762,-0.5676845436667437,0.1052426345379719
-19.845515976070686,0.8975319587084295,0.17563976084559663,0.07924399539097546,0.003633359556712428,-4.670130249525033,-0.21412679016858324,0.48477509418505005
-10.647374958508351,0.9094005901246984,0.1115586818341025,0.055158524243075414,0.0010598821409633593,-7.214023154520191,-0.138618906341244,0.22787624799332215
-18.306268203692625,1.1707984473853028,0.11305603801272801,0.01623195779713633,0.0014466905098090258,-3.349636159716812,-0.2985398868170037,0.220372497160083
-76.34761457646115,1.4727684476077068,0.03940649210547564,3.0528754349779395e-05,0.002331607810583046,-0.11442654668708069,-8.739230789990316,0.5786122565071459
-29.352077849938695,1.010545667209595,0.06685703401845781,0.002083317770689586,0.00023483700004429115,-2.9784786906129064,-0.3357418682066252,0.2218810484102138
-26.505635276622634,1.5346279489107122,0.09062893384927669,0.0030731153548625573,0.001130463115946794,-1.648774389027503,-0.606511119201597,0.1644543109139305
-21.970948793628025,0.7637746239215089,0.11667392402002416,0.02700565180426034,0.0007759230385654452,-5.89953807517258,-0.1695047963514918,0.4462005945492832
-15.090758895825289,0.8313917933193686,0.02260354062835511,0.00028807684092487017,7.326923423177708e-06,-6.270372575168054,-0.15948015656361517,0.05803884584507433
-24.54263986426176,0.8009999381193762,0.07122504498889211,0.004940061510277478,0.00018511523397366208,-5.165889331829906,-0.19357751120188466,0.2843609720969705
-76.32772176325406,1.2106516277473591,0.03033184264770073,2.9233252390090513e-05,0.0005050172679738205,-0.24059436641971416,-4.156373297018565,0.8619797526452386
-33.357666996856565,0.9094097176623501,0.07785586549363668,0.003626002966279125,0.0002911871241959205,-3.5288077117962597,-0.28338183365932756,0.37713172569155956
-15.64060215313826,1.9922051368879574,0.08828946576789727,0.005293073240516839,0.0013276120251050894,-1.9967254938284906,-0.5008199690397178,0.10624121572438833
-41.40279934127376,0.8226137122345013,0.06459388376293364,0.0028660227928664545,0.00010298980815515438,-5.27524573921936,-0.1895646287272262,0.7536424024684019
-29.203445047670208,0.9650036478708991,0.10284848194448952,0.008361219045100357,0.0007803917908673829,-3.2732445572928963,-0.30550726732958805,0.3661259890785254
-49.89833318349591,1.7666203199888653,0.07801797049914595,0.0005219278924751978,0.0017798220017456203,-0.5415230757386706,-1.8466433745892337,0.22771253275912545
-12.827383896222742,1.7039689120896366,0.19077906449058585,0.09268691436956633,0.011100823465082323,-2.8895593168200686,-0.3460735324514778,0.24451713056468874
-16.041415277606554,1.125098380841067,0.08188757919214583,0.008142443663311317,0.0005250343431278726,-3.938070849027217,-0.25393143961516595,0.15685996803529625
-53.89764324428643,1.8051430844206582,0.05743497256516557,0.00017149662113893752,0.0009235237062615206,-0.4309270536111158,-2.320578370794135,0.18597750696683005
-15.999149664195542,1.8231274986432535,0.05362212720028073,0.0012607022054808635,0.00026861703755131305,-2.1664041488259547,-0.4615943892749341,0.06890606417899377
-35.72598118376383,1.3614459319483274,0.12148887946427822,0.0054910698427913735,0.002605871637626547,-1.4516167617152194,-0.6888870577785335,0.3234839473174423
-59.38812119336997,1.5291939650041741,0.06905987715752493,0.0003386916436748855,0.0016676318151993509,-0.45066326089998343,-2.2189516802478644,0.35795401822395534
-13.508182837109814,1.8746498718933597,0.07015188336565514,0.003749053385374936,0.0006163027371301405,-2.466401433180721,-0.4054490021563035,0.08517246784844147
-54.35547960907547,1.3688812938418182,0.033661791378084296,6.051114944374537e-05,0.00010720409682037684,-0.7512976150333938,-1.3310304465102714,0.1749244018776637
-26.177063926882433,1.112775005203782,0.13817911735930263,0.01811487275918857,0.002451586449120183,-2.7182790490333537,-0.36787981732619013,0.35680267027118134
-19.44262955177887,1.7163481285009403,0.10223796934727199,0.006574031955980586,0.0017632354111091191,-1.9309043272040531,-0.5178920498085986,0.14562091619126483
-5.094247244992644,1.0105166958895815,0.14398653749584917,0.40914437148647376,0.0027843409117130763,-12.122078334579626,-0.08249410475655686,0.23607589994909203
-57.772845724162636,1.8123458007088837,0.12745292699729963,0.0015964802422693855,0.013193182005965604,-0.3478620061133477,-2.8747031363757474,0.4714110434623685
-36.88460527827248,0.9597205659778698,0.082927624170387,0.0035219811357167364,0.0004006783727432003,-2.9648010930009114,-0.337290755309261,0.4267723689284389
-27.43392424095061,0.921868950311362,0.05281136281831102,0.001335521803394461,9.7151709911207e-05,-3.7076631187052405,-0.2697116668866107,0.18850924977018738
-35.35903696899712,1.490176450823046,0.0429200191111965,0.0002112395729994729,0.00013285791271269498,-1.260938566071022,-0.7930600482114807,0.10075922518475498
-11.352592978583388,0.667047459179882,0.15993832880314343,0.2201599801745153,0.002041201418004994,-10.385472451081679,-0.09628834939481708,0.462648299410177
-52.59661526006499,1.8119531177644093,0.144869882976771,0.0028761001691818932,0.013804710095984959,-0.4564448994967644,-2.190844943392973,0.446723124044901
-46.00400626248774,1.6057276200757966,0.17579298913840422,0.008226548648193378,0.014367630763841755,-0.75668697059474,-1.3215504414117518,0.5147835557136052
-32.409480128615215,1.9953641369150605,0.06432234368306738,0.0005359227672550374,0.0006454499844651564,-0.9112127885814872,-1.097438504519598,0.10429153202003251
-54.253065321581914,1.0218059925816023,0.04293753696893694,0.00033400550706685087,8.345398291369259e-05,-2.00056782342179,-0.499858084436043,0.5282910396930325
-8.05930453665681,1.1796231812147409,0.06617870210641977,0.014046468710345079,0.00031037010188405173,-6.727344045479529,-0.14864707278825062,0.10223069508379894
-23.60276588188134,1.7848627657237857,0.02574730609775972,7.046877458104017e-05,3.0711710742966215e-05,-1.5147688140620579,-0.6601667467119054,0.03840699144327206
-39.43575222912866,1.5928904638068482,0.16853844145687477,0.00956855440235493,0.009951653846814875,-0.9805630739131057,-1.0198222088960864,0.40934213666813907
-12.72524009202536,0.8668442649288097,0.07879396383711595,0.015210021468475995,0.0003407962441445791,-6.6806314482740605,-0.1496864492140709,0.17908249177405047
-62.36771623395054,1.5905236119025568,0.02205723894167885,8.999901537585661e-06,7.578887796942329e-05,-0.3446006880872292,-2.9019094696260987,0.12117737263936361
-55.59929521124922,1.7817903020632941,0.026358940047430585,1.5886427532085797e-05,9.715374995038239e-05,-0.40437410696690634,-2.472957547902144,0.09221383966616768
-11.820138918278857,1.0999268466012362,0.16267218870085304,0.11218551353788288,0.004108934615071379,-5.225210307965862,-0.19137985670653188,0.2877913205743836
-40.28434585361957,1.5028781687314763,0.10814705929367562,0.002695316389046813,0.002439829742108913,-1.0510542083874486,-0.9514257133647017,0.2899673668923697
-24.32615379365175,1.1003180317648973,0.046949968873362835,0.0008073210649572131,9.416206115287477e-05,-2.9280950068670295,-0.3415189731394573,0.11602656731951785
-35.69414043771754,1.2177401572122273,0.08453101290482327,0.0022718466465716397,0.0007152086652592386,-1.7822684631217642,-0.5610826992070724,0.26401101606077687
-30.992059324287865,1.2873655699323705,0.04975492655675413,0.0005155412634478725,0.00015103280863883618,-1.8475494296839934,-0.5412575078822335,0.12350485964998624
-57.54625313638808,1.6635887210334168,0.040318679572469596,6.025473572309552e-05,0.0003477046520763586,-0.41628459751039143,-2.402202738176105,0.16789144477934742
-61.89709537800028,1.9662589761933966,0.06973540772134586,0.00018936633241318937,0.0035174872083726647,-0.23202518125430402,-4.309877034010291,0.2707943196343806
-14.426422603189451,1.060386509708587,0.08186079463125809,0.010550760808504716,0.0004899212064867452,-4.640649513892613,-0.2154870771874328,0.15943442516233242
-37.88829541892115,0.945408106726584,0.09560535305296736,0.005519836630765421,0.0005889388932208576,-3.0614558036936605,-0.3266419847686501,0.538523602569868
-20.601918114396945,0.6296711199032093,0.04315300384183214,0.002186905044878717,2.7218764078694568e-05,-8.963564802009703,-0.11156275679245294,0.21820019826604017
-21.213191796821484,1.1418413947688708,0.026995814396459872,0.00017959332279740106,1.894092539458412e-05,-3.0792467813770803,-0.32475474393539405,0.05832126124026279
-44.280701855995574,1.0196101189616131,0.08303222324501613,0.0026156962333387926,0.0005014486914827842,-2.2839174479439763,-0.4378441965580752,0.5447582506447248
-5.397368829873145,1.6903666240874093,0.14938437413671812,0.2349828570789527,0.005392877845077426,-6.600970599261495,-0.15149287289840047,0.17344384764136778
-29.405189226573192,0.8688914758837041,0.043625953771268725,0.0007939955350101563,4.7458507274406344e-05,-4.090270152366689,-0.2444826289582329,0.19008132309295997
-18.902116766158798,1.4178419320131035,0.1616564209455966,0.03481512052949819,0.005457300549775509,-2.525777064870599,-0.39591776087777253,0.26694182876455025
-12.308452308557605,1.8517721288729192,0.14882137567649062,0.04324679168908737,0.005791162046900165,-2.7327134131625477,-0.3659366529923487,0.1790287338339598
-20.930762282799563,1.3503937805443202,0.020709828359410015,6.545557083141987e-05,1.0826490873638416e-05,-2.458835361504745,-0.4066966075304958,0.03740010480124999
-37.83719496968209,1.0171492909489315,0.055105978796849295,0.0008699284742793499,0.00013715327060338109,-2.518481058914845,-0.39706472933764164,0.26072439379111956
-72.35793820140914,1.385553810776099,0.030101763989105308,2.1042110472807398e-05,0.0004238583126719166,-0.22280980354727448,-4.488132856271855,0.38866686499506287
-31.03084050770012,1.2599167096397803,0.11564175894865508,0.006698789613723952,0.0018297231925824015,-1.9133986915760632,-0.5226302309093259,0.2954946879306007
-8.348792885914179,0.7229297544153557,0.027132907062514842,0.001622595099773933,1.1915042446670426e-05,-11.669635285374383,-0.08569248100266727,0.06462553460803785
-41.54509517749165,1.1701945170358534,0.16447625083917158,0.014933670510900178,0.005380769737956603,-1.6659466088495054,-0.6002593328549678,0.6870847987893507
-47.52706303491746,1.3146000423653725,0.10873317241024591,0.0027652183961279224,0.002409276449870041,-1.0713253981824316,-0.9334232173497993,0.4625143768227165
-8.016910825308472,1.418668273009778,0.1551264591684514,0.1485662512089207,0.004918048989155712,-5.496214293386426,-0.18194341534377512,0.209333468061803
-45.86616181911783,1.4077652750046172,0.042655545244862036,0.00015204108301449163,0.00015861676551378852,-0.9790523912099661,-1.0213957996304424,0.15125690506051837
-41.29341490571657,1.115044570565468,0.08538287215661605,0.0023595957818831684,0.0006679401111210967,-1.8795333810954267,-0.5320469484916419,0.3888962718108102
-27.635770579256494,1.6189165339037224,0.06932377541753339,0.0011876194948467705,0.000553450750135137,-1.4648702828768068,-0.6826543016738216,0.12258344884748798
-64.4734593856391,1.522699570547296,0.1167454504351506,0.0013574687692435648,0.012334277984420322,-0.33174780442679486,-3.014337959908534,0.7692513369429153
-48.75427751981391,1.4575099457144942,0.13511659383338534,0.0040768375164059786,0.006073914460915783,-0.8192705914670011,-1.2205979445806563,0.5021048375077625
-15.292657719434146,1.668707773015416,0.050629161451984823,0.0012808520424274744,0.00020315884098803138,-2.5109127345518822,-0.3982615509648399,0.06852942819931461
-47.65047348901628,1.425692866526969,0.17418679145638044,0.009492988513675492,0.011870557756876315,-0.8942643440210084,-1.118237584541901,0.6450105209648341
-21.456414685506175,1.8033278500877044,0.16017386849517318,0.019883508037641905,0.007327732235950559,-1.6472583168488173,-0.6070693283327817,0.22766656833098142
-16.909722033878268,0.6662065925489589,0.11816826978294337,0.0497162976065598,0.0007071556929768835,-8.384783793057073,-0.11926365958631384,0.43866453225499674
-55.813216927420264,1.2947009163612067,0.09450461979069566,0.0014825442165119559,0.0022241917298276214,-0.8164276727759765,-1.224848242343195,0.5926697616797991
-44.010244958670114,1.223806176868242,0.16922934049210728,0.013649328795137469,0.006891617388816124,-1.4073271583380624,-0.7105668316533575,0.7169420850295419
-28.75562317558903,1.886186973476323,0.04471289063775177,0.0002409921450001175,0.0001864174716006606,-1.1369939059464882,-0.8795121897927431,0.07053011249013105
-62.88103434024346,1.3173374807970308,0.06284564472691033,0.0003342635896368949,0.0011196893394765086,-0.5463812214738192,-1.8302239548104908,0.5351984300755369
-55.194819345885,1.122680915918114,0.06859797272284852,0.0009061741288164321,0.0005235004705619379,-1.3156709672758342,-0.7600684554669109,0.6221955400616228
-10.221153680813714,1.9841598600496173,0.049894709416776484,0.002148743032620339,0.00023544785584200654,-3.020959276206718,-0.33102068203172036,0.05590103424476891
-45.44227960703253,1.898170172556758,0.05474597806093022,0.0001912458795339029,0.0005632286462905261,-0.5827116163066207,-1.7161147504459628,0.12827105456268328
-26.63314688024166,1.2524927630982245,0.12719707596678972,0.01138291248888243,0.002317099838856427,-2.2164315575295688,-0.45117567316836005,0.28774247878319675
-68.71594913318944,1.2556345066507073,0.03829077972157087,7.247827399113468e-05,0.00038012408568683205,-0.4366578046228841,-2.2901228133632965,0.5302363828258606
-11.088260485198788,1.1576106357952232,0.09173812216400287,0.021220464003874822,0.0007886044502772465,-5.187377167863974,-0.19277564897247945,0.15289903302344188
-33.48880350287778,1.564119372591987,0.0342320908634494,0.00010854550400940859,7.000687944100207e-05,-1.2451898160068935,-0.8030904101085773,0.07225438814573908
-61.877081844568565,1.4661302860049608,0.03852253536025447,5.9302037074639205e-05,0.00031888123978064177,-0.4312412746771324,-2.318887496909227,0.2424472013262765
-37.30909621769924,1.0960008263098113,0.1943301299652949,0.03243312771102508,0.007144898470489296,-2.1305728338049543,-0.46935734096173404,0.77204547789356
-16.292350018266575,1.1698717252642816,0.1554444413000875,0.05150816482591784,0.0037773724005026755,-3.692692437423074,-0.27080511495234216,0.28861726436072355
-15.9972905493225,0.6124977339485598,0.0523311683051276,0.005383781063123714,5.435596978542823e-05,-9.952222364785063,-0.10048007001314593,0.2110718412241976
-33.56606851797695,1.1459148537212511,0.10070518894845717,0.004694323627834095,0.0010468834236943532,-2.1175679330857706,-0.472239867432624,0.32057319542395557
-22.0296958898537,0.9134981506807494,0.17594533332957318,0.06665456438657286,0.0036814819617474806,-4.255039624948125,-0.23501543772631528,0.5135392987845354
-15.838134365706068,1.4832370528384526,0.06272039265434698,0.0026329722429950585,0.0003353903096118098,-2.801869380395102,-0.35690457485173216,0.09381478656954423
-11.090473932298934,1.9964728911822656,0.04827834249292161,0.0016541755378232145,0.00021482405641678166,-2.774912802512582,-0.36037168414608794,0.05449071661056613
-45.915692727600664,1.8744530508724717,0.19248983716191528,0.008317912168260383,0.024487039214188565,-0.582826146579868,-1.715777519365227,0.4636040038359057
-34.74316592500089,1.3779648568782856,0.06539677201864777,0.0008756847847290708,0.0004073355436039886,-1.4662153032024792,-0.6820280744688855,0.16634639075002508
-6.151284978676728,1.9504207079523956,0.15079432314870142,0.1610801047542737,0.006430818684108818,-5.004812586431688,-0.19980768165246646,0.16252414349781166
-52.88479410206005,1.8020259416487832,0.06160032996083378,0.0002207984706421225,0.001068771552432329,-0.45452271025124263,-2.200110087892503,0.19317662917090248
-19.013049063491536,0.9783477782607306,0.13088970971813751,0.030610545477445267,0.0017315372268086001,-4.20455093378823,-0.23783752789480817,0.31593054512681007
-56.12006616286553,1.624394368977964,0.1386675752640782,0.00271542655966736,0.01222417098893001,-0.47131289566815604,-2.1217327367678993,0.5676078198331262
-20.058985831888172,0.705247676005921,0.07911705862185549,0.01091581614473372,0.00021645253502591182,-7.101445654648093,-0.1408163983266523,0.3144876537579826
-34.94495608530181,1.5268271365681116,0.16739009577668923,0.012282600825025936,0.008124297442068062,-1.2295671772311239,-0.8132943189423056,0.3774521753397117
-25.611250936184838,1.7639738610058024,0.044417748446435,0.00031757687017194613,0.00015915655965146545,-1.412577097812412,-0.7079259613855062,0.06961103980379314
-26.89315732373091,1.6370026477000197,0.09359250196114197,0.0030165421248963867,0.0013691293135409898,-1.484336827491317,-0.6737015355807776,0.16108796065630746
-24.6064710156963,1.1552780113066614,0.05198091715783028,0.0009968196638993462,0.00013808662723792376,-2.6867823534514708,-0.3721924102692534,0.12207167552762015
-13.24854071617284,0.5690973501532867,0.04300661646598408,0.004336854108157397,2.9317754646830523e-05,-12.16247759800318,-0.08222008977547295,0.16696375160664575
-35.46270889786643,1.1939454792240967,0.05824920893996362,0.0007791753416209629,0.0002244992979505769,-1.8629882098709112,-0.5367720497110882,0.18607695151855985
-28.01784298027239,1.1129011514408753,0.0242557613322023,8.87697897416934e-05,1.3340471517656054e-05,-2.579568147529813,-0.38766178786848376,0.06649237523115957
-41.95304738134675,1.1543697814193266,0.18370431126730832,0.021233437327164362,0.007322811999493625,-1.7028296753639454,-0.5872577947564076,0.8018766089777033
-5.616914305346697,1.3685241646852666,0.1784772696408748,0.4648092799183814,0.007328998166811406,-7.963703615379327,-0.12556971583784488,0.23771565056475571
-5.518656355212016,1.261563265299686,0.12555235199682793,0.18277060317754348,0.002338837774515945,-8.84001746005407,-0.1131219485163645,0.17650855973414614
-36.15208743993759,1.9109164972513377,0.1932657731326829,0.012678926870588502,0.0181138087182847,-0.836635637285539,-1.1952634521337102,0.35431340975645453
-12.70233501844298,0.5238744545595664,0.07638297149061908,0.02957850116776957,0.0001459253701554763,-14.237137512685125,-0.07023883832750871,0.3250412601061436
-13.971477490423084,0.8545603031134767,0.17541807609005675,0.14656160140491725,0.003621559738850516,-6.361540173490841,-0.15719463726207336,0.4208032505316923
-39.784969016646855,1.250910287159984,0.1626450798005799,0.01321481880279278,0.005793170062661849,-1.510332150883258,-0.6621060138428422,0.5630626928804349
-33.36559776044326,1.310857777832993,0.15964377993219542,0.014764784652727956,0.0053141493434653835,-1.6668506200309132,-0.5999337840972541,0.41588006446989256
-35.40742933318517,0.9119722139262918,0.09200989385972876,0.005686550009079371,0.0004784644491077571,-3.447462844715951,-0.29006839088425146,0.49420025562393716
-57.89336050979277,1.4973555185622158,0.13520941565665456,0.002815672792923224,0.010706056366972564,-0.5128334319716076,-1.9499508761655067,0.6840779311340333
-30.22842150047361,1.5560484096788192,0.1528048168065816,0.011554840576253032,0.005822308733572773,-1.4087514096228764,-0.7098484467658496,0.2987342609924827
-17.281611736804905,1.1169211289312395,0.1783526784783706,0.07487347909904749,0.005342700516302613,-3.7435495989213416,-0.26712615221877595,0.3550599288020953
-14.458362657214892,1.6802244375605186,0.05215315141032362,0.001540307391884271,0.00022349862283011613,-2.625223444680776,-0.3809199563664566,0.06927863501859709
-34.19224000734363,1.3904197869769481,0.031554466766051885,9.93290968301537e-05,4.599224941510891e-05,-1.4695890856243286,-0.6804623209182096,0.07806045078133389
-38.48443699327914,0.9490555150314481,0.1200119386145453,0.01069273656597929,0.0011775491367552711,-3.0133870285699005,-0.331852493728488,0.6918612495368811
-50.28751249555633,1.523434577989597,0.036235452261462006,6.81145207322069e-05,0.00013756302752433714,-0.7036699255529282,-1.421120846132826,0.1324772133482566
-29.178442730015448,1.610219313044006,0.12224017553566457,0.00597646957278136,0.003081064181178182,-1.3927462052230613,-0.718005905347156,0.22510838269688074
-25.56727739634246,0.9983191681709935,0.09021974824202951,0.006275600814244454,0.0005669716032462012,-3.3269555725673343,-0.3005750988217505,0.2645540531209546
-37.47966535104599,1.73982179223432,0.034689697670429634,7.908610074599901e-05,9.450195554650944e-05,-0.9148074316843507,-1.0931262311225347,0.07225079780091072
-23.11833221114344,0.6105437482075101,0.13666102490435392,0.06987573383038244,0.0007149622015633411,-9.886023757704477,-0.10115290277556432,0.8900605531759351
-20.29785827672162,1.1374725533319212,0.044731360876749775,0.0008823527807571434,8.576409115619739e-05,-3.2075126990091145,-0.31176805638491356,0.09463749297246572
-40.98274497155046,0.9123975379555725,0.04652538797445424,0.000688937618768122,6.006040379625104e-05,-3.386848934190965,-0.29525969992484336,0.3497988142871176
-49.40289272295761,1.143612673980229,0.1278341244117803,0.006135268787772433,0.0029134404204603967,-1.4511547455521625,-0.6891063844603983,0.8034541125682884
-13.275768374345205,0.9521925019820254,0.12744086626528645,0.05286930865790299,0.0016221407137537774,-5.708967272577084,-0.1751630290128796,0.26749570574902043
-28.80638013430847,1.4838731929608209,0.12646592139266646,0.007618103269322754,0.0030123759513996724,-1.5902625874854157,-0.6288269672376802,0.2508990934667419
-7.883777784422563,1.6631366790090114,0.19577405020399413,0.2588888973296905,0.011781079489041208,-4.687747055970359,-0.21332209013419157,0.23722248389075457
-65.03435053253823,1.5970569606999674,0.04698959184684105,7.716835892997143e-05,0.0009527913567552726,-0.28459071574014355,-3.5138180716797818,0.2899802341480611
-15.57628545817147,1.7083791585432004,0.04437142610689238,0.0008105564176667192,0.00014072802697418993,-2.3999451984795805,-0.41667618103676807,0.05931822034286029
-11.556294189355157,0.6879890146616761,0.12754596739818766,0.10387127266113759,0.00107596678671825,-9.82535596715587,-0.10177748300853352,0.35879208825003994
-44.764933386887904,1.9243591559804898,0.053162368137565544,0.0001763047818262052,0.0005122135362335069,-0.5866870743557749,-1.7044861625732468,0.12041124026710712
-24.98788215778776,1.194570210128871,0.17877889328018123,0.03758951389205628,0.005925039347995631,-2.518765495666687,-0.3970198899899222,0.40802056954184357
-14.122569964189879,1.4453532424594826,0.19221470632175391,0.09629202755461333,0.009354430823944488,-3.2083850341232925,-0.31168328905799647,0.2842151069050182
-41.22353848629281,0.9180652708345098,0.057238927562192066,0.0012537040813868493,0.00011417808372291585,-3.313646262859456,-0.30178236319560153,0.42859161799468815
-24.37126921101988,1.2580964818390794,0.05850593341535851,0.001267126035057708,0.00022402074242877342,-2.378295373461937,-0.42046921974387147,0.12375999931986206
-25.164801751040343,1.829327470084106,0.08973587534444472,0.002576058994656101,0.0013684362080786808,-1.3720363702102996,-0.7288436529176879,0.13519738146265856
-21.277990248043636,0.9071591263465644,0.17358089155381035,0.06799450078746629,0.003518080453490247,-4.396266499966919,-0.22746573712206133,0.497499494095343
-37.25496360188552,1.6627869797880794,0.12727290978940123,0.004234602248884819,0.004323151479699927,-0.9897057315617647,-1.010401342651609,0.27693823079752866
-72.15386773964185,1.4933193923880528,0.032159617711880584,2.07775546321468e-05,0.0006256781334789571,-0.1822307773673941,-5.487547243372109,0.33852856029968154
-12.202003184147003,0.6729061517086175,0.10513623533097212,0.05509039827249207,0.0005744404696712276,-9.792992947296371,-0.10211382826289872,0.31146834730537204
-15.082059550922892,0.9400627591879949,0.03625970294505666,0.0010000175473886693,3.600498819088563e-05,-5.270143902990331,-0.1897481394070834,0.08119968713324349
-20.14269231362502,0.8567960546579296,0.09311854052151923,0.012474844379310982,0.0005000078801034063,-4.994926981704961,-0.20020312682502148,0.2764741545235021
-24.229972616926105,1.15012963326276,0.1189017140533582,0.012303432503937742,0.0016397880175894834,-2.739171921923437,-0.36507383563489637,0.2776283062870226
-6.558152471954031,1.5438181523424133,0.02292953287978502,0.0006422403935200529,1.7577441388637897e-05,-6.044647494812711,-0.16543561900973752,0.028606931234908206
-51.714148973323944,1.3767066420672347,0.15931978797703683,0.006872120309593429,0.010061535915109419,-0.8264436291309772,-1.2100038826017947,0.7336243702069762
-26.051559973188233,1.278970861123538,0.024078501372051513,7.742866544382987e-05,1.616782317566195e-05,-2.1883919651204833,-0.4569565306117107,0.052323454043232576
-13.432168363396755,1.3316293961689676,0.07477216912574589,0.006854381730814553,0.0004994433618969526,-3.704597429028275,-0.2699348631417429,0.11648817370190749
-56.065063355025046,1.5206465916386844,0.14427455090188193,0.003524713556913955,0.011927308506872354,-0.543614069202836,-1.8395403221745446,0.6584010538219753
-34.3444153326315,1.0812508033081525,0.0509594021059058,0.0006638945005649631,0.0001215706913667643,-2.336872900466689,-0.4279222887133885,0.18388993028921716
-36.425796968896194,1.0452017295950293,0.10834121794014974,0.006428968332981541,0.0011019943657207243,-2.4153549191962256,-0.4140178290372236,0.4541550548461888
-34.86689330992186,1.3952560018256697,0.18872179784111529,0.02048961550494612,0.010022278205421323,-1.429827604514313,-0.6993850145589281,0.47411903576299275
-9.846397282512896,1.4039966158197599,0.13417781585927668,0.06600976045324271,0.0031141246417701776,-4.604008140244466,-0.21720204863645212,0.18798596345786506
-44.92698075300527,1.0104509654997926,0.024441574057926914,6.813007923805328e-05,1.2516962385833584e-05,-2.3330281203473846,-0.4286274954333175,0.17079226802357816
-65.24433644370265,1.789775085298301,0.10994633474533105,0.0007654552825388229,0.015958315312742243,-0.21901123357762828,-4.565975834502349,0.5642898035065528
-51.70955128377471,1.7681868480731424,0.04753309505074899,0.00010985962157006073,0.00044385581093057334,-0.4975057383190184,-2.010027066981817,0.14698199200266904
-28.657844495474208,1.9995722765943391,0.026490899989352775,4.666340535277962e-05,4.1820750843852265e-05,-1.0563122143248245,-0.9466898010255251,0.03971838312750863
-8.382620610814428,0.9207863081217341,0.14714981836607158,0.19138039354417377,0.0025502155502327753,-8.662839674396427,-0.11543558897385156,0.28027905071329123
-23.48715777498066,1.5379900495797714,0.09084718198881725,0.003799522701460968,0.001107408973418095,-1.8522964854094328,-0.5398703759776121,0.15378147392506333
-13.922296106159749,1.2213621682722209,0.041555148897299415,0.0012267380872528722,7.696336433173022e-05,-3.9923986739489954,-0.2504759874120666,0.07031090789826441
-64.84339237658915,1.259561104229844,0.07450214086593743,0.0006054001279116888,0.001907918640282702,-0.5633020459930571,-1.7752465255777279,0.8059438140770775
-66.06753988466846,1.8331816495475577,0.07749859511662151,0.0002458882517653466,0.006408943977414966,-0.19587348569529597,-5.105336214599339,0.39835633906231177
-40.84907739751158,1.6885934702750793,0.05150717985742613,0.00023355398438149638,0.00032660978254548924,-0.8456273991377405,-1.1825539250734642,0.12139087598272316
-44.86875190649218,1.2482433866402316,0.0539681236528058,0.0004123892643749549,0.000239654544902168,-1.3117795031574782,-0.7623232392280722,0.22786199380172323
-43.88814947552895,1.8175743157803432,0.08200598662845873,0.0007355532513348726,0.0016564317878483216,-0.6663774336824724,-1.5006510566750346,0.19317962470451633
-8.050073927329379,1.5652504107480445,0.19057583710657294,0.24520450435560495,0.010162139721954594,-4.912150235329257,-0.2035768354167553,0.24074050741292824
-31.061059943550255,1.3582449547211877,0.06300608830261831,0.0009555508650659289,0.0003351580113906037,-1.688504033949998,-0.5922402196817098,0.14662707781203144
-42.83700825285362,1.8191519689305027,0.09322768162100914,0.0011282037090414958,0.002341099603237534,-0.6941987317305622,-1.4405096902253167,0.21310396373002324
-61.067278208780955,1.5237339290031024,0.0997195466366528,0.0009657112229161057,0.005679779621371759,-0.4123423072572535,-2.425169531236378,0.5599676830172696
-22.63973355445743,0.6808661615239805,0.08633638417186791,0.013545368302735474,0.00024224022191608545,-7.477773067598571,-0.13372965332861356,0.4237150170046583
-14.246690205153556,1.1984127650103997,0.11012979302744269,0.022446754186265024,0.0013969936281597345,-4.008478538310545,-0.24947121219251195,0.19080725133538692
-12.376860982517115,1.0810893946465305,0.13171598905886073,0.056053115754188435,0.00212542821175926,-5.135428165304767,-0.19472573032099924,0.2396802825610931
-6.157354381193443,1.9117604139877782,0.0930091699246742,0.03853337011070438,0.0014773127485991854,-5.107193047479656,-0.19580227156157512,0.10139663698457495
-6.32249876716007,0.9859693201277246,0.09763477960159538,0.0870899908707244,0.0008302126992889536,-10.242110013068203,-0.09763613149283412,0.1674489082799383
-8.525065042401394,1.7223533885780036,0.06750985030425655,0.008796257464974751,0.0005007401521298845,-4.191242196374107,-0.23859274963043456,0.0807131849743464
-69.66548480541461,1.5018858050878043,0.05950212207851835,0.00014757271700420956,0.0028324907739215124,-0.22825420375022262,-4.381080319967709,0.5313873131838258
-57.165010514297535,1.8806007094400894,0.17615471925945367,0.004035260413315769,0.035672913672426046,-0.33633068517241266,-2.973264242860777,0.6058997945457744
-38.53263094516539,1.1118868915720133,0.15452607264793428,0.015212074452836658,0.0037688293057609994,-2.009051118125945,-0.4977474146764399,0.628643390591887
-16.56522816483931,0.7414211353722641,0.1545010124659126,0.0953026739765325,0.0019111182565987746,-7.061691850617215,-0.14160912443561197,0.4841976786513557
-39.32266982733463,1.8196646840913062,0.08200806007563138,0.0008958887667202688,0.0014129095457142884,-0.7962874406790378,-1.2558279195603606,0.17071224561516518
-16.105013165390105,1.2274403753654224,0.1933053369611085,0.09492761970206715,0.007738136333211282,-3.5024997024487945,-0.2855103740054121,0.3417565331928679
-36.182910495408635,1.5749980556967933,0.08839948347970455,0.0016247276411069697,0.001293548625019459,-1.1207246009531728,-0.8922798688897371,0.1988264489474757
-24.865292936027494,0.930038038185613,0.08310797291501745,0.005780780381782511,0.00039162032395385264,-3.84202887066323,-0.26027914772732436,0.2633584623694738
-57.79753528174807,1.6365747812189813,0.12989274078447133,0.0020636962317533447,0.011445530159802446,-0.42462438270754455,-2.355022558110468,0.5607146859302733
-52.156052218379216,1.4446816620873777,0.0706256505544842,0.0005291324564138781,0.0009992070656637056,-0.7277034812754023,-1.3741860877831171,0.30270424613567115
-49.63587766800997,1.6813438438095565,0.04544306008673407,0.00011386435476566494,0.0003176144716231084,-0.5987475559299826,-1.6701529552747596,0.14047657633764576
-22.99887711919738,0.8763644433123685,0.19307735668859577,0.08936823991389632,0.004481563474688279,-4.46556922720269,-0.22393561696644382,0.6211420916856123
-22.0735259244074,1.446542217099568,0.16571539222562398,0.027889308978939514,0.0061228585935284045,-2.1342326624245525,-0.4685524767782206,0.2877992638329453
-9.384585744642578,1.0456954732469552,0.059209918163105,0.008726753406199453,0.00019077433399317505,-6.763420337047154,-0.1478541847417679,0.10354321546505353
-12.790843818227728,1.4475025783699038,0.09870708363285917,0.015605439963802302,0.0012714921063423945,-3.5033310192780096,-0.285442624318751,0.14230056340816719
-60.159514163651664,1.7875140081387937,0.04489856099691661,6.505465439182385e-05,0.0006759664890884246,-0.3102248646753546,-3.2234682447085086,0.18571741860530744
-16.514109794903227,0.5800264735177728,0.04109339411022771,0.0027839050773320675,2.3289583252351252e-05,-10.933176341371155,-0.09146472797808981,0.18693878825951388
-66.53809457404344,1.3928235327749743,0.03241150116425157,3.387948440554828e-05,0.00025653205914224423,-0.36341058485944666,-2.751708512801744,0.2904331855642392
-48.98240515175226,1.9757307503474095,0.15770323980775547,0.0037025036144772024,0.01694446398768057,-0.46744856189069534,-2.1392728131525036,0.39114378648877596
-46.260552504190535,1.297257097764123,0.161466776090037,0.00970085851883922,0.0073213301437120605,-1.1510921436108714,-0.8687401834427354,0.6698819366568102
-61.60557702325927,1.701007729939131,0.14516769001942353,0.0022888794479168496,0.02336475563507605,-0.31299027103592747,-3.194987488557471,0.6878053927150939
-26.731609899801008,1.3927714597836531,0.029592532122020496,0.00012131179566242728,3.4300870683516015e-05,-1.8806108764862632,-0.5317421123653192,0.059607673790557335
-16.149901294834713,1.6746324723844888,0.1501919004467367,0.030120099115705564,0.0053386562519267865,-2.375265819598876,-0.42100551094061356,0.20572218669108347
-14.406864510832122,1.4833912030329308,0.10075318552310371,0.012961562695339348,0.0013897183618846373,-3.053973642784485,-0.327442249661409,0.14675280039310887
-54.55083906975793,1.5366980218062931,0.048420995948588896,0.00013740904214783474,0.00042018363918034594,-0.5718578498982259,-1.7486863215709483,0.20446104854824385
-40.18622042841392,0.8417167266295761,0.07312268188722838,0.0036517216575520624,0.00017226435446634396,-4.604167586702021,-0.21719452673448472,0.6923110375698608
-61.36951971007613,1.6127313703593766,0.11020643118793298,0.0011326377337087874,0.008942757623442254,-0.35588508142265446,-2.8098958124417277,0.5652543002360213
-9.498574189436397,0.841680786441807,0.10545351350729588,0.06276670603235092,0.0008270632088150339,-8.711547677430458,-0.11479016553978824,0.224508508155047
-13.40083785458151,0.8550260053964844,0.08698709184538586,0.019125765042559306,0.0004456588673981667,-6.551008033392416,-0.15264826342796492,0.20481023125742978
-21.698096500423084,1.7880096807257961,0.14116977721424662,0.013483609972223393,0.004974404651813544,-1.6463893017748212,-0.6073897582558341,0.20289586008845267
-43.20440633660961,1.0413541902369245,0.020439070472948136,3.7223556024090546e-05,7.865317137506592e-06,-2.1754585382396145,-0.4596732056356276,0.11952408967216857
-40.26907503631265,1.5719602417685405,0.13132526569413375,0.004468801637707034,0.00471907275108035,-0.9731218014485377,-1.0276205902605953,0.33210508005719647
-8.581271311573758,0.8534869333535504,0.08635792594791745,0.040613173481003885,0.00046915518844695836,-9.304117819991689,-0.10747929243235801,0.1769274433366317
-8.509585632110827,1.0556743867969218,0.11098679370459559,0.06802808688535408,0.00128285875173684,-7.282067633443424,-0.13732363531031042,0.18889214038839855
-64.42120599863456,1.4318497673204953,0.11618239525202913,0.0015706902254582536,0.010324691396241798,-0.39003782931900177,-2.5638538747535846,0.8714556973401308
-11.236369427810317,1.8092082979930968,0.030176642390974152,0.00043972099343247577,4.701401760285089e-05,-3.0582636122163946,-0.3269829311003301,0.036298034948216894
-55.88502563882512,1.3732506023668676,0.0736614246022427,0.0005997029617114311,0.0012354707494968346,-0.6967097094857596,-1.435318018946655,0.40620288625894435
-34.39030910640563,1.1179620860179817,0.03407166794804589,0.0001849616661234164,3.893311124230933e-05,-2.179622633839174,-0.45879501546495044,0.11636955834701973
-45.123940100804525,1.1976528926961438,0.025697032528677305,4.8755384979703935e-05,2.3623452873223437e-05,-1.4366123884016366,-0.6960819829157898,0.11907367986250121
-40.10854314904489,1.717822251061892,0.1490363739919424,0.005682122578133819,0.007943762808525054,-0.8457503089296908,-1.1823820688466722,0.33740566173504777
-65.95707915384939,1.8710070581764513,0.13251981160432472,0.0011870136303013448,0.03295886609405361,-0.18977618939390686,-5.269364946117455,0.657312416556601
-5.854707611031756,1.8659960633750654,0.11584870569412994,0.08426613959314544,0.002786015832944077,-5.499646295100133,-0.1818298752941516,0.12761385318017393
-18.62690984721028,0.8359015875384495,0.12251972651903158,0.03307514997273632,0.0011163115453641436,-5.443249017221469,-0.18371380710972038,0.3549487845352333
-24.378902545136356,0.9661104016646853,0.13496426864956165,0.02375139174534284,0.0018002357307396407,-3.63228437719254,-0.2753088404308581,0.3971393864942271
-10.950060629482408,0.9992080581839005,0.15474453735995883,0.12459106424020136,0.0031686281167620906,-6.2705814297751274,-0.1594748447491035,0.2920698283511285
-54.39596994637043,1.4496586055969531,0.07057604932935228,0.0004863160813045131,0.0011341373100747661,-0.6548268770942111,-1.5271211903174957,0.3284583102312882
-54.31972423920285,1.8790953865516153,0.025741497518665207,1.4133871542934762e-05,9.170620720337786e-05,-0.39258274181868674,-2.547233725474991,0.0802386072894594
-20.415722712808673,0.6546492051279649,0.0895837871499168,0.018106003186290756,0.00026710148213573585,-8.233284966722245,-0.12145820338320079,0.41487263656982026
-23.687106144135527,1.7824176929457998,0.05249413328351424,0.0005944633175636651,0.000260069244035732,-1.5118824744910366,-0.6614270731173348,0.07851997033541643
-20.47734621032169,1.5556547116490744,0.045440856728058435,0.0005956321913336899,0.00013761501577653118,-2.080444662783773,-0.48066647380177535,0.07151590720127413
-10.716251293011481,1.393249558865177,0.09707504609302896,0.02153251362871461,0.0011642927088364552,-4.300473506486092,-0.2325325335667741,0.13884094526822927
-58.932771052688366,1.4228450758029383,0.13561011274863158,0.0030974995497099565,0.010276627274346332,-0.5490100863350291,-1.8214601605511447,0.7941997206584632
-45.63034688476145,1.494391550840928,0.06429025648762858,0.0004664713397088498,0.0006057818453744719,-0.8775146099294295,-1.139582166136722,0.2060580323230636
-70.32274571134687,1.6502922804542197,0.10801353337399691,0.0006753259052074441,0.02339252630449133,-0.16990968762213818,-5.885479597984419,0.8261329132980657
-10.861066238375372,1.6610361289886557,0.04129285204380813,0.0013225007724847434,0.00010946163541164886,-3.4758978187591527,-0.28769545370496136,0.05226510078773419
-56.06326290439475,1.476169753361214,0.11860548267994718,0.0020931042241316383,0.00619931115296241,-0.5810636524705923,-1.7209818506942494,0.5711459338364826
-25.536490371207414,1.552822580621887,0.1452813467978036,0.013272945633973056,0.004682220652232607,-1.6836728922735695,-0.5939395975245744,0.2549800645095856
-45.417542738381925,1.1042590099900527,0.025802225521335067,6.063291481985379e-05,1.9470934962857266e-05,-1.7646591009126646,-0.5666816891051704,0.14553994027365416
-30.50365241530409,0.8524183178796048,0.10077345184622277,0.009924575973620672,0.0005517279026988646,-4.241246421437035,-0.23577974506399377,0.48375614380897786
-35.02284824630072,1.2976682649269142,0.14314734865745116,0.010076700599155242,0.003865609930370753,-1.614545034598328,-0.6193695304688626,0.3982166089459666
-8.745417903167223,1.5893430454775985,0.07386141810829816,0.01198633808885014,0.0005998414212689214,-4.470180251802861,-0.22370462569080782,0.09331133680144195
-29.14294543401288,1.259817167484508,0.13711431297473378,0.01228407876727222,0.0029900605581847247,-2.0268952463654437,-0.4933654079031289,0.33109060835287424
-16.54943290190684,1.2300649012152425,0.09054659130430362,0.009278944826460644,0.0007966598621229444,-3.412815635519071,-0.2930131911001707,0.16139628856559649
-46.27754836829896,1.1561669007498754,0.1669147884326636,0.014196957291553397,0.006105167469646465,-1.5249262737841822,-0.6557694081291215,0.879190625601625
-13.063423273450525,1.879209962765137,0.07459397747958033,0.004787110827579546,0.0007423241116540775,-2.5394517022603593,-0.3937857920707461,0.08984297497193057
-23.77860358078494,1.7599011412957823,0.19870941168326528,0.03255344391597067,0.013890504494351903,-1.5308740473481333,-0.6532216035226782,0.30089043424421646
-5.6144212626778796,1.8186701768549576,0.18355148655583503,0.373655509705322,0.010796391437772654,-5.8829666198624135,-0.16998226653602655,0.20463918010205764
-40.14396413020672,1.4442748571051562,0.10739025926172609,0.0028487073395666055,0.0022168700355546696,-1.1335842432857322,-0.8821576392959258,0.3025820965081421
-30.500321089913655,1.4525118737912095,0.15010938483957115,0.011972340564704616,0.004996709331457959,-1.5479163514036052,-0.6460297412668515,0.3182560439147002
-57.313978914655394,1.4137980255739229,0.11432160103138075,0.0019908446277839068,0.005427917437279116,-0.6056225914650064,-1.651193357204511,0.6315389985026584
-8.934830025050573,1.1523262316321843,0.15696749939546473,0.15886242808070214,0.003999791988432627,-6.302195843830976,-0.15867485314326896,0.25119512202217004
-24.611696548502856,1.3880043311733055,0.024180059928267654,7.627610291131924e-05,1.827778910471507e-05,-2.042830893503606,-0.4895167794750382,0.046374100527210395
-26.01630987338403,1.7774627394451228,0.18517045387382292,0.02215118446286619,0.011712315735926175,-1.3752355523550057,-0.727148158937254,0.2906797063866813
-11.968525481786855,1.2871927255001272,0.17975219873634637,0.12235365781132568,0.006698973331480153,-4.273703162613021,-0.2339891101347763,0.27968142605999824
-48.55242590541423,1.4224816444244677,0.10323810427371555,0.0019264461934220612,0.002552927378459902,-0.8686787771086629,-1.1511735135609398,0.39661830871086284
-31.469615139250614,0.7972568444336534,0.07199352565608322,0.004243303056106376,0.00016551023079044492,-5.063369286574201,-0.19749695181261112,0.42896703524659807
-54.32281750249594,1.8435962573977225,0.18211613295124915,0.005176656852585649,0.03140001120732732,-0.40603155586819506,-2.462862764106486,0.5819004314236568
-46.996241882483574,1.8267724810500119,0.08488717310540744,0.000712098998006331,0.002111944508762763,-0.5806693941064781,-1.7221503494923804,0.21738667717409912
-70.5644736265786,1.6444854039995527,0.027993260653007026,1.1701086343655006e-05,0.00041766749446196783,-0.1673777608015934,-5.974509368573655,0.21854383668986507
-29.938255763993155,0.7261162494141403,0.045075858975475495,0.0014034426293034986,3.1955944272040254e-05,-6.627069183444074,-0.15089626685929694,0.3122746670757011
-30.83616962427108,0.9743490652793527,0.08567053227390914,0.00444991596738009,0.0004586553977207607,-3.114817818583927,-0.3210460637645333,0.32133937148333475
-30.281771434242856,1.096925849405412,0.12931993203398193,0.012392958485671585,0.0019903981101750757,-2.4952698672532483,-0.4007582558999053,0.39125568772099173
-55.50898679961651,1.9983373231316348,0.03179497407766404,2.2819700299652594e-05,0.00020782705018473354,-0.3313629374299531,-3.017839012884144,0.09560171330864574
-21.638643309199075,1.7459522404742853,0.09356269716192984,0.004065422731977049,0.001404487924386069,-1.701350726346789,-0.5877682858179638,0.1368911184235388
-15.452719895290244,0.7386766206357092,0.19860858716101926,0.22523611829912146,0.004131632094994836,-7.383430578655706,-0.13543839673807417,0.5975059421339459
-61.49897170803895,1.9703669379139213,0.09073764285516897,0.0004228674124871971,0.0075054663366705176,-0.2373631345160311,-4.212954138977557,0.3458309956076196
-29.911313086401023,0.8382851874246273,0.036055175374539915,0.0004810746181571112,2.4442744881788558e-05,-4.436405494141464,-0.22540770930893472,0.17380981416344388
-58.73594250505781,1.725230101218652,0.1705192956537026,0.004045933805988184,0.030874704501682376,-0.36199950921141133,-2.7624346844514367,0.7030754074749187
-29.39475894880416,0.9120282990212447,0.1870817232984195,0.05622077135751535,0.004170089906871459,-3.6717718734904152,-0.27234807456853033,0.7422617624354173
-11.725481736106062,1.3239048524024957,0.13457783060939685,0.0515626068785345,0.0029099033385227963,-4.209477103893369,-0.23755919685965135,0.2038300480159496
-39.34407237869606,1.4039609784886775,0.025990682578337147,4.387356003790017e-05,2.9228221956694003e-05,-1.22518096162459,-0.8162059575868695,0.07428691434206325
-8.530814863582577,0.7529281427473518,0.1742619205140071,0.3933624543359834,0.0033079681586824605,-10.904751977459062,-0.091703140251798,0.4011810408211728
-55.963162874148786,1.8828819811614346,0.05511447184181237,0.00012944225849599863,0.0010064580399551128,-0.3586247051354111,-2.7884303163732556,0.1813384158126427
-6.790370698121919,1.269431675766951,0.1285634405320786,0.1311110043814121,0.002498461249886827,-7.244080422283229,-0.13804374630131652,0.1838519143882082
-50.02428986272723,1.4353627215540266,0.08455612742542307,0.0009885771760520124,0.0015252715874380385,-0.8050663964346254,-1.242133573614141,0.33789660305318986
-28.592920942923932,1.0362322630971812,0.12731125711915559,0.014185338603744359,0.0016998680879663451,-2.888765195695347,-0.34616866801432533,0.3947258936785505
-49.99539153989335,1.2547657553483194,0.0824723600143122,0.0012574127586288753,0.0010320604114975923,-1.103789787735851,-0.9059696068136762,0.427151386281677
-14.366929000811623,0.9414844622522505,0.05892289387451696,0.004642343707043724,0.0001560283195692667,-5.454650514603774,-0.18332980221605272,0.1290222485475536
-34.232941667506566,1.0154688885946463,0.07790382359468026,0.0027271341470226653,0.000378925852963973,-2.682724850438096,-0.37275533487405443,0.31368490347267275
-46.70428352030177,1.1791263114062858,0.13951230411933968,0.007789182341658843,0.003799978398426052,-1.4317110319740047,-0.698464967907125,0.7165526774344262
-9.80468754232055,1.2586005307765333,0.1418373620611059,0.08909434930838549,0.003245600191255701,-5.239351915754737,-0.19086330066758808,0.21549097640881698
-15.951171788957822,1.976471017672758,0.1534370484843378,0.02702568939149741,0.0069154256909339466,-1.976873733525285,-0.50584920171747,0.18645733540077966
-39.158869846899535,1.2319642473239707,0.1673331302458031,0.015172401614260419,0.0060350181554517865,-1.5855789609218212,-0.6306844532161436,0.5807470560917019
-32.58481249138532,1.024998849061959,0.025490913804315053,9.892083543343576e-05,1.3469105451998632e-05,-2.710032575150724,-0.36899925453640825,0.09406373080514333
-54.94165497809333,1.5759660780596065,0.08040761289830915,0.0005884102374560206,0.002077539704784414,-0.5321884486977594,-1.8790336439036845,0.3304561878326389
-11.549612355834796,1.3720269613250649,0.08491114826962667,0.012768902273228135,0.0007627873382602938,-4.091429232853899,-0.24441336830906618,0.12469593954109094
-10.709412537612025,1.1250515353520107,0.041135039877514365,0.002108692588185297,6.891248833827423e-05,-5.531687909058408,-0.1807766483648601,0.0696468104302633
-16.750783567851578,0.5773693166067095,0.05732233121090127,0.007509077299414851,6.202997336412598e-05,-11.002528195561975,-0.0908882015320228,0.266785975727936
-6.634667692657899,1.899612862217667,0.024421051083823857,0.000607450243674497,2.6513117242434143e-05,-4.786576002636784,-0.20891760612369453,0.026869591090702513
-24.125635566523364,1.1204047104393295,0.036753889043461316,0.00038110693976110566,4.648055221227341e-05,-2.8634380326853686,-0.3492305363640739,0.08828830397513375
-22.649957857850026,1.6758898036267493,0.06793402119041807,0.001511478231787483,0.0005148599352235942,-1.7133906774659253,-0.5836380535693018,0.1048145449273918
-22.805743102801948,1.1244702330977003,0.1675946478144315,0.039197362632599216,0.004428149531843667,-2.9752076665146854,-0.33611099193336397,0.385453578686116
-43.95442767932701,1.906040482368177,0.11479475178869607,0.0018651794796023763,0.004914170225174199,-0.6160773130723861,-1.6231729018116023,0.25696564412902095
-31.638560423053214,1.6382963603889296,0.11747190085850095,0.004503508022783527,0.0029256574785610314,-1.2406912818438114,-0.8060022784345544,0.2253714268736979
-58.30098979232491,1.0155009729212854,0.04367250681601273,0.0003671495537081752,9.4548766084021e-05,-1.970577726350202,-0.5074653928277908,0.760952457764507
-36.0528969427959,1.992234760121335,0.060054024978309375,0.00036014484712826956,0.0005753119356726847,-0.7912011513898838,-1.2639010929689931,0.10562992236489194
-49.251320883121764,1.333421788535528,0.1279914522702216,0.004141183329027074,0.004341310080437184,-0.9766789444833571,-1.02387791366689,0.5675398203200058
-63.58575434040259,1.5340706805052222,0.10309238591408237,0.0009517690530272869,0.007946137844181784,-0.3460889573091553,-2.8894305318927507,0.6413725865465458
-18.795798743537667,1.4651933512304147,0.08976531126095368,0.005770844873576054,0.0009744754952510135,-2.433516183765585,-0.4109280253286073,0.14373447967537498
-15.457256052921807,1.7418862207348584,0.12019505111872185,0.015969903660728816,0.002861271412460344,-2.3624989286793885,-0.4232806152250783,0.15814188896363918
-20.18668732394356,0.5342003713624541,0.10646660281594082,0.0502956508168844,0.00027604107861493854,-13.498277687967015,-0.07408352555166693,0.7600080242288464
-17.061960032425667,1.4216048765964802,0.14899574571425206,0.03255751249922609,0.004271201221788172,-2.7608994608707604,-0.36220080237351704,0.23633905450480647
-21.92480741127116,1.1758097082674892,0.1512327298543473,0.028681843517033817,0.0034765793428665113,-2.872284524760165,-0.3481549238522948,0.3226061898048406
-5.104286374106309,1.2649833942677968,0.16601144438524476,0.4895534775587011,0.005445073691556425,-9.48196153303151,-0.10546341034145565,0.23136728963535017
-65.55568825768177,1.7550218284664998,0.08867543069731589,0.0004121910242794234,0.008311744713951663,-0.22269125731940367,-4.490522044005126,0.47632720279770613
-48.28997505899049,1.4182248135642712,0.08566161352259587,0.0011172588602732555,0.0014333890226148464,-0.8828661516382899,-1.1326745261944304,0.3275836637153514
-33.52486055226039,1.630052920925818,0.10958002892155429,0.0033366311417640866,0.0024477582646312457,-1.1675348066070659,-0.8565055143033096,0.22136698791033066
-10.032441319006011,1.9040712805022348,0.10541460706445845,0.021972175939053595,0.0021222211659598384,-3.2176678643975647,-0.31078409647703875,0.12080034239543315
-69.65018619890711,1.4022013027617193,0.04794954275864244,9.386549766425403e-05,0.001217982684767127,-0.2776082934691914,-3.602197857647861,0.5048397607088628
-20.69465195780046,1.650052381148429,0.12217964715451696,0.010536577123254988,0.0028888498398161634,-1.9097973707617217,-0.5236157590902696,0.18382607088293706
-13.636320537022954,1.2592222334608927,0.17321983545248676,0.088790968863369,0.0057958750894234225,-3.9140366583673734,-0.2554907087705001,0.2838094637798688
-30.241005707818495,1.4339445111211906,0.12965602878669952,0.007979679464311934,0.0031447898587829374,-1.5929307944600433,-0.6277736631609101,0.2769869456316681
-17.560303630699465,1.147475312151879,0.17699018820696721,0.06865857564937862,0.005410935958747621,-3.5621417524086114,-0.28072998479744116,0.3454269700126895
-66.77327149939431,1.331447202919397,0.08277319070349168,0.000642050301581851,0.0038139484356055305,-0.41029584465878066,-2.4372657267139575,0.8475563677990636
-48.237845399025964,1.3288219096594698,0.1747831601523502,0.010965303953128377,0.010534074125713343,-1.0202630354804862,-0.9801394005508164,0.7493099681170704
-42.44253881897913,1.1592226498683385,0.06629549256642554,0.0009747366518937427,0.0003511902383656299,-1.665990154064727,-0.6002436434334101,0.2929715528951644
-28.537781328863716,0.8207272321883463,0.12983758519959354,0.0245631485677475,0.0011072683844788474,-4.709942092332562,-0.2123168354082158,0.6077267381007505
-31.048494884805862,1.8750426171280248,0.0707247042215844,0.0008382011039208726,0.0007646955277845676,-1.0469593965676305,-0.9551468789319022,0.1176696420156791
-5.596849585395887,1.9648699851850011,0.13692211023479917,0.14383394210308922,0.004862622746643302,-5.438703749218346,-0.18386734157816936,0.1460575639796882
-5.043356808185919,0.9494703445281036,0.03685570481846394,0.007489820361468717,4.3636915200477875e-05,-13.101127703035207,-0.07632930711516725,0.06333116632668317
-25.41175257734612,1.2166283830294307,0.12571529216175864,0.01237535544321721,0.002123240943595735,-2.4142331035415188,-0.41421020966578026,0.28424797571717336
-6.750194133755812,1.8117583986697676,0.024655232454229667,0.0006358579623560583,2.5927429543726808e-05,-4.952224513816737,-0.2019294555830403,0.027929056205263585
-29.580167658241642,1.7641569164141433,0.046247631215854595,0.0002778551964958314,0.00019106950746466882,-1.2059063156433099,-0.8292518141979662,0.07877613081377649
-53.499672869864916,1.432220836302716,0.09837720955930558,0.0013947842859160617,0.002842655824193504,-0.7004729722253213,-1.4276068308861598,0.45168446426373166
-20.94020940263733,1.3444367806794373,0.1899162418315454,0.0507437099574387,0.008299390559686735,-2.4726805163014,-0.4044194118113511,0.344503375367578
-17.590994353851045,0.9784543888739632,0.06100292479768496,0.003503560331988932,0.00017723312467547237,-4.446132009331541,-0.2249145994543572,0.14093309078596292
-18.407691005161595,1.894138107569281,0.14165102216634531,0.01713496895617294,0.0052516462203500616,-1.8063168366539417,-0.5536127326656715,0.18416388248483107
-48.75005014700899,0.9967673674431987,0.02897183792621745,0.00011581185803862619,2.0779079845495625e-05,-2.360822625675457,-0.4235811657870269,0.2688126046326114
-55.88407383193254,1.7524166189794201,0.1492579613480471,0.0029430726977474507,0.017423704504841597,-0.41098904553256554,-2.4331548757076615,0.5400629540643644
-23.83844152497089,1.8438552769638261,0.06291869362426876,0.0009688061134182086,0.0004685867355946657,-1.4378826386115278,-0.695467052141082,0.0918274560036152
-19.89579246179578,1.225002519824205,0.10127307084127986,0.009532605651526842,0.0011052399120083432,-2.9368213847404165,-0.3405041944995198,0.19630412936904587
-43.15569152064754,1.8414339042211139,0.08619555810705934,0.0008627506461725424,0.00190934862441366,-0.6722023559951247,-1.4876472703217551,0.19607479068741143
-13.022673534777269,0.9152049310865706,0.04031126179712399,0.0018219382024497416,4.8864416112979894e-05,-6.106192117492977,-0.16376818494380596,0.08742085954560144
-69.20684779410813,1.4876501392749137,0.08220475145211964,0.00040818653623346356,0.006863997460852934,-0.2438601186412023,-4.1007115291013445,0.7305053508069411
-14.069841525577985,0.6319456227865794,0.08302249249277341,0.024154662402763354,0.00024380587724484834,-9.95355912791608,-0.1004665755383285,0.2896667722559334
-47.27625052293026,1.182845521476736,0.061427521149669234,0.000650116200363107,0.00033265316115532235,-1.3979758427608027,-0.7153199428862396,0.3214682056006477
-21.903208903082763,0.9526539477792442,0.09335318169036806,0.009358358975208604,0.0005903936973633039,-3.9813374933711385,-0.2511718741917719,0.2562778677036509
-31.080679515060844,1.9092875599695167,0.1758492717558485,0.012544223424163196,0.012058507807691108,-1.0199411309486137,-0.9804487432229867,0.28810189543885767
-18.265451193786014,0.6884799602562452,0.14215620839537926,0.07404418099439715,0.0012582186104380126,-7.6712725792266685,-0.13035646819641608,0.5365305111935483
-15.439926978459795,1.600236196294905,0.09150871129203204,0.007811927825069721,0.001141395715589495,-2.6161400661307166,-0.382242530874505,0.12810567403019207
-18.265654253742895,1.0495582323642356,0.13019463916976204,0.028980527130729433,0.0018971255465345723,-3.9084548931471623,-0.2558555816400329,0.2839851948855232
-39.57936753018598,1.6194227191030215,0.04242928977998858,0.00014763676039609001,0.0001638711908128357,-0.9491742517932091,-1.05354733138912,0.10142196001326445
-18.56000905295148,0.6862250193660174,0.04925597387904302,0.003039147624992073,5.160911079472826e-05,-7.673839470149478,-0.13031286410015575,0.18967284579321547
-50.41388615459342,1.5746497636338574,0.050813230962993394,0.0001750857877498923,0.0004076367821267995,-0.6553733313123808,-1.5258478675009652,0.1772690076848176
-24.665183292022036,1.4385241853905626,0.141877769424467,0.014593202220171398,0.0038860413617612397,-1.9378563969103353,-0.5160341094388482,0.26284006702941926
-60.69110305070275,1.7558153222924824,0.024458297853124155,1.0657519403695369e-05,0.00011023966699886433,-0.31092748906299106,-3.2161839501987846,0.10616150989451151
-23.57533141748354,0.5702855340007327,0.04883194850001502,0.003916933953057771,2.5760771824224413e-05,-12.330869139344276,-0.08109728427895532,0.40198743434633105
-64.37154939237388,1.2924715933523832,0.026514123971703513,2.5374198164414902e-05,9.002991579079135e-05,-0.5308877956629365,-1.883637198235586,0.2581875539229208
-23.638189207145302,1.4868376721089922,0.09686386674217608,0.004769180137862779,0.0012836419746114795,-1.9275245063411577,-0.5188001484340181,0.16976247016506263
-18.26692828948252,1.7992556462266158,0.19730825762333926,0.049968332215840745,0.013328102151243165,-1.9362582037038927,-0.5164600455079221,0.265647927595135
-5.720865697963816,1.2957126848849487,0.1294598129251859,0.18166014423466745,0.00263422365722926,-8.30430907176046,-0.12041941013498507,0.1792588162693947
-30.984513072976753,1.3587343636831701,0.13863650113477727,0.010213525176771064,0.003568862691168757,-1.6916982977465675,-0.5911219520242192,0.3217968199662784
-46.345286959906204,1.412625119815895,0.10353188538234352,0.0021236573496317677,0.002324761123610402,-0.9557692532043528,-1.0462776414363166,0.3713626137469415
-50.53113674771946,1.5224162725061086,0.0726583401209378,0.0005452051505978258,0.0011207371257781619,-0.6974741168486224,-1.4337449603409969,0.2682579307115792
-14.368685070943826,0.6836132715957005,0.1136320506801839,0.053002215328559955,0.0007028299339793284,-8.684041415905432,-0.11515375757748342,0.3614530576734518
-6.830326562870027,1.5123906512158394,0.0665288253022575,0.01483412786164273,0.00041918366477253785,-5.948792683108998,-0.1681013364004767,0.08444639691882191
-14.5355780919366,1.8205323230192227,0.10760174235958617,0.012197534034302755,0.0021558479150141623,-2.3786303679441096,-0.4204100029481743,0.13529007665432247
-65.57744907236503,1.9613312492529746,0.046304373065795476,4.7119239060197427e-05,0.0014759814587065065,-0.17867289868343794,-5.596819704435091,0.21109230232228546
-30.79445906787025,1.0167572775163203,0.06415106434617887,0.0017140387174913903,0.00021024952026356153,-2.855241235632267,-0.35023310378135497,0.22315115394862906
-58.31873137713562,1.6299644233944757,0.07284945870948255,0.0003599394969418143,0.0020789699495498523,-0.4160932271515652,-2.403307563657464,0.32318574728880894
-24.895615191456507,1.3143114321429719,0.10982506552082993,0.007589866076397857,0.0015855950364450093,-2.1878669990186768,-0.4570661747028177,0.22459587418168958
-37.518451189276654,0.8859569816825457,0.049254725543884534,0.0009226957193966866,6.63210882925311e-05,-3.729953613331058,-0.2680998488629846,0.32356580464240475
-17.858980637091065,0.7553454508891155,0.10044997677071772,0.022862145394125205,0.00052737578383496,-6.584130031066514,-0.15188035401512529,0.3240533487651143
-26.71004211929916,1.188765554909228,0.0834102613328152,0.0034707648075317445,0.0006018552106344655,-2.4014114673973284,-0.41642176427341254,0.20137405086280752
-43.53559432832934,1.8948268159294486,0.09495292787143352,0.0010846341824394627,0.0027099555642542184,-0.6326456973589059,-1.5806635596743663,0.21149756043770318
-23.15672609503546,1.1767826683002987,0.1901854236335001,0.05219885632582349,0.0069347436870852725,-2.743565208815771,-0.36448924078303163,0.4193304452921293
-18.00413865065525,0.8676504235025488,0.08854574701736365,0.012372798446143262,0.00045080449238736614,-5.238896897319802,-0.19087987788261226,0.23899800541437544
-37.90826990824669,1.9440407782587465,0.04427769230826163,0.0001364563227559498,0.00023499905917627247,-0.7620154381128303,-1.312309370629748,0.08323141480235932
-51.09728893571727,1.8664787592467063,0.03965505450909273,5.941867675646331e-05,0.00027400075573455886,-0.465677878356297,-2.1474071380193096,0.11217338643900647
-59.69774288786697,1.1071148730069007,0.021145155020099466,2.625559418580409e-05,1.7939705948907156e-05,-1.209771267048534,-0.8266025382134338,0.2671151882126375
-40.856114692305994,1.1730972791243888,0.15391197933890996,0.012418213974012528,0.004372744800695917,-1.6852040855401371,-0.5933999380730688,0.6221381262386565
-29.251071311777174,0.939270258882063,0.1611555057817266,0.0339389147843957,0.0028397587596989114,-3.4570706239248645,-0.2892622421652135,0.6023834969227623
-64.07921458694427,1.3412923594045818,0.07900641974035118,0.0006030781509931713,0.0026090247712240973,-0.480781442408223,-2.0799471689069846,0.6833149498539751
-12.911637671091427,0.6481472865703434,0.08005152970865786,0.023580453926231013,0.000235264434273682,-10.011472098641136,-0.09988541047182568,0.25604855474594607
-67.10297360472329,1.2207705722290227,0.028828853673401253,3.66701386073387e-05,0.0001218622953021295,-0.5485567947006671,-1.8229652966848648,0.39831947140714713
-13.230202863228598,1.163423547683958,0.16863855138336067,0.09537309349427017,0.004858759021475998,-4.430474637427958,-0.22570945143261992,0.29319722815238214
-9.834354211800871,0.7894616626517658,0.16070176841731998,0.22657012118124267,0.002684120526274845,-9.187562613732352,-0.10884279564041636,0.3676944656414328
-63.861629402846106,1.7003726654133013,0.03186585002281825,2.2036745040314254e-05,0.0003037664683856732,-0.26934183057686434,-3.7127541528111117,0.1667379309292905
-36.06715061339582,1.8731575257908224,0.1626801381621962,0.007817099035998042,0.010470080748353722,-0.864067740953948,-1.1573166692879657,0.30344062864433724
-29.035474309328166,1.1075400897514667,0.1836809640419752,0.036968195867694474,0.005769052721605943,-2.5314064033047092,-0.3950373194499771,0.5246364146068204
-63.943078299745984,1.5687219256398002,0.04087332203002986,5.544159756447108e-05,0.0005400748779645672,-0.3203987993509004,-3.121110322591444,0.24767752876807952
-72.56322720508892,1.4403830235570334,0.0749221513569395,0.0002846909037256598,0.007601677838666286,-0.19352276721993167,-5.1673506655862145,0.8843675593256761
-15.47885853357944,0.7080614047382139,0.07317328849834781,0.012015920746520971,0.0001931111702629094,-7.888143992496299,-0.12677253368489003,0.2330299309402431
-52.943098511130984,0.9589144946458623,0.025212967414633716,9.426838093743356e-05,1.1783155203171298e-05,-2.828474221859154,-0.3535475035521804,0.38476670739494917
-53.19727823734594,1.1911418994376866,0.08732063146153528,0.0015934047856787272,0.0012091752652556018,-1.1479379966739862,-0.8711271888354432,0.5956735344801883
-60.139461700881526,1.4795953764796077,0.1268851171745807,0.0022084310612818163,0.01013523939930839,-0.46679362655659395,-2.1422743223310916,0.7240555996830261
-34.21361994936586,1.2640848254239885,0.10475218884785134,0.004283959613274036,0.0014265032336783791,-1.7329510826089256,-0.5770503334084415,0.29457815380438007
-13.372591020286961,0.6544085705710996,0.13233403397528148,0.09961425566609866,0.001064872741375972,-9.671902103148645,-0.10339227892665027,0.4266554827436537
-10.275003431033369,1.7328056943480505,0.16915082188106006,0.09628777001137644,0.007896925351290725,-3.4918577881639363,-0.28638050592713654,0.20640909037432306
-33.5323057767266,1.7060506675762321,0.16002930777653546,0.009704046447057935,0.008162759485596518,-1.0903299283222911,-0.9171535826212867,0.30836481173810254
-16.071326155230025,1.8137249493460668,0.05767961940146517,0.0015655685334793107,0.00033239274170796185,-2.1702525542522575,-0.4607758659427274,0.07447532397264453
-23.429636379658064,1.4031317390025382,0.11706805302399483,0.009260116200588777,0.002088398261526625,-2.1057245318460223,-0.4748959253104828,0.2159095309987319
-18.514335632148196,1.1343589015370825,0.1820019977345512,0.06940995825428704,0.0057755399221623375,-3.4666867177574163,-0.28845987001874096,0.3682560707257365
-40.54546048354843,1.139952496331676,0.09055108191646852,0.002725387126230838,0.0008289657985002877,-1.813200347733918,-0.5515110347567324,0.3818801993107863
-49.905127686041496,1.3776031341392811,0.04034947628585098,0.00011801674465656546,0.0001506393953757099,-0.8851207733835337,-1.1297893237521923,0.17270280192929516
-8.851587596551923,1.8284943800680622,0.17303314286736055,0.12910090790627096,0.008993195510359663,-3.7888519086127905,-0.2639321947967423,0.20017725787307572
-36.73542811268053,1.0527023049658957,0.04714283299412314,0.00051630939199273,9.253394861480817e-05,-2.362133643251181,-0.42334607225001264,0.19751760379057026
-19.53567759164561,0.5746081482816028,0.14860158248130273,0.11513454297538961,0.0009417100971889453,-11.057175611646008,-0.09043900857889484,0.8449964524701484
-6.602439207467086,1.8047850720673637,0.1735203592414358,0.2323187643549197,0.009006534956483675,-5.078825308613551,-0.19689592361131755,0.19665441852535767
-42.60203398427636,1.8754348787926767,0.1833414170304631,0.008260399147465453,0.01852119063382778,-0.6678302173024022,-1.4973865723526958,0.4026986688138705
-42.97459427970156,1.2355976258894503,0.1770472825678232,0.015775074081196386,0.007848683260884625,-1.4177096715748332,-0.7053630373341326,0.7067355361494891
-7.183645359069658,1.9345099101101269,0.0315893247642223,0.001105304532156645,5.840330198249729e-05,-4.350330724499997,-0.22986758095614315,0.03461581063142948
-51.445072908714124,1.812862713817964,0.15623394982669536,0.0037703074600585365,0.016236971774048002,-0.48187663154108934,-2.075219951633472,0.4635834591916486
-50.18562315837553,1.737846075648838,0.1858749634974493,0.00718685149398364,0.023722199951182413,-0.5504170195527196,-1.8168042856171507,0.5594732933871176
-36.14354728962975,1.789565097023309,0.13184271932076758,0.0044342103631872885,0.0052211462781007805,-0.9215633948049851,-1.0851125442234097,0.25784457618009266
-55.91857801911088,1.6347034111333154,0.02810096973165998,2.2477139001317192e-05,0.00010170018704119241,-0.4701209876143672,-2.127112012323696,0.11300599932485644
-72.25373906697128,1.57952600261046,0.028352640949249077,1.2212414853977762e-05,0.0005047431504892312,-0.15554840325536895,-6.428867021915146,0.2654771110713885
-15.039154525173487,0.7666791613711619,0.07643172914924132,0.012627029664406764,0.0002514246977153954,-7.0867421619805,-0.14110856260086294,0.21585346434039732
-35.800162540439295,1.597090867662413,0.1866553517516988,0.015229529800930753,0.012336603331860676,-1.111080299343748,-0.9000249582236702,0.4089507787899341
-53.099540635406655,1.9363886512912576,0.1909541256913122,0.005751293933976553,0.036564236641651794,-0.39660165888742294,-2.5214216269424488,0.550665472069197
-47.6360747234484,1.9792419859334407,0.10575241141031953,0.0011768736101565914,0.004794620290004213,-0.4954362762150873,-2.0184230505677845,0.251742793694125
-32.5138113391468,1.0675640222080567,0.05193731834858195,0.0007714601114488373,0.00012384460180947082,-2.495848370600488,-0.4006653656445504,0.17821929687387375
-10.492295638325501,0.7995852455315493,0.10783000762923511,0.060205465332579096,0.0008143523220026543,-8.59828406933199,-0.11630227519078595,0.24860057951815084
-10.041528525726306,0.6684293447003575,0.03841632651494886,0.003716668201242473,2.9339060497376292e-05,-11.255214980498433,-0.08884770319648887,0.1053560543142559
-50.63810153520025,1.6774428699322668,0.17705649961459458,0.006512279042867234,0.0196756670218857,-0.575309795382956,-1.738193940074231,0.5676541335338798
-55.305315530167285,1.3322381005648525,0.12089670198797088,0.0029171167501604776,0.004887047421256582,-0.7725980877572223,-1.2943340345339238,0.6938215961148684
-46.17151248610587,0.9606969404930432,0.09281106185001596,0.004445704367819395,0.0005760289681819736,-2.778101618691946,-0.3599580351099052,0.8291528592163381
-37.404932717863055,1.4126755546906369,0.03431552644654479,0.000108033178410102,6.49137562376213e-05,-1.290060882297657,-0.7751572144556114,0.09154115153170192
-45.36365664126888,0.9981517817615071,0.0929433218269935,0.0038876288512480405,0.0006633676970716298,-2.4208352719310597,-0.4130805642146468,0.6919874370888041
-30.59349426374743,1.172536635992688,0.1759144895102196,0.027262506891815332,0.0056636981730599735,-2.1939809060296045,-0.45579248080589563,0.48851097593465576
-38.420073246517724,1.7939961886296367,0.14661306784589828,0.005452927648578644,0.007683896602393937,-0.842411159936321,-1.1870687943825333,0.30274276685680207
-55.94633399794429,1.502249715288747,0.03484199315197399,5.121345152863601e-05,0.00016229552361590125,-0.5617444008763319,-1.7801690563181065,0.16172086416661566
-54.07018956780256,1.6436027595570746,0.04878329595071165,0.0001245991503641434,0.0004791300875335583,-0.5099537838341001,-1.9609620159722623,0.1816311234242745
-51.60554093302018,1.3752403272043643,0.09061552832735084,0.0012718788645982816,0.0018370759618111935,-0.8320689540583356,-1.2018234728295016,0.41628458625377096
-25.766464839096038,0.8934367410782221,0.13741256803355767,0.02695574745969086,0.0016296027787815876,-4.067099629413723,-0.24587546190604415,0.48120672151507443
-37.79956920688571,1.4200388546125517,0.08631306714294973,0.0016757761531289031,0.001052041344089843,-1.2620937011147428,-0.7923341976247494,0.23142757582834306
-23.334534314492956,1.5889423593482297,0.06407671601957976,0.001290775711021892,0.00040537896574889017,-1.7844105698953792,-0.5604091439890039,0.10498139541310039
-10.437135528121274,1.4483443056324798,0.1037715788187659,0.026426532532772634,0.0014887224001514613,-4.213211196811814,-0.2373486524380054,0.1435700764665161
-35.19541031946195,1.998043238780574,0.17188489875713053,0.008786947532408097,0.01322948928289884,-0.8149809872925398,-1.2270224895946524,0.29575415351965856
-29.82892557563153,0.9418240306849888,0.18705036727740232,0.05163380124748883,0.004454832388025793,-3.4044845303365756,-0.2937302229131109,0.7136458159995835
-9.086008173357015,0.9226504367395298,0.13563858586970798,0.1292106800526781,0.00198203522415825,-8.074088807382424,-0.12385298500626656,0.2624846100261832
-50.563644930129215,1.1381232121655709,0.06082821890639005,0.0006552371776912804,0.00032120050962279253,-1.4282727575593934,-0.7001463793993956,0.410757603045753
-10.707469959092762,0.876369393428847,0.12083835277724765,0.07272918330533022,0.001284428387398805,-7.524877038866793,-0.1328925369590617,0.2561162305585771
-36.57668564373181,1.0204400380512948,0.06572499070757402,0.0015124289591598367,0.00023273844700402035,-2.549197161139052,-0.3922803678132029,0.2911402182858874
-28.968589574755853,1.0940884171754819,0.1894218602169338,0.04157199063297458,0.006188631255117139,-2.5918096778949224,-0.38583079943285176,0.5493181116451329
-24.240502908321098,1.1103289398722804,0.15979932000648966,0.03154417993730498,0.0037664557160121096,-2.8939644236755973,-0.34554674957956444,0.3894820535259258
-16.089099719811372,0.9922152740521915,0.03719074353179502,0.0008999582563094826,4.146856934391714e-05,-4.65855960465357,-0.21465862516840423,0.08098294897007807
-45.06819197320588,1.4512748230927754,0.07084264333028675,0.0006740146549200747,0.0007501733950466405,-0.9478810496409974,-1.054984694945365,0.23286108608994902
-14.092728516309535,0.719584743329311,0.11542512831147993,0.052840706806363505,0.0008024314168635159,-8.114847210045461,-0.12323090923536904,0.33990148689358207
-52.020455933146025,1.4034122830216893,0.11369536114482577,0.002366256074582454,0.003879728697573042,-0.7809625211448789,-1.2804711787372531,0.5110700195248145
-37.61915670269708,1.8818457540775533,0.030700636779083516,4.8381188829401615e-05,7.403212389372026e-05,-0.8084034594950832,-1.237006086817819,0.05916830599045904
-59.72436588505043,1.1566525505982643,0.029248444836681865,5.771797388829791e-05,5.72180128212701e-05,-1.0043594110031786,-0.9956595109724472,0.31246414475980083
-21.881907246400402,1.648761028395037,0.132295635623975,0.012122248025154212,0.0036976895564302444,-1.8106160234744153,-0.5522982162065961,0.20382679479046575
-42.75571408652888,1.6138535926334772,0.02849142017272063,3.9410199000643326e-05,5.462658309539858e-05,-0.8493805187030995,-1.1773286271350774,0.07499040741584968
-39.7634057185812,0.8701342089158144,0.0881190797398072,0.005577248167440389,0.00034725800106400476,-4.007595259771613,-0.24952619593052133,0.7136575516586658
-7.593803488869838,0.7412395434618291,0.13031323032087694,0.2062192324679053,0.0013839619601428428,-12.206819041273684,-0.08192142413341273,0.29583490547428226
-7.731506583338472,1.0367150486230345,0.13820251803555375,0.16019218248640107,0.0024476040092211047,-8.09002905211015,-0.12360895042016772,0.23472587692640431
-15.826840872319735,1.663405088339947,0.16908963666977928,0.0449647840089779,0.007549684213852587,-2.440460948312252,-0.40975865673719114,0.23148919170649815
-65.92930304262248,1.5425950848724674,0.09573181104743857,0.000681819819212681,0.008140589854110716,-0.2894055620007054,-3.455358608476096,0.6603910167697948
-35.429547927381506,1.4987805595343078,0.1186864006064544,0.004410701268328328,0.0028402490211400476,-1.2461651819656996,-0.8024618360967213,0.2772479419234834
-14.138943150834692,1.7441428402448058,0.12414086760958712,0.02072889724444378,0.003146857189975839,-2.5665491304133883,-0.38962823199060764,0.15978785898585413
-43.86773364783713,1.8031186637053,0.1705025749013345,0.006702865038594763,0.01468465546272426,-0.6756135588428014,-1.4801360732203352,0.4051070577732804
-37.67054897306161,1.3736446023832671,0.056041728054029544,0.000489214275574524,0.00027062838767578153,-1.3445064366434443,-0.7437673578540067,0.15662298564410945
-6.3391777761616765,0.9471834378255399,0.13344583954864442,0.23152501285731628,0.002025403917682239,-10.691610667778194,-0.09353127709875807,0.23645033365430634
-48.1265460750424,1.5851142547436896,0.09193395381329342,0.0011129260819026238,0.00219600051708094,-0.7118966367558195,-1.404698306424223,0.2937456392780894
-52.25117241146016,1.6231062793235917,0.17002879556611408,0.00578231176837343,0.017832793023381782,-0.5694309488424298,-1.756139180760818,0.604428868859155
-48.678553050946576,1.4992679781725338,0.14571228722480822,0.004840293397390043,0.00804166135975236,-0.7758235410421782,-1.288952895985447,0.5160194822369477
-20.393708118682113,1.8698240877629073,0.15980493320420325,0.02070615211254838,0.007539405246971971,-1.657223779317567,-0.6034188095054929,0.21683672896145825
-17.171235635971918,1.6297370285313144,0.11125978724031722,0.011312909500639743,0.0021073852410775167,-2.3169421448187015,-0.4316033536859199,0.15836698299152172
-58.67021490699433,1.4866344853759554,0.08246347203491244,0.0006318682801255365,0.002522843384945482,-0.5004585712190787,-1.9981673958826938,0.43716166102488513
-57.21525361925419,1.4764158851326812,0.150839238172102,0.004135995079441495,0.013741710971992158,-0.5486174305444019,-1.8227638137703424,0.7616832595899754
-14.424930774889006,1.8565365501374618,0.1434918133363285,0.028684813065720145,0.005228138694627436,-2.3423536292112273,-0.42692101975086644,0.17773601865227143
-40.96569171745792,1.39345612701536,0.19694699686961867,0.01818859469663698,0.013091767965974084,-1.1786922365109689,-0.848397884557284,0.5997748490280617
-45.22432139888742,1.1250041164438227,0.1367675276081156,0.008613525755180151,0.003039510442144412,-1.6834051770707232,-0.5940340528951503,0.7308646201217558
-28.240492281615516,1.0456009693391244,0.12904034824170085,0.01476984917525177,0.0017989321333354309,-2.8653695443700875,-0.3489951241942988,0.38966131852997127
-67.74562248879091,1.7286182616210837,0.032578465426718974,1.903585517849831e-05,0.0005112257248214449,-0.1929655787596609,-5.182271400048516,0.19969069798797878
-29.875194440363465,1.4669080097515004,0.07027738046205274,0.0012520892619108741,0.0005157658133161441,-1.558085799381121,-0.641813178964345,0.14501745483069992
-45.3704602111618,1.8267472221567513,0.15734592802485042,0.0048458283036459365,0.012528458675971738,-0.6219209528900673,-1.6079213851101155,0.3843167010020351
-40.83118295132209,1.9277486730462032,0.06726218824422235,0.00042279323183548676,0.0008949259569788732,-0.6873381676532876,-1.4548879242574344,0.13704239102775478
-65.8644272740774,1.7423375409714823,0.1577089956049316,0.0023210801937553057,0.0476078074844439,-0.22080351479582025,-4.528913413922385,0.8697699824073832
-8.951015320279666,1.9955395424587594,0.03515213764648811,0.0009633066805342142,8.291353277211252e-05,-3.408549270573989,-0.2933799457244176,0.03863782665096188
-19.327279811993826,1.3960038780671644,0.194362076200963,0.05939033425965669,0.009306293446555234,-2.5262103694868094,-0.3958498516507738,0.32837930915537616
-6.918715766836499,1.4753184112725632,0.12325711697741688,0.09455284425908897,0.002593294379887509,-6.038254160907508,-0.16561078307603186,0.15924182293302433
-73.94485399979456,1.5226840129544725,0.05911693615719067,0.00011015155043056172,0.005485944780101998,-0.14169991551180006,-7.057167228280563,0.6702969603376511
-14.64431849440895,1.5823688664482762,0.051441912707866216,0.0015498447342557342,0.00019984104804439114,-2.78484960836319,-0.35908581813427093,0.07163003767147202
-32.43241745249538,0.8245993449218982,0.08040038552747468,0.005290171615162812,0.00024919885084426994,-4.60746306898232,-0.21703917861698158,0.46665172869859795
-47.82304089819405,1.7435573836275235,0.05097119391509021,0.0001614988996206139,0.0004385947148437446,-0.6068104996450024,-1.6479609376980493,0.14174457153901446
-39.90494365330435,1.6751202287509637,0.10842336137190312,0.002298566312947947,0.002918437225509889,-0.887469304291918,-1.1267995356728044,0.25127688423247957
-8.096935552104938,0.8569797314489042,0.10609838945016054,0.08322990623958053,0.0008813988673223219,-9.717475596527832,-0.10290738474890658,0.2137688052034086
-12.275813494539747,1.1832963592848729,0.06314996562057996,0.005607883524338602,0.0002620176067327809,-4.626304929491274,-0.21615522868484238,0.10597173861400423
-9.809442349168961,1.3428167523395156,0.1333099265963692,0.0685966359038603,0.002903146045062811,-4.860903135817972,-0.20572308726570093,0.19286302138538874
-17.189319215916733,1.0815167723123382,0.1720729682907536,0.07090463718431608,0.004592913079762844,-3.929101122285122,-0.25451113852178253,0.35308310875345217
-71.18717133105488,1.9675553333337148,0.11951302026987203,0.0006017509952083684,0.05197126874789832,-0.10760358702633144,-9.293370487317418,0.7200988447359259
-17.396925175479808,1.150602460531223,0.15344391632155524,0.0452855619677853,0.003540756273054118,-3.576282883376405,-0.27961993852563755,0.29744453627732775
-39.882638526809714,0.9682701089101944,0.12170585673353954,0.01028738416439393,0.001304836006710643,-2.8078539404140814,-0.3561438811352586,0.7197272378012715
-11.319135659096787,0.9885422146063765,0.17540051132377707,0.17336665004597757,0.004534786837309317,-6.183072516276719,-0.16173188934264243,0.33737931424528345
-37.44139148380075,1.5317555898942472,0.1611636235290259,0.009734022273393733,0.007726100060771884,-1.1224474137969038,-0.8909103337120259,0.3880071341530797
-46.623795885950585,1.5227250884694783,0.13965656042417932,0.00444901932371044,0.006692059271376963,-0.8153653593866966,-1.2264440578542388,0.4500382079919037
-7.343575897880086,1.0763120048067394,0.11452965408498153,0.09615064840579128,0.0014605584824409254,-8.11365679048072,-0.12324898942893932,0.18726696045420588
-58.54645236197035,1.5940256674282094,0.12988900666464162,0.0021206472413721803,0.011428341905617293,-0.43076717641522566,-2.3214396424579915,0.6036949460695562
-7.672010383139082,1.031983364084547,0.10819650121409777,0.07838799866644318,0.0011691330087304848,-8.188282678652987,-0.12212573005167732,0.18420697406202438
-14.952271962411402,0.8397583728967632,0.1463471819575698,0.07819411187577717,0.002021917256676701,-6.218782048176257,-0.1608031914051826,0.36971175383385524
-26.911707919891413,1.7271693777883588,0.13627974270403378,0.008643623530899461,0.004549754183901056,-1.3783323681175952,-0.7255144137445686,0.22346087591642688
-17.74856156307289,0.9014731025897786,0.08160471667523066,0.009335007464644432,0.000375309849754371,-4.9872639481385015,-0.20051074304444033,0.2083415019401342
-6.807684472407772,1.6620538895168406,0.08413816991871383,0.027270062926594684,0.0009390936194085554,-5.388757311996555,-0.18557154128536849,0.10051924954203115
-16.838400836234612,0.9967991102093166,0.06441002914434542,0.004310381080226732,0.00021550154816847794,-4.4723175938789685,-0.22359771617486393,0.14259869578505124
-9.246323654161031,0.7830988315144438,0.1931447461457034,0.4425537435296233,0.004664141107843902,-9.740857025211032,-0.10266037140385349,0.4375001272313012
-20.315857612477245,1.20281754421281,0.12098882529419903,0.0161032352446916,0.001837372022184894,-2.960451967476698,-0.3377862606743581,0.24146735412260092
-39.23783036901045,1.939913629016598,0.1526285474653562,0.005264623358556912,0.010004538257086085,-0.7254126564190142,-1.37852571381437,0.29693163090628694
-12.580881775961473,0.7216301676081611,0.11499107170267951,0.062084417152691286,0.0008239975848322482,-8.680172077035273,-0.11520508938361411,0.31823583810747663
-7.1147136014966605,1.030110464679637,0.19565318610472052,0.5345860102232803,0.006946748840865256,-8.772391310647974,-0.11399400284232587,0.32962664762816923
-27.137125771761426,1.077191952493561,0.029922070505987823,0.00018451110888997757,2.3608399347831823e-05,-2.795619029616675,-0.3577025300679529,0.08329630686066972
-43.7796207896162,1.2341448488876199,0.026171432129625524,4.9859460141031545e-05,2.582650872624134e-05,-1.389443640027766,-0.7197125318303781,0.10809599758879587
-45.7697106573616,1.678166033501256,0.12234998323520721,0.002587585887831162,0.005189222017687688,-0.7061488576799526,-1.416132008321154,0.33545039716909997
-52.880072782050306,1.898708077004112,0.12877474943903466,0.0018404142679035863,0.010700670555553767,-0.4147174399720653,-2.411280316707584,0.3776901537638616
-50.636986873667645,1.4689841903045169,0.16065614513849194,0.006322808070949237,0.011309894063488677,-0.7476971598652691,-1.3374398803122303,0.6314104876724016
-74.19229360546713,1.7260843061247286,0.09930948035411505,0.0003772615769471064,0.037012018994214316,-0.10096012966950453,-9.904900115258615,0.8891042689357028
-21.509761709576622,1.8917573271248254,0.14396007502088395,0.01353788605129013,0.005650379032360431,-1.5478776745058502,-0.6460458836446772,0.1974292238233049
-46.54453303098304,1.4015008264035171,0.17009544272113483,0.009507917557063792,0.010218653036751736,-0.964596933521516,-1.0367024455999831,0.6225765664239608
-10.198663359153457,1.0359634743157622,0.10934193620654432,0.04778046957360875,0.001177752413901997,-6.369395332006651,-0.1570007744651884,0.19634805419970336
-34.083424355453566,1.1643710946704056,0.05710764564308389,0.0008132383836789263,0.00019799685037205937,-2.0266548547302583,-0.4934239284335847,0.1806292473872719
-63.597183038627385,1.744979973477333,0.07029611209467755,0.0002267093063258948,0.0033551309179010577,-0.25994408437026173,-3.8469811783660752,0.3485362299845273
-9.78673012698529,1.9159214142870837,0.11319446233315276,0.028332013994841622,0.002646090482376801,-3.2721739169048165,-0.30560722791467954,0.1288149892447018
-6.710545256423202,0.7333186999059018,0.051958379410098954,0.01654965973851342,8.827381541018475e-05,-13.692368711627262,-0.07303338239429834,0.1159826022560969
-75.25036409730814,1.608139129821871,0.07378460506243621,0.00017058183371652287,0.015604994487315478,-0.10455253795586543,-9.564569350025039,0.8155446232052586
-65.36568191807477,1.940795695857057,0.14795717155271446,0.0015836085264704335,0.04614717743947739,-0.18524706858790735,-5.398196082792311,0.6778545378197712
-37.35727139721985,0.905809443028124,0.07086913598039221,0.002569742896339457,0.00021193207563877518,-3.4821421110756132,-0.28717954870920126,0.43320190302447054
-11.566340277826868,1.7399731084854313,0.11768399075742715,0.025800708233097668,0.002668414525625808,-3.109490009056796,-0.32159614505509565,0.1459131211238425
-39.7085837229245,1.0280607950651313,0.11478723748175952,0.0073246686278329995,0.0012928110684660664,-2.3802712993107566,-0.42012017717878003,0.5804734039309105
-33.050783247568944,1.306097938354011,0.06453035820412467,0.0009954263366833776,0.0003471291626099807,-1.6933978856092615,-0.5905286693092885,0.16729624375324403
-33.66583186208126,1.3616932903087366,0.06510773655477806,0.0009258599455782544,0.00038649246348279023,-1.547754706140243,-0.6460972116788314,0.1628656463639216
-15.189737810545637,1.6212588316459295,0.16418486785357747,0.045772177980364544,0.006693121972622973,-2.6150886708762915,-0.38239621131657825,0.2266260821824767
-8.836766974566189,0.7618285753629068,0.14012670440218522,0.18942136875799298,0.0017344949205148643,-10.450281015124506,-0.09569120663384245,0.3219741258274956
-53.90744181825558,1.897483792839556,0.11587324385463763,0.001288379417387095,0.008290786554524813,-0.3942067186012389,-2.536740123426342,0.3518523828644609
-73.20657060984205,1.2955993091277558,0.044752676503729424,8.353342006447484e-05,0.001257038815731874,-0.2577838984767948,-3.879218236316719,0.7545868983609271
-47.16188257431221,1.4689213563753278,0.05221597224627271,0.0002447199706443793,0.00033318570974244955,-0.8570211164017414,-1.1668323928803117,0.1810658626229542
-9.0729761131645,0.7878840627730159,0.12562296661527544,0.12492381775931387,0.0012974301019109736,-9.812521902101167,-0.10191060055477368,0.281390286481965
-22.192008975097252,1.5279728636288634,0.17790306729949906,0.03176933085946321,0.008158715366965505,-1.9733001219346047,-0.5067652856675494,0.29465051269805576
-55.94494107849113,1.60991534477272,0.04830634260866399,0.0001176861450609325,0.0005015974007533023,-0.48437869184322374,-2.0645003936788875,0.19925508184441612
-29.53599539863299,1.714653768571932,0.06240984222760672,0.0007123630897499602,0.00045091125602431115,-1.256912849648885,-0.7956001088534874,0.10905370352660058
-47.39301898932154,1.6942231379717414,0.056236373306982904,0.00023194533771456752,0.0005493030945251141,-0.649810613981004,-1.5389099200359215,0.1601340796252213
-25.856991536549273,1.2775709709154532,0.12011358504346158,0.009743462079642712,0.0020009685562129404,-2.20666556349829,-0.45317243199040613,0.25995700716944103
-9.749773110115498,1.4488568296789808,0.1406656756167036,0.07475738405554434,0.0037201772067170535,-4.48275737995378,-0.22307698482006863,0.19235681507311647
-42.676422322596586,0.8115961030543725,0.034834662327142434,0.0005057109166176931,1.4226152232337309e-05,-5.962212332169404,-0.16772297668844363,0.49805239362581744
-41.03378014177295,1.5243419839229677,0.08567628067563908,0.0012683107170314751,0.00127159579212893,-0.9987074510819787,-1.0012942217629608,0.2306283989275142
-5.3888830377793795,1.176424473325056,0.1558506985427841,0.3947295122990587,0.004152686513161424,-9.749564691495253,-0.10256868195072552,0.22967270759729277
-43.52895404970636,1.3596442120122743,0.07786923540168068,0.001075702222386025,0.0008312066568274189,-1.1376050901141834,-0.8790396673591082,0.2689072948235965
-44.154006444512675,1.9982948605875244,0.14948103178699926,0.003793984750298795,0.011772256598159368,-0.5676987403395489,-1.7614976552561759,0.3199738016408997
-35.528252663778794,1.0255506420724219,0.1998306982523045,0.043270537505444594,0.00657970352571922,-2.564442598351482,-0.38994828764848816,0.835764897084467
-32.17932648282126,1.8257558541479475,0.1547464542436503,0.00855095743213498,0.007903478792125189,-1.040155395283519,-0.9613948113276156,0.27044513299297085
-6.39596740602488,1.820787464538978,0.1357563384519035,0.11721021999545075,0.004357685855329069,-5.186265921837192,-0.19281695444682448,0.15267004319533387
-12.743347130697614,1.1181572527716102,0.1921524761859385,0.1584484099905658,0.006862815778970439,-4.804993142173776,-0.20811684229534624,0.34219661764432574
-44.33291200752989,1.6188277434425349,0.1828415086021128,0.009731514490341658,0.015366106564485133,-0.7958079923342669,-1.256584514898872,0.5027373733764069
-18.33398404296448,1.494857042765827,0.19043655527688202,0.056135672261610606,0.009530530937062116,-2.426950487106515,-0.41203972034560576,0.29701690620036886
-31.386220274964927,0.8557142947866381,0.17926625949500175,0.054139162891746015,0.0031013044277426447,-4.178145584424448,-0.23934063085974372,0.8952867243121873
-21.36822143195411,0.985128886941212,0.12626909306644507,0.02274936838026219,0.0015474291706437328,-3.8342398968828695,-0.260807885498498,0.32600960857417205
-47.8872602368345,1.7906444740227259,0.03478122358211726,4.888635597811298e-05,0.0001463390712373362,-0.5779811645837737,-1.7301601873482126,0.09372809721582756
-32.15474418150163,0.8757635541334927,0.0489422433187168,0.0010199462526876894,6.637322112324573e-05,-3.920055321472479,-0.2550984407088349,0.24194931465745956
-15.782824715254435,1.9464861303272945,0.03383736404128404,0.000300957086197917,7.280184374112162e-05,-2.033204665829503,-0.4918344015269224,0.04143650663016094
-32.67009178460844,0.9593893414052703,0.03943876063683099,0.0004223613268654541,4.314970070176194e-05,-3.1286226056493582,-0.319629474706952,0.16522158949525736
-30.31028042253501,0.8823513557038557,0.05819011385890742,0.001768333604815413,0.00011565541498671966,-3.91020128833397,-0.2557413100403516,0.25721170855660536
-29.61093585394495,0.7568074133651386,0.14435382482131934,0.04077575261456973,0.0012024981956738753,-5.823160710771519,-0.17172804421321022,0.8712150425669624
-7.955977812003127,1.2602404493263246,0.13457508638289856,0.11230999210441668,0.002814632834145178,-6.316817408728861,-0.15830756776634944,0.19745057019959247
-48.11886743644016,1.4390733158681146,0.05720671992728538,0.000324627102264449,0.0004370339334480023,-0.8618561957378231,-1.1602863736959201,0.2121543281274262
-19.09077791097056,1.812348605834742,0.12428238698922973,0.011417785119618783,0.003378627590711909,-1.8383185541677627,-0.5439753614697734,0.16878370418048017
-42.06782639429441,1.0437783227056037,0.1325969029252913,0.010314426684730916,0.0021299666345897597,-2.200574856363791,-0.4544267135962784,0.7272835482301163
-24.757018016320025,0.7527390789581067,0.12267295699612,0.028623198570275527,0.0008233075771705292,-5.896279003504051,-0.1695984873520602,0.5567357303864364
-45.5217901659806,1.1000374936766195,0.053509244109622156,0.0005455052542229073,0.00017217814841273977,-1.7799608592755105,-0.5618101065475257,0.30626652803680887
-63.83786436404746,1.6789502321759406,0.15015090747344761,0.0023710776166748744,0.03086024291373633,-0.2771872279355549,-3.6076698318599894,0.8016699590255191
-24.10971179142419,1.3872315111193934,0.03318376914497199,0.00020422708324941127,4.702950634114187e-05,-2.083874006135607,-0.47987546130700454,0.06290881393873494
-32.98812629118435,1.2021280721833898,0.06505158676395327,0.0011843496119782967,0.00030678031213779173,-1.964835601043527,-0.5089484328708715,0.18880498184991687
-23.954764985594764,0.9906683840317422,0.16533001802470498,0.04285039131901039,0.0034618275482499,-3.518233676679709,-0.2842335364556393,0.46271017860949626
-12.898408484913872,0.665240894079985,0.051660662000993104,0.006101871357571702,6.579861180138704e-05,-9.629930618788716,-0.10384290807338996,0.15978118347883266
-8.29650053580282,0.7891143361861181,0.08490575848917495,0.04511258635418987,0.0004073390233627718,-10.523758039435986,-0.09502308930447383,0.1855687935005792
-65.17497633090204,1.3552895580484072,0.044747603015402385,0.00010200839883902065,0.0005420184547099206,-0.4338213570401979,-2.305096288533669,0.39938759969930776
-13.788082547444148,1.1441350745322922,0.02572104478581257,0.0003211962678045195,1.682656549142642e-05,-4.369054931288047,-0.22888245071919677,0.045964685453560736
-22.959048295259983,1.5102827765925768,0.1119798946210899,0.0075855406995392356,0.002014866814637852,-1.9403054316644412,-0.5153827761756951,0.19054393584800905
-26.888183461802363,0.9225507972479452,0.035443810609289646,0.0004128566403309999,2.951624711316381e-05,-3.7399781784138373,-0.26738123921998663,0.12347692043496433
-66.86145741079973,1.8728686640455705,0.12327512329151154,0.0009132246605526516,0.0294326935929757,-0.17614641580438473,-5.677095360887312,0.6372352478254427
-44.119630543499156,0.7972685462342799,0.034912288190489964,0.000623421633984045,1.1629424062444424e-05,-7.321698328689819,-0.1365803335657159,0.6727177176460604
-59.49277234049956,1.715840915177269,0.06721709188992998,0.00024312336676779944,0.0019831321364965127,-0.3501366114836305,-2.8560280964698594,0.2879697518319719
-38.73202310688068,1.2782213737307,0.19321481604353,0.022026687491202308,0.009915425226312525,-1.4904551883974053,-0.6709359716310817,0.6221573195897303
-27.122885260685536,1.020128747391594,0.10888610471837229,0.009797776172712637,0.0010331352458771755,-3.0795351674377636,-0.324724331962093,0.3274221295419765
-43.91576736776377,1.6282476002966606,0.0838743214425858,0.0009453022064324538,0.0014753180746300933,-0.8004652891851475,-1.2492734082423156,0.22599474404569184
-21.33416035491537,0.9468122639646588,0.1743386962969991,0.06396440185333636,0.0038224448250521376,-4.090708741836718,-0.24445641650620242,0.4730124435173094
-23.900740328566485,1.4100177728869607,0.062448720851255024,0.0013498595330460781,0.0003202469532500975,-2.0530606806778104,-0.48707766380770273,0.1158986518147037
-18.869517783593437,1.0540853352796957,0.1473463572383752,0.039608444133580986,0.0027587489315057494,-3.789115141644208,-0.26391385920409655,0.3254311869817966
-18.45821880201045,1.942723612100419,0.19748906420305867,0.04482124515431265,0.01467546830623299,-1.7476158472856085,-0.5722081323267908,0.25240438473159416
-52.93920789368635,1.3976489024986747,0.09959845493312801,0.0015593014856432675,0.002706673202383118,-0.7590093654984696,-1.3175067995943144,0.4681959948406259
-44.93865954285711,1.3259621912291042,0.127599475217244,0.004757037897460927,0.003629265168590252,-1.14487732851763,-0.8734560245810659,0.4838005249118684
-61.93046626892659,1.9573641873620844,0.14140485833692928,0.0015895724401088556,0.029174198138446586,-0.233421415372484,-4.284097062834798,0.5531438069707322
-23.616446807691382,1.4325026187729275,0.14574115038881288,0.0171268634756917,0.00415280391639663,-2.030804912044716,-0.4924155905222575,0.2645553229945954
-56.46149209162651,1.506382040830942,0.11451376861854963,0.0017747914103413117,0.005991176124886419,-0.5442740339416134,-1.83730976978276,0.5400417290859455
-59.53967523906232,1.1821891359755747,0.04659332464733919,0.00021552669637529083,0.000248616810351862,-0.9310763402432503,-1.074025787980761,0.45669746233305947
-62.300205303458554,1.4931324023855177,0.046298127643926074,9.682835426682989e-05,0.0006004802414393961,-0.4015613581232576,-2.4902794548599325,0.2862399733737981
-22.763338263507464,1.818505827204079,0.02369689652518922,5.725150278976476e-05,2.429632559812592e-05,-1.5350521913899173,-0.6514436483716863,0.03427331306370577
-10.249748948396203,0.9541322873684784,0.08540553509421674,0.024943550671794462,0.0005074433820687839,-7.011086750937988,-0.14263124042306474,0.16515921330479064
-42.655111040833425,0.9993239381210699,0.13512486159596682,0.012283584226501675,0.0019955351406552094,-2.4810348465510335,-0.40305761984364397,0.8563920757320197
-31.775118249437554,1.5055467557435176,0.11387795955191697,0.0046248250232533384,0.0023531038299716587,-1.4019325127143107,-0.713301097542762,0.23983882159554223
-14.962079254497041,0.7239071513618545,0.14141704722472745,0.08801363786039608,0.0014607471644389148,-7.762247033388342,-0.12882867495695824,0.4280667903844144
-5.087777199975605,1.8941561400165488,0.14150339495677153,0.19875847418088569,0.005176490106751527,-6.196481150060896,-0.16138191592661788,0.15320516413095148
-33.98626364526259,1.0457701715382246,0.045231273918962964,0.0005044489174793913,7.901551560813991e-05,-2.526692597539243,-0.39577430233258465,0.17066023270193198
-13.26654000950984,0.651799168890162,0.030320732615908803,0.0012199368627538077,1.2767351349438398e-05,-9.775033900831053,-0.10230143548811449,0.09780440070536958
-11.854381508326853,0.7620260073809623,0.1325644652782406,0.09706623930215685,0.0013832883063061982,-8.376792333062793,-0.11937743711910447,0.33608056003737746
-20.641138414428326,1.8991191140111872,0.1375803748955437,0.012680144065201165,0.004914627363860934,-1.6062635219571308,-0.62256285244003,0.1853221448359795
-73.91344996820754,1.4934032057469295,0.06423724393833273,0.0001493848203949063,0.006635445006295887,-0.15004385287031127,-6.664718219841627,0.7603585862444943
-44.209952503780656,0.7911525385231666,0.03362348278932628,0.0005970342922320524,9.68829230503013e-06,-7.850115048159391,-0.12738666807621743,0.6974460159262664
-42.92640998490367,1.8188573283499663,0.13381612207784468,0.0033245892517618845,0.006944643514447894,-0.6919010977179432,-1.4452932699460102,0.30668986535568227
-38.58779725216797,1.2518497842894143,0.09519064180822938,0.002759135516713922,0.0011344734982483677,-1.5595142171211696,-0.6412253181288587,0.31522918635794855
-17.254021922548027,1.794090219894402,0.14925854997878085,0.024104138658553695,0.0057170268116214845,-2.0533391796868408,-0.48701160036916663,0.19799417124803634
-20.52462657802772,1.9733462443484566,0.04607802179841433,0.00045930677835303457,0.00019327516986356318,-1.541570516348525,-0.6486891059441589,0.06023577501000496
-16.41223495822591,1.51510794423412,0.14282869368988527,0.02840481421209246,0.004068690396571309,-2.642218047075004,-0.3784698999793083,0.2123156565983399
-5.38818397843491,1.7760359479222347,0.041592013636102834,0.004829335291584572,0.00012264783865109066,-6.274999993372481,-0.1593625499691121,0.04688986694127096
-14.531598770968685,1.6282074084933855,0.033244998131346654,0.00041018763893385885,5.579132864899801e-05,-2.7114895330720996,-0.3688009810854798,0.04523580724919017
-13.257574469575175,1.5473634109837853,0.14836210367305028,0.04585562005307554,0.00466756076253618,-3.134377455868202,-0.319042621407257,0.2051178135506714
-56.42390430275714,1.0768461006963803,0.03143574822229082,0.0001015634924741995,4.4754559081208316e-05,-1.5064342177879306,-0.6638192283420209,0.35883513951750545
-49.87537744929677,0.986509989805459,0.060415547227672894,0.0010955394916182838,0.00018279467377296167,-2.44811745338211,-0.4084771335699132,0.6309605482488255
-59.89361713845867,1.575437893841711,0.16845233548262098,0.004510232583734084,0.0269034363490522,-0.40944501817487583,-2.4423303633233986,0.8451715826319961
-34.527545135546326,1.5750695122658454,0.16574389540548073,0.011580407372732563,0.008209898798235209,-1.1876624254364816,-0.8419900963293394,0.3566697508113749
-9.589598434472123,1.92588257607364,0.1737426364005397,0.10591880218448986,0.009624803309352054,-3.3173446856208906,-0.30144591375581914,0.19660161764686723
-54.15193351162867,1.3529897267724835,0.07869798012596847,0.0008009448895022649,0.0013162442836669004,-0.7800690879064923,-1.2819377353918053,0.4153396731368838
-38.224866358891234,0.9419316586815103,0.11504864517503768,0.009668575912924093,0.0010150952689844262,-3.0862269111367713,-0.3240202450414325,0.6665634573360608
-67.26500196704694,1.4205707250888788,0.04465739270199449,8.120548336352797e-05,0.0007687726497178845,-0.3250077489967846,-3.076849715389073,0.3966279125551728
-8.802985774305697,1.3769198183237565,0.18438510955283618,0.21612094200919024,0.00794979265315812,-5.213993977086649,-0.19179155257842398,0.2574086051736995
-17.440933099841885,1.3547598323480128,0.10879495628415607,0.012962247929353196,0.0015646344834015402,-2.8782844619215058,-0.34742917638252224,0.18130589965057356
-28.900289548273165,1.4504056789127915,0.10725126584008957,0.004781397872501932,0.0017781775047472869,-1.6397962393582755,-0.6098318656904251,0.2185372084338786
-65.6059128941686,1.872891877316106,0.052645168612083876,7.55111409699415e-05,0.001992701633388354,-0.19466343287181095,-5.137071638197793,0.25653878970369487
-19.10088488670914,1.3617014889070376,0.15088225975708686,0.029301525113428834,0.004211278842292012,-2.637777221270377,-0.37910707240029584,0.2594441275427999
-11.503611222351822,1.2974846427033282,0.11527511673804733,0.034370837922186696,0.00178759600070489,-4.384906858214563,-0.22805501515422788,0.17663515642146665
-29.171853915914788,1.8459255012996523,0.14426521615166313,0.008122611328244033,0.0061271557327732375,-1.151379192791424,-0.8685235987073747,0.2338729028772422
-18.914459297679954,1.8656185097474385,0.09056610219104307,0.004338587121540242,0.0013525446331194265,-1.7910114349166382,-0.5583437271837098,0.12004082489981098
-62.355770868826625,1.322089414763949,0.05289560091893615,0.00020059152363322713,0.0006463832592311271,-0.5570718824999814,-1.795100473411586,0.4340826359008089
-60.15517959903813,1.396925769679635,0.1150465965522258,0.0019020676850954477,0.006542577129868956,-0.5391859389605775,-1.8546477712823197,0.7414759963908473
-47.56133050682254,1.5635654453516559,0.08595310469068883,0.0009530065796308463,0.0017061206607404595,-0.747382764700892,-1.3380024897954492,0.2749092609829314
-21.815668517218214,1.5663315240942346,0.1450865650043864,0.01718480955521976,0.004559957005623607,-1.9412970199281527,-0.5151195256236523,0.23325380398812237
-22.111299257813357,0.9303407357484708,0.13395721389406398,0.028375871857223976,0.001674495494228499,-4.116542613467382,-0.2429223000700813,0.38244795412165467
-51.62614893321607,1.4775579956796618,0.06219529434964652,0.00035035923536955854,0.0006974861922387804,-0.7087433184089045,-1.4109480456831016,0.25116544673760854
-17.365565668944974,1.4406889629681845,0.02931602102980222,0.00023632560424676966,3.3101453125013294e-05,-2.6719717294927934,-0.3742554567333783,0.0462626551758098
-37.16244784581942,1.7534498885799867,0.03278045193866902,6.692946169779524e-05,7.999296343085562e-05,-0.9147086225811912,-1.093244313340053,0.06716400562409339
-5.444167066071614,1.4083874653921609,0.12715881602498716,0.17311383329852645,0.002737561133045002,-7.952139196011639,-0.12575232592778882,0.16572764559863282
-64.40014447186546,1.1643632469812446,0.05023069974636985,0.0002564744894710396,0.00041246114419708806,-0.7885524145660455,-1.2681465195313844,0.7006152385369723
-19.254444766634705,1.462468518367449,0.19095064878705534,0.05336318480872641,0.009372955443808837,-2.386066779965176,-0.41909975378584946,0.3091427871222422
-23.969314952758523,1.4115432641276944,0.14612826444830693,0.01718546766348479,0.004111456269006479,-2.0444798747023234,-0.4891219582905409,0.2713485749077343
-52.13425936952288,1.602274480977405,0.060452739281855225,0.0002676932895434048,0.0007764888978974475,-0.5871527738825797,-1.7031342513932881,0.21823801948965657
-65.83726846432708,1.6530950486023632,0.0849601895880505,0.00040711260036739886,0.006623295346784978,-0.2479249368756809,-4.033478893256463,0.5118302170347161
-44.04371938955816,1.131910340827286,0.16202445210813302,0.014485740848232597,0.005001343169243853,-1.7018725294796082,-0.587588072947964,0.8082758477978321
-15.363918663798955,0.7696575616923678,0.19436503139204192,0.1998409846826623,0.0041334183954905585,-6.953246030004464,-0.14381772134695456,0.553067623307038
-31.831068607400482,1.1311008067475148,0.06165864569227984,0.0011859941854654654,0.00023074792205474276,-2.267108893074122,-0.44109041389892584,0.18820588883009157
-28.21985341133739,0.6066943037383885,0.07790360011877963,0.013921282963836252,9.249502893665892e-05,-12.268188328927959,-0.08151162773088794,0.8609795492657992
-49.11174197742697,1.5030421442651292,0.02438434528112132,2.2228915142001426e-05,3.8617633373528436e-05,-0.7586934005620394,-1.3180554875779873,0.0873388618877936
-10.748977420564074,1.5671087712193588,0.16556390831260978,0.09284372961239667,0.006607379925321409,-3.7485356827069953,-0.26677083657313694,0.21770647167430562
-25.263856527285,1.3440545795652543,0.07317079110129997,0.0021204674156558153,0.0004858437592350809,-2.089139725494718,-0.4786659254029529,0.14748498372380678
-23.407014633639903,1.0871729953802605,0.1503387350004911,0.028639923785321875,0.0030331657008433213,-3.0728252354634686,-0.32543341172124024,0.3665254393544723
-72.66590019159177,1.6954570878731978,0.04628569244239021,4.376244217590458e-05,0.0027776948908498503,-0.12551872091401592,-7.966939056724693,0.3874428456819139
-44.8826445729812,1.6759273703083428,0.18105922447013303,0.008704716487050158,0.016189617330194608,-0.7332617374959061,-1.3637695093910218,0.48405206864898603
-64.95781465088345,1.0633394636862623,0.03816470558728198,0.00018218746475754112,0.00011532764613313051,-1.256876285673973,-0.7956232537745521,0.8776999201037874
-58.29277193689513,1.3706102542706304,0.09715646062780434,0.0012810423148654035,0.0032839160158290416,-0.6245766109782291,-1.601084610635311,0.5992682810421931
-20.295466428059683,0.6218970409212836,0.11011911690357765,0.037848731083863246,0.0004451277889587219,-9.221112234930168,-0.108446787602469,0.5596226987441579
-11.929633145713822,1.151906426177915,0.05603713455672582,0.004262842079802252,0.00017758138961738117,-4.899490241756982,-0.20410286594251795,0.09549482893965244
-19.79595460337258,0.7740915223071637,0.10238340432058646,0.020219417917781708,0.0005609965817806358,-6.003495879536294,-0.166569615448331,0.3466301360777023
-60.047684553375106,1.825071773137284,0.17294956686175855,0.00358899058226323,0.03984552953104681,-0.3001209814209941,-3.3319896371965143,0.6910897385748144
-60.89537374118994,1.3861606229563024,0.04934873620843927,0.000149429713249892,0.0005351359105755315,-0.5284287447820717,-1.8924027314456715,0.33521400873799556
-9.215122392221659,0.9331115528597043,0.17423070769377658,0.2633668407098789,0.004250705984062056,-7.871364319798428,-0.1270427792911011,0.3348900279898073
-63.14828940905947,1.8678073740005294,0.09661383979349267,0.0005245218007315945,0.009547762698869785,-0.2343856200785294,-4.266473342797038,0.4239902510888989
-16.499671211881733,1.699198673640429,0.02865671126230085,0.0001976676374332047,3.778159849494702e-05,-2.2873236557831214,-0.4371921732508928,0.039061769593787314
-21.2821044371207,1.2925509805643332,0.06751499878856407,0.002341616768484688,0.00035360466883975917,-2.5733503319658895,-0.3885984693098737,0.12831756393589963
-11.195330805039333,0.814901469640392,0.033689280947476814,0.0016029581943229154,2.5143250110690798e-05,-7.984548996076007,-0.12524188911502057,0.07786712003365459
-16.175215996087665,1.5440614421361394,0.15332801612891797,0.03525165077044187,0.0051492738143342764,-2.616475885218437,-0.3821934708626274,0.22355114420210795
-16.371443445418933,0.8857130557117942,0.1938421082794757,0.14566756048820004,0.0049796637438111,-5.408557046111204,-0.1848921979512092,0.48274519037960867
-14.943234538806223,1.7484252273662135,0.1767372329731357,0.053816829137747615,0.009123428062344676,-2.428734415486665,-0.4117370732771627,0.2300051942311849
-57.06498284460744,1.4227843074952762,0.07019844040239144,0.00045758488549191805,0.0012559509125713213,-0.6036003771969305,-1.6567252735061502,0.37869480702716624
-33.58127141198556,1.8032743865330239,0.19399670527335755,0.01590302781253002,0.015785280482290696,-1.0037227265936282,-0.9962910806988876,0.3542092417544387
-23.00248372244525,1.0425270125332253,0.1870213868865835,0.06050094570979163,0.005466439833849617,-3.3268161066804476,-0.30058769944991537,0.47423390890577904
-21.437123411071404,1.2738356006665004,0.09237397779086234,0.006046878089269194,0.0008877871274905522,-2.6098237838512444,-0.3831676323082349,0.17883613052898026
-9.61164057792007,1.8556860621169557,0.039668105640473884,0.0013072411705004514,0.00010997666571547675,-3.4476850391677853,-0.29004969672095793,0.04592995497977711
-25.371877569019325,0.7473731129129203,0.12631413400852248,0.03110225991067269,0.0008712336850164561,-5.974872524377284,-0.1673675874958056,0.6022270483081065
-46.90829386395814,1.3670911447800387,0.1460982707339956,0.006273109526899659,0.00622839339788271,-1.0035832801685163,-0.9964295138835766,0.5653519556326966
-14.249139593622289,1.6316467913404704,0.09271938497267523,0.00920389264936509,0.0012129249928504657,-2.7546650556660106,-0.36302054144227874,0.12537362502117222
-40.44067774455808,1.0550746408004905,0.09308532091349575,0.003589790197055493,0.0007435754705868556,-2.1972122229956272,-0.4551221723300919,0.45970048073903735
-24.14218041374344,1.8013722869239646,0.1231960503285747,0.0073254247546464205,0.00342609017627841,-1.4622344481849845,-0.6838848593953327,0.18429087341998174
-18.46205421060469,1.059522150616601,0.025001137263289126,0.00019897645190723238,1.3602530639116507e-05,-3.824643716321261,-0.26146226267628697,0.054279031364480354
-23.798535372574555,0.7599631398438742,0.19241586134961483,0.11230711787361286,0.003315049396578037,-5.820477825497501,-0.17180720036752753,0.8141780173209625
-58.41088429638845,1.3760725331075476,0.07218302727740769,0.0005179088236326894,0.001371778667174339,-0.6144472894046976,-1.6274789021672504,0.44370692316640076
-36.301673801409684,1.6539949392772284,0.03715518881318782,0.00011105567947924486,0.00010406498295870362,-1.0330422361250933,-0.9680146319582889,0.07931638500716047
-50.367362183908185,1.8380592740506225,0.04740343451998418,0.00010726837232374783,0.0004383105797717857,-0.4947033696658844,-2.0214133586261718,0.13354568653307045
-20.98314639124792,1.3184613110213337,0.10062240162639824,0.00772422068819201,0.0012020414686925746,-2.534939574633723,-0.39448672071187,0.1861928550094423
-11.51346872395942,0.6583481937711853,0.053426751151936805,0.008176334020034245,7.435951001550997e-05,-10.486028960038174,-0.09536498552607083,0.15797658409546306
-24.7607586723584,1.7834081908954174,0.030447154227030024,0.00010707359910141438,5.143850162352333e-05,-1.4427698090779082,-0.6931112598198268,0.046482004444823755
-29.15211105912165,1.6242164436838844,0.11894767982945591,0.005447070569849555,0.0028729429947998565,-1.376949448814251,-0.7262430736735774,0.2170543189226243
-40.76821255405138,0.9366472455460624,0.08890248172050275,0.0043998485767727654,0.00045879291897844154,-3.0967811297574848,-0.3229159433938788,0.6076548952930755
-20.357580606296786,1.8510225496433645,0.09645628118520833,0.004625157421663426,0.0016369037345681445,-1.6809379789637686,-0.5949059468669154,0.131791113648598
-7.953028577837543,1.7811331199483165,0.04756865285623767,0.0033896835110006963,0.00018202533029763098,-4.315326512235809,-0.23173217534399063,0.05527552754288876
-25.862275082478995,0.5805730477178387,0.05965066735554121,0.006952897603317852,4.2053327624529704e-05,-12.85827569993471,-0.0777709253819373,0.5924829184766238
-11.16050025306994,1.7355117347368463,0.03166538580387679,0.0005392236640193542,5.184426175603249e-05,-3.2250327128741874,-0.3100743741320962,0.03909536115684826
-32.133233530524734,1.6379013457193892,0.07036162610190536,0.0009427409126248871,0.0006344594190912521,-1.2189734675756863,-0.8203624004949146,0.13664991009372926
-44.45504467714415,1.304465932887437,0.07526459708112157,0.0010270666339459488,0.0007082115067443865,-1.2042532331001137,-0.8303901310073265,0.2883796870544459
-6.002843985257741,1.1218220361354783,0.0428791394777818,0.007047673951182276,8.1531824497655e-05,-9.297353021946465,-0.10755749487402416,0.06615869025038663
-49.07188142770815,1.7589553581016306,0.18634570583371077,0.007400882957530005,0.023093849153930167,-0.5661005875774454,-1.7664705212184484,0.5327911935804222
-14.334571660457286,0.586435207320585,0.16215509667199718,0.19888513504527736,0.0015885812690806136,-11.189133190632994,-0.08937242795868693,0.6387468800771823
-58.696151710511344,1.4241308629117586,0.13027084929815094,0.0027618044315414216,0.008979346540601334,-0.5545926310493792,-1.8031252923570908,0.7534711034570497
-20.915536202084546,1.6584011048111873,0.16638192480990371,0.025940959913395803,0.007354305032881437,-1.8781150885458047,-0.5324487333597242,0.25035509781948534
-51.29126279148082,1.3257358696624282,0.09276144192791452,0.0015029886740434357,0.0017800184454053749,-0.9188943953192649,-1.08826433711412,0.4522496242233189
-6.501609508238133,1.9745082486142824,0.17470952391452374,0.22202657127978084,0.01011968765162722,-4.6840219557608815,-0.21349174052655737,0.18774183426236762
-13.73526226822193,1.5290712569713225,0.16373339293487277,0.05855691183573152,0.0061851908887550775,-3.0768939560856388,-0.3250030759175657,0.23026519292998957
-22.235516484660863,0.7974470179999302,0.10780294428515308,0.01932630144192775,0.0006619397569879909,-5.4033754031790515,-0.18506950292805022,0.3887537497635841
-54.735759212504846,1.739368431799193,0.06763098369426072,0.0002902845080632387,0.0014834211840406653,-0.442363913124143,-2.260582227283455,0.23732063188355745
-34.52278698383487,1.9951350097164502,0.03552192494618519,8.04925720887787e-05,0.00011447608601033012,-0.8385336907850691,-1.192557926997256,0.060293825335688604
-37.7357572272847,1.8332247245144937,0.08682329538945825,0.00113156086401864,0.0016159513341538413,-0.8368060676195208,-1.1950200156228794,0.17230296304331597
-42.82961913491427,1.7006747184776763,0.12904993180544844,0.003340790746554061,0.005562275389741557,-0.7749940950594634,-1.2903324120466653,0.3189457249617342
-53.87930874039078,1.4757701031991304,0.0632453588795502,0.00034214174382250144,0.0008249597891572648,-0.6440011488471539,-1.552792260992283,0.2791275584772214
-15.117482606701373,0.9838046329082877,0.06512625724763653,0.00542273997167703,0.0002219716030544658,-4.942659360827504,-0.20232023431057958,0.13920367222573776
-9.113878424692047,0.913266259182274,0.07371919563657743,0.020886096680087705,0.000314171198203567,-8.1535259509704,-0.1226463257752904,0.1440710879345339
-23.772068671652242,1.5212338887398118,0.19879999426285214,0.039575494984434065,0.011461921229032904,-1.8581658233650582,-0.5381651020730986,0.34205178525700286
-60.67905378634727,1.8435081270638642,0.051719989737172845,9.172491450956929e-05,0.0011446617650165826,-0.2830773162931398,-3.5326037885863424,0.2088957338450616
-15.00433758847457,0.7338519338809586,0.03385427030755474,0.0011772824992298393,2.0449951924550555e-05,-7.58742128168701,-0.13179708399922366,0.10087107846095586
-24.04490157804762,1.928445196648447,0.1261559429985091,0.007261404172865865,0.004009727664867646,-1.3457142980244796,-0.7430997808881192,0.17839915925374872
-13.572112185622785,1.4191132350504905,0.02436805791589394,0.00021564362311247385,1.8658537495979796e-05,-3.3996132260045226,-0.29415110882342166,0.03618177453495906
-63.80564071765505,1.5020525661401414,0.052477981629468096,0.00013101693020255603,0.0010161529578875494,-0.3590741713380127,-2.784939936709218,0.34422611897856753
-40.15304338860463,1.8710908704896774,0.13199765252428425,0.0034474796942082103,0.0063160736118605815,-0.7388006467565027,-1.3535451063696546,0.2725896201937852
-21.554754231889945,1.071129462041943,0.13871223212443995,0.026133136953668215,0.0023346054460698235,-3.3457156288619747,-0.29888971775528456,0.32542950268013304
-61.57251927537642,1.5793624920437932,0.11187654493657156,0.0012314334537593173,0.009085155323707936,-0.3681622839520006,-2.716193492895583,0.6009019524062336
-62.69402710495873,1.460510931686726,0.089074648321289,0.0007179541106290603,0.004187047892765287,-0.4140896531567284,-2.4149359743154726,0.5874136612653053
-8.11135295184107,1.8454141877499608,0.135809435545983,0.07308610413944004,0.004399873645449796,-4.075653963398683,-0.24535939728457745,0.1547602540456731
-26.748733995903244,1.5200912831451419,0.16462676833249712,0.018381527287444743,0.006704278932158646,-1.6558262346728514,-0.603928104930391,0.3032420661563625
-24.200395797875686,0.7747105187746703,0.13966413779269063,0.04053731458889104,0.0013095892028267058,-5.563651836018671,-0.17973806224287325,0.5823572348606868
-40.129031097842045,1.930967273400626,0.18096186498112382,0.00847884671150995,0.017055400850255312,-0.7050784260635168,-1.4182819428798057,0.3616013914965224
-44.28996341821922,1.9529757100658394,0.17084454564717538,0.005834419824650629,0.017058303446964858,-0.584831720645488,-1.7098935722848345,0.37597541686957453
-46.28508191573594,1.9511199705475437,0.04398428147922924,9.163849833939481e-05,0.00031669501641994215,-0.5379208367351564,-1.8590096008724546,0.10236447498587803
-13.395597873884782,1.639509055981994,0.07776689231143277,0.006054823450460909,0.0007192403497516086,-2.9014408439180146,-0.34465634620681473,0.10333198651636213
-19.118572158555118,1.6293287054867462,0.023633195349267104,8.930882423811197e-05,2.0372036315199912e-05,-2.0937747837084415,-0.47760628687524126,0.034866906766504877
-36.60430273906067,1.4142333306342785,0.09891516383594987,0.002671452326041098,0.001530159229266067,-1.3213120665535418,-0.7568234827434526,0.257162535223639
-7.074031404980147,1.2398139993016901,0.11442795761155207,0.08779609321136458,0.001711882561447441,-7.1614441857800655,-0.13963663949034524,0.16727033782486087
-12.28304842772873,0.8595285512616823,0.033768278345170426,0.001285299919182885,2.6696833338071038e-05,-6.938608199042802,-0.14412112217806913,0.07639573208380873
-10.857687012559964,0.5797417576020916,0.06404373564585966,0.018576809531892217,0.00010853120170461234,-13.083027621045622,-0.07643490703874842,0.21492096487134868
-67.31489694628581,1.8663394245948624,0.02678414522870902,9.224597836552639e-06,0.0003161063152366024,-0.17082724405971228,-5.85386719492151,0.14226622268237532
-64.11708774002672,1.6169689463023011,0.15260054049169167,0.002671853406741805,0.030641132286720312,-0.2952935142748577,-3.386461102796877,0.881381646646582
-5.763269809634494,1.0376109387531434,0.06501464431529619,0.02893187456303125,0.0002614958208467675,-10.518550842792683,-0.09507013037686655,0.10589741665251766
-17.95590533069477,1.6194098509730093,0.03531070634073952,0.0003361129365382674,6.705311032281032e-05,-2.2388920292256738,-0.4466494975846837,0.0512336542936928
-36.48198374427927,1.7019759893237931,0.08730687365325572,0.0013668227782003357,0.0014177934490195616,-0.9818601210301328,-1.0184750134783307,0.1814953187567955
-21.91870965730007,1.8137668901440716,0.15398791421713248,0.016876162500944633,0.006587537147490901,-1.600572351866321,-0.6247765050008308,0.21973053470750242
-32.681599417050876,0.864201395367916,0.14989476077140373,0.029985701558372723,0.0018313307555907709,-4.046445659896262,-0.24713046561105598,0.7866033743131914
-13.836869725328896,1.2905330739385632,0.11802860190294306,0.026548730878389683,0.0018883726081564867,-3.7495403927748607,-0.2666993538533256,0.19021967812356375
-32.11493541764445,0.8351669250947582,0.15998146037624256,0.040425511174390034,0.0020455544258806708,-4.445516643052441,-0.22494573303708665,0.8820976998310958
-26.54377296790252,1.5617379562547566,0.041278028212015414,0.000282604377283179,0.00010952141010047648,-1.6063490797335453,-0.6225296933378117,0.07370659010293379
-46.44554361559179,1.323471910902687,0.13834807405334207,0.005802014400024821,0.004846476666334023,-1.0941486733260744,-0.9139525773587294,0.5572387599416904
-54.0452132821449,1.5858909193296256,0.1448000962211232,0.003503877930741366,0.011645498547410177,-0.5485237558630774,-1.8230750980448331,0.5695056329288147
-67.27144211760795,1.9932892685929129,0.05258663799918628,6.166956824446699e-05,0.0027002051174626596,-0.15112526518479458,-6.617027263953577,0.25375281710911946
-20.257120264798147,1.991522850420548,0.11301889869759894,0.006866634505821029,0.0028766097715280828,-1.545010695079304,-0.6472447104637491,0.1461322070802873
-68.48513402472145,1.799088072775754,0.060265923289222714,0.00010675966443919236,0.003855084673585767,-0.166412766050313,-6.009154367986777,0.35929995767628226
-16.844738617082015,1.6063492418349454,0.1349201043903073,0.021262089652613777,0.003688169241950823,-2.4010298078837695,-0.4164879572575505,0.19307058686926942
-55.23490283017014,1.8188387852203487,0.05860091206598246,0.0001704883166309348,0.00108254352296463,-0.3968483951551588,-2.519853959870551,0.19675431582866676
-28.546259787057487,1.7219993991211677,0.08760141384502547,0.002078542535470304,0.0012338879734831443,-1.2979010762568925,-0.7704747444111609,0.14917061547319502
-15.769277700819558,1.7176611173617362,0.058940985824427444,0.0018453106450944644,0.0003321785556394222,-2.356942281528524,-0.4242785272414393,0.07873731179171643
-22.62316961164678,1.729984921668159,0.06262379874739853,0.001138800760200589,0.0004201073314364049,-1.6464317931839751,-0.6073740826312252,0.09405126250584846
-56.92509002157274,1.5360572195319508,0.04175023267744346,8.102088822739494e-05,0.0003125708008031963,-0.5091248525369771,-1.9641547550016156,0.19375326720170558
-28.332391066027085,0.6712766060967802,0.028091625034043034,0.0004404564623190715,6.3937659702857615e-06,-8.299905071016116,-0.1204833057057573,0.21671849400668308
-11.765253295007469,1.6578832039019598,0.05448552229402705,0.002619502774696052,0.0002506488035592642,-3.2327834451710187,-0.30933095796866733,0.07000732463363744
-57.873559346570346,1.4381961331593858,0.12947753203525142,0.0027218266550368816,0.008534661680325928,-0.5647250810021567,-1.7707731312825843,0.7078367788448657
-37.33746459617607,1.2790641757870662,0.02317697741200208,4.001083918990864e-05,1.6659847005411952e-05,-1.5497203137425812,-0.6452777260078599,0.07106228935724596
-58.262441461288134,1.8608926862732422,0.0716139064562865,0.0002643522432858914,0.002549570283953408,-0.3220015822652264,-3.1055748017297615,0.2601001422412237
-38.42858107051791,1.489385535306828,0.03047004043819388,6.610193014318664e-05,5.106683367428397e-05,-1.1377257957273759,-0.8789464067312243,0.07819418354881362
-33.36034770092446,1.0942201176324502,0.09265857865385019,0.004036809259634759,0.0007431780976527839,-2.330626411251931,-0.4290691958059615,0.3153184271303737
-34.22484584073651,1.1208977122642758,0.02874381280937437,0.00011114980105322191,2.34618665366961e-05,-2.1765721346649833,-0.45943802370414866,0.09713715736440526
-33.23402227679406,1.4078665412263773,0.12935751979174906,0.007010554511654876,0.0031803354388337825,-1.4847034611647676,-0.673535171269479,0.3064850052258242
-27.984464780996035,1.3465299604236862,0.15164075893587745,0.015941266023477996,0.004442243327252323,-1.8943500456806681,-0.5278855416822845,0.32751870198728805
-29.393723271483253,1.2631413233287696,0.06038181175632591,0.0010309594000803245,0.0002570800349373037,-2.0025649298640165,-0.4993595888388522,0.14640498742873628
-28.805890833733763,1.5903510539812729,0.1763300291531138,0.018666348263794364,0.009032805820992218,-1.437534727496888,-0.6956353685738453,0.325884027328159
-46.48708681893855,1.7455202609203415,0.030197039473967673,3.532982527490462e-05,8.607468836926638e-05,-0.6406679746915691,-1.5608709027190266,0.08050129455396204
-63.3224054077392,1.270640676427535,0.07596090680964136,0.0006535868759578457,0.0018262860319849966,-0.5982287251717981,-1.6716014425967625,0.7337140067458556
-24.28202676064383,1.5185150422542795,0.13332868891337774,0.011537629034184364,0.0034650910803251415,-1.824739857025152,-0.5480233229685058,0.232391857255636
-62.22034422615026,1.5748102910029143,0.029986558420861606,2.3265179955538157e-05,0.00018378438478378298,-0.355794232375509,-2.8106132955651444,0.1666506089159114
-17.768756740631638,1.2854407543170268,0.19404830729142514,0.0762179412518559,0.008293868170607784,-3.0314474407183583,-0.32987542075380044,0.3414744457494082
-39.06512856954024,1.6906984664746443,0.05140658190975102,0.00025043120396595905,0.0003077922975926532,-0.9020182966928267,-1.1086249621170823,0.1152089626264558
-22.968373611153687,0.9503721629439523,0.02480095993632686,0.0001646659739130603,1.0947776107132798e-05,-3.8782783873111475,-0.2578463689640678,0.07093879656551705
-42.560433093333245,1.0261009276149178,0.09191978749989124,0.0035754863175867643,0.0006797232584434574,-2.2935145250117035,-0.43601206318712854,0.5399015371128081
-33.521045796526984,1.1150757699439664,0.179165605785568,0.027933468985342096,0.005586505454078826,-2.236105670488878,-0.4472060570292149,0.5947207858962054
-10.402204387563188,1.5439004036032533,0.16755717425922723,0.10410176109798872,0.0067404017034142245,-3.9299420683402007,-0.2544566771240847,0.2214146835222128
-43.114056394031756,1.7682799068173414,0.1841682436849451,0.008998834136006587,0.017419903457245714,-0.7187374122452815,-1.3913287147194346,0.4381751531361775
-40.350684641878175,1.5813772851180148,0.11608081747920183,0.0030447595978265714,0.003300342478638701,-0.9604991822730914,-1.0411253007352146,0.29205487790286505
-34.85022773543528,0.7609813386044022,0.1007743220975296,0.013569267944359205,0.00035099223369065483,-6.2176955881511775,-0.16083128963496723,0.8943481495379167
-24.686364702670566,1.0493256272003861,0.08945497569922302,0.005902956573561014,0.0006028065312584312,-3.129290052352074,-0.3195613008926316,0.23763391006133217
-41.32344211085209,1.530086299337077,0.18371382613492765,0.012278901727707205,0.012732806443371167,-0.9820140313212185,-1.0183153886860281,0.496423812358758
-10.873626182182221,1.2880803992777703,0.10191213758927184,0.026567810001208732,0.0012287203289832744,-4.6499829079462724,-0.21505455391913764,0.155180206529735
-42.98700646727442,1.6877447647920265,0.11273014766254112,0.0022409079889882427,0.0036814802919037403,-0.7801907060190462,-1.2817379036755505,0.28248249490699384
-44.87595989792518,1.5064089123824227,0.1629478132605561,0.007690249711721057,0.00973685967422223,-0.8887114293959523,-1.125224642018714,0.5034021802450055
-7.835000859897349,0.947560985997699,0.06040479547686152,0.014483295788553447,0.0001839007895454371,-8.874459325209292,-0.1126829211058913,0.11077150159899801
-47.60407542496385,1.2689198720804429,0.104788433368056,0.0026818775310444125,0.001991106688149569,-1.1605723119651898,-0.8616438542349044,0.47890533938199426
-22.30680640263339,1.210041519796198,0.17309726974306613,0.04010403937591736,0.005439267085852393,-2.715337807885444,-0.36827830301480796,0.36159719124923684
-24.990016790012312,0.7976590049483935,0.19372103509303715,0.09840295927836554,0.003663183360633715,-5.1829229270594235,-0.1929413217354862,0.7968366311257059
-37.25128223044753,0.9992372934726487,0.05818411557614363,0.0010862948300212137,0.00015385339673738182,-2.657175942869766,-0.3763393999871887,0.2782687350572288
-9.419278642647697,1.3511098619701598,0.13509991171752814,0.07648561890113863,0.003049771640813294,-5.007906730355856,-0.19968423012721348,0.19323822967419976
-67.44762502668655,1.193413040420423,0.057812446470692835,0.0003219458574359374,0.0009243791721020525,-0.5901553450501281,-1.6944691061216424,0.8918111927361922
-33.00205867268888,1.8337965279720008,0.11955573630575952,0.0037474091530363463,0.0037347649669921407,-1.0016913383295252,-0.9983115174657038,0.21197878018980212
-55.53212283769574,1.9120159655707414,0.1702661472459024,0.0037790130360111822,0.029615731905586216,-0.3572135793007941,-2.7994456480556784,0.5410871687305934
-31.882900552673583,0.8292101438421363,0.09016753672317622,0.007412241909163289,0.00036043910457118927,-4.5348073440102805,-0.22051653447214958,0.49900937457387995
-23.026771077020392,1.6780063272316241,0.02650526064039328,8.703588196127282e-05,3.0739928254656177e-05,-1.6826653143535704,-0.5942952478248297,0.04115744216401823
-62.69906560041066,1.9922921054579135,0.06573522411641988,0.00014949370057070586,0.003249035436914833,-0.21450342064682382,-4.661930317868836,0.2592099484600647
-12.065611031430493,1.7954001047812311,0.1456744627314694,0.043613452228333544,0.005243957661893328,-2.8839029680510704,-0.34675230445627503,0.17820034673594393
-23.293013921536037,0.876895326059699,0.048493805112185956,0.0013913186408658163,7.085831294052929e-05,-4.4311647557974805,-0.2256742989959147,0.1577400129777946
-16.27023564490797,0.5650134155618959,0.03903819207685888,0.002554299049828711,1.9157157741598124e-05,-11.547031040519283,-0.08660234795342066,0.183101186413445
-5.087854178389634,1.7311690655617498,0.03710960806712761,0.0039405848419377,8.493846429831787e-05,-6.811270670830393,-0.1468154839716692,0.042316934081755755
-61.21751849510838,1.3316748229947915,0.1133337810083753,0.0020043851153809474,0.005936768157178114,-0.5810527218492512,-1.7210142253828749,0.8613633765745332
-36.31664438454669,1.4024575537082942,0.047564633483816884,0.0003051070659130851,0.00016666297617798064,-1.3530273212934039,-0.7390833756734985,0.12394968675830088
-5.729143468043418,1.4690175859562595,0.030788799788068387,0.002128398900082422,4.056643593497626e-05,-7.2434102983139805,-0.13805651741594233,0.03919943196077489
-40.492007647826924,1.6016507452682462,0.18665452254848383,0.012316521378800752,0.014079965477516134,-0.935283424225305,-1.0691946142724593,0.4641251292162767
-32.072959230149465,1.5095393955677407,0.030444959720469233,8.66672081641524e-05,4.538389976369261e-05,-1.3818996208937044,-0.7236415618619811,0.06442912300166038
-15.502209222379548,0.9981762774683304,0.09623543508090535,0.016448795637273406,0.0007280242257369627,-4.753288087955118,-0.2103806841697667,0.20483204690177706
-10.029990615987117,1.7393943726913141,0.020102790152571003,0.0001684949911350169,1.3317215964263501e-05,-3.5570238420140976,-0.281133904189343,0.02438585191267308
-17.53722090038658,0.7927163308074725,0.18648488320790207,0.13859990445531997,0.0036759262521255105,-6.140419900650458,-0.16285531220659186,0.5557542440659158
-57.25984425240563,1.455662619767358,0.027915994614901615,2.7061274013887136e-05,8.451244266599497e-05,-0.565866250268838,-1.7672020544164084,0.14512764205185075
-12.041989192611382,0.748425770810601,0.05643552966150708,0.007481980676400258,0.00010372385780173307,-8.493153250202853,-0.11774189992110594,0.14690591823005766
-20.116374137895683,1.2166863602275733,0.08438202800786404,0.0054649276562504425,0.0006333629233903434,-2.937418936981697,-0.34043492653027413,0.1656040480527541
-38.953786909634395,1.5687449155448316,0.05155136831437865,0.0002867326761487734,0.00027385092016584626,-1.0232493837958707,-0.9772788685104074,0.12583110725637817
-37.941696907849085,0.9215189112522927,0.08362064714317953,0.003977494199109606,0.0003655661694108742,-3.2985401785455313,-0.3031644139138372,0.5050781519440382
-42.08728854821997,0.9673372075909412,0.0627484491024057,0.00137382111432002,0.00017957463675670956,-2.76593898173712,-0.3615408751251483,0.42227626725541967
-32.24972900627704,0.8352479316111614,0.04207571257482162,0.0007334869346038192,3.7143592778837396e-05,-4.443797256280428,-0.22503276867249014,0.23381663241618714
-49.37577330252584,1.6778092039147865,0.13636088975520705,0.003118945086995015,0.008440402957911378,-0.6078861852234058,-1.6450447868501692,0.41915758862077285
-23.811938201335032,1.9397207494053155,0.08225678418239636,0.0020337402557142996,0.0011163902092721353,-1.3497077233107524,-0.7409011467661011,0.1153076759623069
-54.983755514123345,1.238749773017139,0.06056912805974014,0.0004528590636563868,0.0004936897588940426,-0.9577550993876022,-1.0441082492167462,0.4072210107917843
-16.210934080898177,1.7641434272780268,0.027055260412990428,0.00016431101481938473,3.321487363433434e-05,-2.2241651762554793,-0.449606895511044,0.03571005282165458
-62.909916008537465,1.9497143610325756,0.12345290803536235,0.0010203622674908525,0.021106703304269198,-0.2198705143892746,-4.548131443534661,0.5053397329389868
-23.049417498320942,1.3827706649369391,0.11068450484321339,0.008211589363526419,0.0017252067078265276,-2.1816900086058855,-0.45836026019067977,0.2052490502249084
-38.451415563735544,1.2766096806112448,0.02190536228500061,3.251131817113496e-05,1.4329188178880848e-05,-1.5062827275819655,-0.6638859901190657,0.06998850349947644
-59.37267195273104,1.7611671484106481,0.1634048504319585,0.0033329776645915792,0.029720082400301467,-0.33488153143984545,-2.9861306346170644,0.6697144282054669
-36.37045265309638,1.7498675582019865,0.060587153541118946,0.000440198109983119,0.0004928480623518761,-0.9450777965148981,-1.0581139496532825,0.12194966903818448
-16.340591514793346,0.7075560393404052,0.14825748115012197,0.09269076342514826,0.0015717871958382962,-7.679295087542096,-0.1302202856642756,0.49073606904244266
-68.34521605570433,1.6967367857399434,0.11025106410502443,0.0007460883828454646,0.020464180256791708,-0.19094045915512725,-5.237234708792452,0.7197087691307376
-34.50752486034276,1.1973066857868364,0.12784901066027662,0.00850625281547396,0.0023556725185443416,-1.900254131404885,-0.5262454023771471,0.39319757968892827
-46.64839789919407,1.8220830565322506,0.14753764445442086,0.003807964737822221,0.010869831731199929,-0.5918818853341334,-1.689526280121705,0.375114205928984
-46.78613590760731,1.4531439091866254,0.11853707546000047,0.0029642480838595682,0.0037580279292509324,-0.888131496787662,-1.125959391843395,0.41264884664664186
-19.793581234083824,0.9383526591980222,0.07739612406845345,0.0063431327002609105,0.00033377204491826515,-4.35940199662519,-0.22938926044768188,0.20150804573423658
-13.021063643506054,0.7005207853276003,0.1746182798479446,0.21503598878458335,0.0027358669279997395,-8.865599132957398,-0.11279553530483379,0.5092525537971209
-12.207185840339093,1.2935159001103513,0.18022385135482358,0.11826195135314231,0.006784044849386036,-4.17520847269025,-0.23950899854245145,0.2806206685004123
-38.78797903999564,0.9088528862521703,0.06548494302230684,0.0019750587198281507,0.00016746004174783365,-3.4342697812148195,-0.29118271530964746,0.43266331393007157
-64.7907160543131,1.3918793289542197,0.07497952012869301,0.0004502565159774773,0.0026574366633198235,-0.41162196544625884,-2.4294135977798286,0.6128891066994944
-30.501031682216436,1.6969011757683032,0.1215674681195061,0.005052367199427624,0.003340515254617628,-1.2298176562451342,-0.813128673931377,0.21928086969289018
-25.638738331484518,1.665769224246918,0.09431692680172675,0.0032764262373500175,0.001411896110306331,-1.5233469474536334,-0.6564492755058593,0.15550723371223954
-35.042989356504854,1.8032025337903304,0.03943267129908243,0.00012388997790554053,0.00013731439809748866,-0.9498609835238426,-1.052785636367702,0.07452182586029622
-8.513871506560562,0.9393541068685507,0.1804316999161628,0.334943782513814,0.004805294186255954,-8.348836763417895,-0.1197771651712848,0.3388466319847874
-42.94522972536672,1.1986270725726107,0.056841793248561354,0.0005598555925758731,0.0002422293315293265,-1.520283720789816,-0.6577719581713873,0.2400606913136731
-44.20753175181527,1.6202864347045483,0.12706488126870708,0.0032770491731617863,0.005141177643039422,-0.7983809649576142,-1.2525348723126053,0.34762783186620777
-53.02502797500418,0.9535146682134246,0.027335331856557506,0.00012449324328058382,1.4514263102885267e-05,-2.928703424016642,-0.3414480250200703,0.434077139235206
-63.16880804939853,1.3422402999052796,0.037228218977780704,6.500789634514764e-05,0.00025243747235929783,-0.5074650590804098,-1.970579022351066,0.306363859977981
-53.58406298261569,1.7290992607014928,0.13961222122688885,0.002698673767675107,0.012023777034005074,-0.47375601464526196,-2.110791143725696,0.47437972028971154
-26.644298921769327,1.7259083289174166,0.026041731868356847,6.144385747315391e-05,3.159539907884085e-05,-1.394528241609365,-0.7170883816923944,0.0424894642916087
-31.699294891259868,1.9886880646625205,0.03353592297412561,7.94281225109546e-05,8.960517731849147e-05,-0.9415005904264495,-1.0621342250534898,0.05372324246615311
-34.21969181192696,0.8716691216595418,0.14253537764860244,0.024478889826039966,0.0015842037285580866,-3.930885043235995,-0.2543956358430612,0.8002002332687265
-21.75136730834631,0.9641505290710242,0.10988332505632434,0.015117579923852513,0.000982879740039193,-3.921849693213864,-0.25498172500856947,0.2953975523203556
-19.211021325515183,0.8740035937856692,0.05688556419996618,0.0029460630907328015,0.00011912942693866456,-4.972920257694547,-0.2010890881374401,0.15884827162598303
-26.622063431045916,0.9012990475497986,0.17798640897598753,0.055391992888440766,0.003576517224522917,-3.9354403556366946,-0.25410117029666307,0.6372868168188855
-44.37331669967295,0.8597158164556693,0.07122019438159541,0.0032920282727006566,0.00015864383627571128,-4.555333489336745,-0.21952289603841924,0.8882759520995748
-34.74455318842936,1.0906569671006072,0.06909924472261018,0.0016028338553503647,0.0003096690473475616,-2.275073095063231,-0.43954631706996083,0.24955179364691996
-45.882919870052085,1.3914842671809848,0.06128105952517035,0.0004614628081056882,0.00045950840723688605,-1.0021243649847813,-0.9978801383750273,0.22162456188265112
-66.74997640046288,1.724173402311924,0.1231482037750573,0.001084337358571538,0.02445338398566151,-0.2105778690923478,-4.748837113369475,0.7212902701367994
-18.16883429873804,0.555912331989558,0.07556232973748021,0.017272064270973525,0.00012277450297438577,-11.860910541995475,-0.08431055916485822,0.4163661611014871
-10.573499844745655,0.8962874948529531,0.026381743833395116,0.0007520632365754433,1.3777965183947675e-05,-7.388131864764813,-0.13535221329347957,0.05452436271107391
-10.282031332458374,1.5011434633766938,0.06339284687240415,0.005948390168858727,0.00035371899706194754,-4.10081833988124,-0.24385376700908926,0.08527195209138766
-10.627814546979096,1.4780727248073,0.11879622849076628,0.037447469945832826,0.0022843701579157343,-4.048815635194081,-0.24698580772795914,0.16248415532111046
-8.605340743931905,1.0205464389553853,0.020800916956421098,0.0004563835657427188,8.109155830364793e-06,-7.502001998632236,-0.13329775174444367,0.0364818703796935
-22.77355274174389,1.1869415152492713,0.1665792840440232,0.03556152134983134,0.004716505274664935,-2.7458701999292963,-0.3641832742224119,0.3599192363260822
-12.057333588666623,1.1453397895190054,0.14246144664362898,0.06919626375026226,0.002894949483567422,-4.88900889944739,-0.20454043356579513,0.24464638873047506
-7.196737910284028,1.4615965446728039,0.10578696258633909,0.05600284698718949,0.0016199880869726332,-5.879618427376707,-0.17007906420317945,0.1381030246579262
-38.72573707267705,1.3190783691131507,0.15402552883017154,0.010503517380350897,0.005336811607767015,-1.402899120896594,-0.7128096276522714,0.47246016619936254
-16.265810164622287,1.5020839785301232,0.10034317914212547,0.010116898073068257,0.0013955799707688742,-2.692441793800519,-0.37141007181754104,0.14978140689035527
-33.96288081432413,0.9632941323728914,0.08039669187311481,0.0034128940181991137,0.00036854463660084875,-3.043100906612049,-0.3286121724807745,0.35493754995119736
-37.111851760916814,1.2463394859748393,0.045756910960254984,0.0003263762012796356,0.00012145996271080103,-1.63924047918248,-0.6100386201411514,0.14485177868648563
-24.517248007538726,1.5415745206303262,0.02278858570186305,5.550286386314723e-05,1.770250774150989e-05,-1.7706808884452938,-0.5647545001053393,0.039368409617156985
-25.2664424717156,1.659194252712753,0.08721943733605841,0.0026725264061925125,0.0011055918929468679,-1.5547607910024528,-0.6431857593702479,0.14318608656507215
-16.32661830313595,0.9297157720909699,0.13166774288242716,0.042738828412850684,0.001675116374119638,-5.051133122460374,-0.19797538012874752,0.3098644220042001
-44.56484918266339,1.4312955613766234,0.05233758082668709,0.0002843177143441956,0.0002892265426363683,-0.99147755358769,-1.0085957028290469,0.17274707847920984
-41.762722545721296,1.6988245703767701,0.11597492070274901,0.0025395780436789925,0.003881865719135087,-0.8088361022964569,-1.2363444178131866,0.2784229426514957
-25.015664408034098,1.3031682815883214,0.197196033442868,0.044144585764205664,0.009071212987041985,-2.2060027065067147,-0.45330860068777357,0.4082693142863617
-52.32585850247413,1.9931135923167504,0.08060611659307299,0.00042520629040231897,0.0027566598856075914,-0.39274281363732855,-2.54619553885315,0.21914051961312897
-66.88944603252462,1.9534877995653703,0.13563477448170483,0.0011199805273391541,0.04265629942785613,-0.16203679622377481,-6.171437743183885,0.6607905584485853
-45.20582854174625,1.6335447641363785,0.14770754996983876,0.0048800257528179925,0.008512879061292146,-0.7571341324911058,-1.320769936378145,0.41224738641772873
-9.307369976424667,1.0174277477300988,0.17128214247124748,0.22155191824721487,0.004474275636016473,-7.036819152708188,-0.14210966322974783,0.3060232744423812
-24.939024067931143,0.7404087202746372,0.03895132561951203,0.0009455596595292589,2.526685724573582e-05,-6.11742782974288,-0.163467396401149,0.18465426777951605
-63.85671888656376,1.4988720509037399,0.04265536778661193,7.058667497420467e-05,0.0005454293526972569,-0.359742798911228,-2.779763772969268,0.28171352649826054
-15.53291499358265,1.2513030942901535,0.07058853458970099,0.004804735985833151,0.000386774694989316,-3.524566736528091,-0.28372281609428673,0.1210991450979698
-51.63496077427392,1.308845836483516,0.022148446767559272,2.0902876482564323e-05,2.3846276849645305e-05,-0.9362519522384031,-1.0680885605730244,0.11250129532561964
-16.120836293561098,1.7410889933532627,0.19748923298070137,0.0655840917857267,0.012713550819744738,-2.2712546146242056,-0.44028529146894296,0.26276229976103754
-33.600454104776176,1.5006421393334946,0.1293661009934382,0.006216212504643267,0.0035491011216621936,-1.323438423986725,-0.7556075007914616,0.28699524503246016
-10.49971339390386,1.049287200443938,0.1926131905372945,0.24402510706618777,0.006517873758518635,-6.118772183942183,-0.1634314810125392,0.3444612631542292
-28.03050570606088,1.0670226610045233,0.1665637275743029,0.030933717692748167,0.004011796425786921,-2.7768128813899686,-0.36012509402485826,0.484643311310058
-5.951553503214214,1.925051694806202,0.08111042658229262,0.0271039872937251,0.0009877987787918659,-5.238203302952673,-0.1909051524281846,0.0878703769654343
-29.435360566638785,1.5317402440643388,0.08240523711973759,0.001939708847205489,0.0008812552830159544,-1.4836019878380606,-0.6740352252137537,0.16061341392139125
-54.51980391882272,1.9450690245777817,0.08651157704477311,0.0005012015176072749,0.0037442068959641058,-0.36586955255697357,-2.733214592499547,0.2600085571420371
-44.35207865872969,1.357941256712208,0.08407061528637685,0.0013195760838643818,0.0010708116278294484,-1.1100963600446658,-0.9008226997156932,0.2996006650768945
-23.46719902670332,1.0644211165227968,0.10041446634405098,0.008790975125515587,0.000873925031367849,-3.1716221060745298,-0.3152960745495892,0.25177127499340607
-58.61581996886084,1.3710165027638606,0.07568252097439855,0.0005987838422774413,0.0015878149751137845,-0.6140943329159413,-1.6284143109604015,0.4734960742083752
-54.871484187114895,1.7238965932988743,0.04976245426835861,0.00011699812166975671,0.0005860192513700355,-0.44682092478936275,-2.2380330564675615,0.17772401866055412
-16.57254495147709,1.7918560130276813,0.08721387167212959,0.005187247267950886,0.0011351187656000218,-2.137705248891943,-0.46779133864144246,0.11450593339573722
-40.99460658038839,1.7282658274136617,0.10656339917895846,0.0019794315721606494,0.0030177644399949576,-0.8098928747614892,-1.234731198610059,0.24544953292580396
-16.7951023395146,1.1832145676626067,0.1497311096000831,0.04304204621128379,0.0034213526278817578,-3.546888496686982,-0.2819372531541556,0.27836447468913333
-8.526862882992248,1.3537601401081645,0.056485105594998364,0.006724924032588411,0.0002246187727927173,-5.47167969342865,-0.1827592359254828,0.0794512292794686
-31.190405771169743,0.7346432420500478,0.026597971130282685,0.00027688407578757676,6.515356906895196e-06,-6.518983534125034,-0.15339814785008782,0.1961308785855185
-13.61802588298994,1.2480017501432914,0.04828453487461115,0.0019490912654247321,0.00012416380278497546,-3.9620375294058583,-0.25239538812494755,0.07968203489680023
-43.30511068769017,1.483060175069942,0.09124192625882493,0.001473966107108341,0.0015713038951936174,-0.9685312882751261,-1.0324911668893186,0.2739122343554196
-68.54823996189344,1.6742533309314553,0.05259284676293978,8.260103613742841e-05,0.0022112559693702964,-0.1932739125432167,-5.174004017621346,0.3553225019101341
-28.43495486675961,1.7858607691348223,0.07739730981613442,0.0013729805279114528,0.0008930009236980843,-1.239955887185549,-0.8064803033193377,0.12721046615340023
-58.505467631464,1.554859095359209,0.11165290091514592,0.0014243064424413116,0.006854871824142723,-0.45582910326658016,-2.193804636065932,0.541007449131537
-46.91919277870368,1.4391534677138158,0.0491042032690379,0.00021388663046223696,0.0002633534032631197,-0.9012024253524352,-1.1096286160225632,0.1744216345559325
-33.92104200986107,1.615774089650032,0.0677790312904863,0.0007844131640271799,0.0005764034972927519,-1.1665655124381817,-0.8572171809793595,0.13961012321806773
-51.97114978382365,1.9231586078078184,0.15051404056496423,0.002981668180572988,0.01655910674845005,-0.42433729387231134,-2.356615867708562,0.4220754520543205
-31.149875094496522,1.9684643879756156,0.05058113222543245,0.0002852165417277813,0.0002996027303751319,-0.9756958806225693,-1.024909523407973,0.08081221655086558
-71.84997718967986,1.8399259795609733,0.07125504947008227,0.0001402841067030748,0.010648334984997829,-0.11477925008801727,-8.712376141446825,0.4936363331430264
-45.75895077544608,1.757955702182968,0.05862301313923232,0.00026294046148303085,0.0006178972108640635,-0.6523348685046355,-1.5329550025316392,0.1515850910320172
-50.44460193736495,1.806628789789546,0.043257343634045306,8.372970653595928e-05,0.0003245798421916874,-0.507900934785622,-1.9688878903561897,0.1248391236853288
-19.22730835449002,0.7275284256747372,0.18662445874665387,0.1421140691046332,0.0030746861122207996,-6.798578933526467,-0.14708956235965823,0.6768942947138586
-40.216911529769085,1.8857133193761224,0.17827038553329297,0.008368267168281254,0.01577839297083468,-0.7282598787272032,-1.3731361965837297,0.3657789081500001
-41.36499673653583,1.1839772742410903,0.15524096807838383,0.012290329619965323,0.004629621371015049,-1.6293299032289514,-0.6137492462503962,0.6294808055709628
-21.28845757635161,1.8149858672524417,0.18954015076077116,0.0331513433951609,0.01222161870147418,-1.646971943506633,-0.6071748847590327,0.26724812434223905
-9.319681189360807,1.868506894025956,0.18138655331514492,0.13158263804589526,0.010598642741252239,-3.5234991248221066,-0.2838087834207956,0.2083371208490916
-34.89704278914891,0.8301523591181585,0.11410243963981656,0.014425921471247247,0.0006947953555010301,-4.556625419149616,-0.21946065520273245,0.7628918220274409
-22.711694953373147,1.1387998372631398,0.1165301450987003,0.01300918591183754,0.0015173938101702032,-2.9280325883185263,-0.3415262534951045,0.2633901988866897
-58.6394308512583,1.1799790534670103,0.02268864996108184,2.556510872774339e-05,2.701901373857635e-05,-0.972722756108796,-1.0280421566370275,0.21258689061453695
-32.573371192527404,1.6688796688397494,0.13227852217878558,0.005952441186262725,0.004372356750568684,-1.1667821101008855,-0.8570580499503333,0.25471098031629924
-10.31280257966975,1.995000557213026,0.13856711757949072,0.0449762736176748,0.005073540399879803,-2.9773930734369394,-0.3358642864194128,0.15492076024228207
-6.424639148467037,1.2930363051531342,0.07978510370923635,0.03412689448878654,0.0006113288329860116,-7.471554094263679,-0.13384096365811696,0.11192393369296733
-46.629667922974534,1.089127839831805,0.13453590919926342,0.008736907613946516,0.002723564760129763,-1.7910595205340427,-0.5583287370046912,0.835457839960654
-5.9264414182653695,1.147772001702046,0.02022927432516029,0.0007394404851423646,8.78698898534166e-06,-9.173426201241089,-0.10901052431911516,0.03064531202752491
-78.78271577431464,1.3175521186146653,0.024190306666805543,8.501177182869085e-06,0.0006473638445469596,-0.11459490629460835,-8.72639135834827,0.6127116125116226
-46.061905135671196,1.77359847295611,0.1442540366243074,0.0038129159823738273,0.009466020936316318,-0.6346654949112698,-1.5756331611186871,0.37233233955737066
-16.80090337113529,0.837863454049418,0.0942761175581905,0.017494280695195197,0.0005241646969724543,-5.7771568862222455,-0.17309552426815128,0.2546133330725976
-44.38423726432221,1.3557244772066037,0.08985482302046822,0.0016147979708493753,0.0013043400044352497,-1.1126631123375526,-0.8987446325052848,0.32145535767372746
-9.093757067003864,1.4526698029624567,0.17905769828319,0.17528794611812704,0.0077197059978647556,-4.765139792305405,-0.20985743201380322,0.24180717893632211
-10.242086056240694,1.8050388212857067,0.18637371434260463,0.12383056854549514,0.011054307312271881,-3.3469418464985803,-0.2987802136586732,0.22143210656833673
-42.319025477679624,1.230079066115911,0.0913493265483332,0.0022331670126807886,0.0010499774224040895,-1.4583797377080112,-0.6856924668821849,0.35833482189286237
-15.535190614300603,1.8778781736036967,0.1144572204947062,0.01250858523423115,0.0026993490357383318,-2.152655703046926,-0.4645424712296413,0.14306456681776525
-15.839347743658877,0.7744834002903032,0.16402885749181143,0.11363302640053739,0.0024860024207660125,-6.760853309279391,-0.14791032348349908,0.47160213224739983
-50.758289834554326,1.7163110268659385,0.05045550785845057,0.00014383154709440098,0.0004778846620088943,-0.548612286972054,-1.8227809032846898,0.1573602367737154
-40.19575317048244,1.285200179946622,0.15420267128016912,0.010509384773917914,0.005263874551633244,-1.4129795654815454,-0.7077243184753339,0.5182932020460437
-6.760470018864083,1.4387649310654795,0.1202648494497376,0.09435737002575832,0.0023465225738622825,-6.341259785234655,-0.15769737147947416,0.15762440354188706
-28.997379844408144,1.3590562038997906,0.043812900604099383,0.00035802361827191035,0.00010989274724423884,-1.8049755499853646,-0.554024125151229,0.0962288291558977
-60.23934288580118,1.7005655472237877,0.1656634670432091,0.003597359594228034,0.030946076056446777,-0.3409487730190833,-2.9329919305620407,0.7418045050419625
-26.2436187377293,1.022939635039278,0.04924834755480623,0.0009434618531478516,9.61392676158811e-05,-3.132649224348925,-0.31921863202153933,0.14290473674145482
-45.01180526462427,1.5938614682647572,0.10945104041846801,0.0020901339128509464,0.0032900713673995503,-0.7970478535882065,-1.254629813628039,0.31377879407098164
-16.053296072041263,0.6747209238998149,0.03861018198113923,0.0018165711720269124,2.582370766434687e-05,-8.38719828793021,-0.11922932613135818,0.13493819513803518
-37.103703076909795,1.4243930524858546,0.046992250879113504,0.00027695661221996214,0.00016796818480014933,-1.2840808069215823,-0.7787671886455266,0.1228601142700624
-12.493154139223805,1.9586932768030576,0.17636704476568763,0.06569005463271704,0.010271023801141367,-2.528965726854101,-0.3954185655350684,0.20521344854298515
-42.90498320191603,1.306306152274442,0.19467792507625814,0.018641736927417944,0.011743526721304033,-1.2599227482070166,-0.7936994561159325,0.7024081233505616
-70.70464591693417,1.4575202176426854,0.045111242163124114,6.629113872315343e-05,0.0013070377926231158,-0.22520792387862262,-4.4403410980288465,0.4594375804382177
-23.96668454844417,1.3292929603027952,0.1954941107428504,0.044823864095681426,0.009038917528786277,-2.226878049378588,-0.44905916616271413,0.38580715821513806
-19.479183173447325,1.7670950868216027,0.1885838024681312,0.039662439575932636,0.011474751286772136,-1.8591655835007552,-0.5378757055716515,0.2628096317006546
-9.731953390178475,1.7527422436757445,0.16519154470544536,0.0981793768019954,0.007456289884019854,-3.628680605300772,-0.27558225944140724,0.19857654632995891
-34.51009246940415,1.1444436439976626,0.13731220550057602,0.011501197484582809,0.0026739354083316876,-2.0739394571814906,-0.48217415245043477,0.4533514038801584
-26.723060598287802,1.950114785769206,0.07121953979534108,0.00106345646865848,0.000760646363344487,-1.1824110018783824,-0.845729613824124,0.10495841205083861
-26.48100425694369,1.9696608116746124,0.07883865950591458,0.0014477283843096947,0.0010412268514615767,-1.1791549134444548,-0.8480649901028513,0.11473164022353743
-67.78575865679731,1.400482205069967,0.08470828071961878,0.0005648252491762893,0.005339273194808372,-0.3252490073614813,-3.0745674156311913,0.802488458985111
-40.00626426262188,1.0739832557212057,0.07358499024965925,0.0017129459790835052,0.0003822217162827113,-2.116967322575561,-0.4723738478794148,0.3424968733891246
-34.016793575439536,1.928075331450056,0.17492014393198144,0.010356621979113644,0.012863038115269712,-0.8972992072186772,-1.1144554591769453,0.3028393152274478
-10.424869815933377,1.6440062878212687,0.09848947179971446,0.019614635990251986,0.0014693247075884342,-3.653686122467075,-0.2736961978892623,0.12471119542422235
-71.88129188938572,1.7947272952412712,0.10108024222590264,0.0004211253325471526,0.028991892818356714,-0.1205222964661784,-8.297219927937777,0.73041793039303
-59.04838908547031,1.5303473832781047,0.036282513788636825,4.9647586823549817e-05,0.00023618803091673016,-0.4584797189664176,-2.181121560304497,0.1850997137233197
-51.11241969830231,0.9767600506012233,0.07436529777517013,0.0021480591031860672,0.00032972995144294175,-2.5523716611026455,-0.39179247099460107,0.8887244239018816
-73.27015416940615,1.3022028697706027,0.042287436681855424,6.888950176715839e-05,0.0010922449343367742,-0.251140354123873,-3.9818371821947736,0.7040076594585543
-23.251292943753853,1.4617847453336217,0.039182234634337204,0.0003323771972229035,8.275654725111085e-05,-2.004077117191196,-0.4989827943355518,0.06917895875667586
-5.689267583665838,1.5876735332344658,0.10704876531574176,0.08344498440100527,0.00185327218069317,-6.710123533141609,-0.1490285529112771,0.12964285183010107
-10.360536870700315,0.8951834402840337,0.17206104755745125,0.2165779426435608,0.0038280634883232417,-7.521726640700005,-0.13294819763709673,0.35396012767285767
-42.18354833466735,0.993790506597851,0.12025327232614523,0.008866828218883606,0.0013774553186584272,-2.537145578404751,-0.39414372139763354,0.7537627506760026
-40.113210816654934,0.8703638571911978,0.05786184717609681,0.0015787084914025025,9.790630055179753e-05,-4.015555678265859,-0.24903153638548373,0.4803254675826412
-56.40638232231181,1.9353329004742879,0.15239171565426465,0.0025600715932910228,0.02303162011130592,-0.3333986301186267,-2.999412444028908,0.4916246201376551
-21.95454210217578,0.7857795904811042,0.14264139131615142,0.046751697709457966,0.0014983834050685638,-5.585823590439355,-0.1790246297272243,0.5200635404029897
-22.643248405051352,0.7747709054505144,0.08519346317844638,0.009877817289897213,0.00030658087916290354,-5.676203560007311,-0.17617409055687777,0.3285648978962072
-16.679573181316655,1.167552943747298,0.028333129084647527,0.00030036382060860906,2.278428206890515e-05,-3.630831843388582,-0.27541897921296193,0.05319990809797249
-22.48433239196018,0.6438193065516282,0.07788032508063235,0.011417094212047778,0.00015652230310459029,-8.540625476593156,-0.11708744315514683,0.42626384106469356
-19.520095340309105,1.460256872162374,0.04479858174906283,0.0006739856009475109,0.00012092037827226223,-2.3608889561711996,-0.42356926503725195,0.0730239933334842
-56.86552831266874,1.418123382352844,0.11333922070933679,0.0019542612695822846,0.005177195649665979,-0.6143898378480676,-1.6276310876210975,0.6102206254723848
-10.306831699538748,1.4752443378169495,0.18574999323051622,0.15194696912159822,0.008723593604572723,-4.173479725922737,-0.23960820841867267,0.25306692034967804
-5.429811562753784,0.9895370191888637,0.030105837321754605,0.0033899677655425705,2.4750912317358664e-05,-11.703134021251628,-0.0854471971511313,0.05051240708708433
-22.24319613808479,1.8776356004178822,0.09506808786531304,0.0037022906354035037,0.0016243679319597462,-1.5097083278238763,-0.662379601125616,0.1328389788397077
-30.78277639212495,1.7070628828717802,0.10569808257806905,0.0032404738149446966,0.002225964764404364,-1.2065494207647354,-0.8288098131663598,0.19078637765045156
-22.235978791686286,1.0376834681488427,0.027935219996746065,0.0002137393838143813,1.812162861114419e-05,-3.4343429698289327,-0.291176509971516,0.0695293395091309
-20.05828087557085,0.9245487320939524,0.08122535653587384,0.0073581474303330025,0.00037601461979362987,-4.4236613971231655,-0.2260570848958577,0.21741602202237917
-34.81923101814142,1.1337756043685212,0.08324262008996974,0.0025808252995805207,0.0005867034844129856,-2.0973454584186526,-0.4767931749088086,0.2823054576030178
-15.73547060625721,0.6455455408000377,0.08122290067754151,0.01873278885075662,0.0002249456501879227,-9.125620816050786,-0.10958158575262401,0.29817778782931587
-46.38379343216254,1.5340052908818393,0.04636378483023285,0.00016192935866200434,0.0002459355937880982,-0.8114319499606862,-1.2323892349179126,0.1466146091373714
-60.10899079155755,1.3427704205989535,0.12093047401411106,0.002464392098331821,0.006798603668523354,-0.6020673022274727,-1.6609438783675725,0.8524247897146886
-50.54487409236853,1.0116530591345867,0.08751584461979812,0.0029828012102723774,0.0006256453641916381,-2.1834740752802557,-0.45798574451663543,0.8657712777281408
-48.11730260057702,1.3558070220276113,0.11705794441320272,0.0031603067996287377,0.0032952516128735548,-0.9793103222791494,-1.0211267840746328,0.4812785330689132
-14.044119988423617,1.8373636645074976,0.0393949550670049,0.0006315915657253678,0.00010679171742051557,-2.4319205101449017,-0.4111976505105493,0.048859096096535354
-12.969265346279599,1.4037229969302563,0.18311854102432001,0.10073881803108836,0.007825035786748204,-3.588023338558377,-0.278704987577307,0.27117931180927973
-42.31159629986405,1.5478206708825677,0.0464038166326675,0.00018643108348068946,0.00021611958452261108,-0.9287783851626776,-1.0766831097440406,0.12726579484189196
-48.66925352278703,1.9714714115237213,0.11066991914353988,0.0013006596158436723,0.00574404663906385,-0.4758530412119208,-2.1014891434825373,0.2726347306003652
-53.60525427327754,1.1383159520745822,0.05959016392555502,0.0005812615948369997,0.00033769551378287264,-1.3119677783874468,-0.7622138412797839,0.4727269257172412
-37.56573354694321,1.9859371600527427,0.14360860214390195,0.00458914200526017,0.008184498869081822,-0.7488066657926636,-1.3354581972656865,0.2623582136694877
-48.9943816707606,1.5601673862640109,0.03600193863578027,6.674310423884474e-05,0.0001330697800827391,-0.7082123264551736,-1.4120059234288054,0.12125423744292693
-18.206572921190265,1.0387766738158875,0.15182609184499515,0.04688716240835261,0.0029654564347103736,-3.9763188408199284,-0.25148888709181005,0.33433751762715597
-7.267131587674243,1.1461953871160837,0.13896836574808655,0.16316317235809824,0.0028036790134379308,-7.628636559975527,-0.13108502314117426,0.21612350684936799
-7.430523050189578,1.291724603031875,0.12973004718229833,0.11136431438316544,0.002602944358407236,-6.540946268216258,-0.15288307822664685,0.18524249649113175
-17.13975838772719,1.717071427284147,0.058283071991499624,0.0015314957973752413,0.0003227202205692073,-2.1784360525090376,-0.45904491841669576,0.07969486993882216
-69.3422055611268,1.4908516898112658,0.02884979459705899,1.7428242229858208e-05,0.0003036013951650444,-0.23959343404535857,-4.173737080836219,0.25711343469865555
-40.51549320237397,0.7976312701423124,0.02803051490511186,0.00026808875676684785,7.4174344969049955e-06,-6.011909585035053,-0.16633650021770405,0.34853814034732145
-67.25161091031607,1.592051362067555,0.03598613876252142,3.163231354017934e-05,0.0005398889367155218,-0.24205455760674371,-4.13130002544575,0.24952821733384326
-18.632948552955703,1.5791879094980454,0.12436722424454888,0.014174935017851095,0.002847901785079714,-2.2309921101324144,-0.4482310786570409,0.18645793057446838
-36.18783881125281,0.8938088234734956,0.08267921372731722,0.004313068663366047,0.00032614380545693307,-3.6365420931954677,-0.274986504864375,0.4885821002152721
-60.241301423232066,1.4343119852854027,0.06375925593126167,0.00030150340029912697,0.0012001378770122334,-0.5012224741311142,-1.99512202986016,0.3895878365034398
-10.280077099462147,1.4164235496829043,0.05947518040349442,0.0052503595627623285,0.00027340081980224294,-4.382224443480822,-0.228194610499159,0.08340611249812376
-37.71031973965145,0.7041084677501619,0.04138698366057339,0.0016215914577051387,1.3235185795410423e-05,-11.068931575695123,-0.09034295615267643,0.7651811495720262
-25.92195839999559,0.7922577567672842,0.07486659393907785,0.005561526017263081,0.0002048255086447146,-5.210806732623588,-0.19190886388843484,0.3272660483766002
-18.80740884026794,1.1233912964025599,0.18577157374563041,0.07289798074252973,0.006054274311830506,-3.4699778463666777,-0.28818627791732837,0.38262331892563844
-74.935451418646,1.6823285629995848,0.037837746336818696,2.1068557030520958e-05,0.002211341390411969,-0.09760891800597835,-10.244965525985567,0.37399462610346207
-30.280666134730936,1.9846538500736668,0.1656314939188527,0.010424897557982352,0.010445440739907145,-0.9990161596328968,-1.0009848092622093,0.25812131863640425
-9.72114269971199,1.2474857361831357,0.15848973509887632,0.12759411256970998,0.004484565702673765,-5.334025926138657,-0.187475654195762,0.24206164445196787
-12.89535637139511,1.338190375586252,0.09582474958193497,0.015444755489788532,0.0010592453710622535,-3.8184950436380922,-0.26188327824755914,0.14715334445545605
-35.92737690102177,1.5160319436726626,0.12231680978990922,0.0046318270295846046,0.0032028043260402352,-1.202571655001104,-0.8315512808249932,0.28576482790617164
-26.145324752431215,1.0936502148586553,0.1120769390480096,0.009967123779332634,0.001270863457972688,-2.800499372505581,-0.3570791730280979,0.29574851571789196
-46.800798862980635,0.9348599423232136,0.05700051308981889,0.0011587406496013607,0.00011886760652873351,-3.1222046220977644,-0.3202865029801008,0.5935008772758711
-72.18863796478463,1.7690757457677238,0.08452950339069085,0.0002494706585088045,0.017241695524193235,-0.12028729286842653,-8.313430090191046,0.6374270589231107
-45.84859089173845,1.624974686124979,0.09512542092444266,0.0012834142322776946,0.002311286630760464,-0.7451719898755026,-1.3419720730070277,0.2727603529837549
-14.56011881386263,1.0729828384978715,0.020498325637504308,0.00016054962031327317,7.804378608526981e-06,-4.535607622375861,-0.22047762576873348,0.039606951581133705
-43.821799652816416,1.3980317157569753,0.12170277846584063,0.0038444336027591893,0.003386611434919952,-1.065451038606359,-0.9385696421189181,0.4061592238787557
-10.823177109049752,0.8715170010352435,0.1467251784150228,0.12868754845946812,0.0022792344733568552,-7.514044474610136,-0.13308412045989185,0.31368311718992725
-10.27758592068318,1.5434265424312155,0.020002370340117346,0.0001812216345645893,1.1467120865367957e-05,-3.9753724770220114,-0.2515487556902113,0.02638542627887238
-8.938021621641127,0.7932399424177199,0.030699555191175724,0.001856280766450141,1.9144715328652332e-05,-9.846851216937333,-0.10155530717067442,0.06804267391637547
-48.78787399495319,1.3475741693781966,0.1393422036596393,0.005291087755904314,0.005631523397398521,-0.9693029531711148,-1.031669197672883,0.5946511765176355
-12.621846204546912,1.26462375997787,0.15312618664330985,0.07014288190385838,0.004042014925100762,-4.1657465786617776,-0.2400530087745386,0.24485003880825534
-27.104569289176133,1.2283136132827062,0.15284152598390116,0.019814943453804936,0.003911158243741628,-2.2508353374164143,-0.4442795007598531,0.3586751990410761
-30.97021455673095,1.1506240391647613,0.08500158978129903,0.0031266326411118015,0.0006196641173845019,-2.246261194866655,-0.4451842031039329,0.24553519118614225
-54.57381068200547,1.8618996842278892,0.11496740861878323,0.001266956753740102,0.008169214920929252,-0.3938136222036343,-2.539272243566316,0.36577599112358467
-30.840545545999902,1.2349033999346941,0.157271429705911,0.01759571361248405,0.0044388466719324435,-1.9909867532696799,-0.5022635124808134,0.4102063468832439
-72.94840983733772,1.7277483558153115,0.08024740738238226,0.0002148323393671717,0.015816434473368335,-0.11654550702855558,-8.580339349804223,0.6609714245942869
-8.761146506310254,0.8384785893675728,0.06952107379405427,0.020861034905332428,0.0002388186440653557,-9.346172894533412,-0.10699566670598415,0.1454929792118811
-23.861414983017845,1.0281241919513882,0.16066069546133532,0.03716445935963314,0.003380997952897099,-3.3154421601730792,-0.30161889476237946,0.42653238505229624
-14.279957523065065,0.6126340709497864,0.0648806332617191,0.011886853892568735,0.00010982139442684096,-10.403751863470498,-0.09611917057645189,0.2389702648138079
-55.9879273330348,1.5030498306123965,0.051884038949606956,0.00016866693242198377,0.0005379639643273338,-0.5599359871564519,-1.7859184316377752,0.24099558534207532
-52.374187684524195,1.7572505511640943,0.08470523411704584,0.0006127988451097167,0.002578118297775283,-0.4875369639028745,-2.0511265279143363,0.27004108304492885
-39.712051375488606,1.3488723676987329,0.09219360969675026,0.0020799320711603754,0.0012220741202793577,-1.3045952776965175,-0.7665212476973459,0.28266369143579784
-57.73486358694393,1.4601090043896177,0.07391188051537573,0.0004905668539210321,0.0016309928485788478,-0.5484323598104753,-1.823378912844558,0.3897867314579747
-60.90880140295384,1.687532217765974,0.08077764059819728,0.0004124414318959264,0.003731487671818402,-0.3324605640868772,-3.007875543815429,0.376464942634971
-60.35777190764484,1.906343481359893,0.028526197256565144,1.465319860247221e-05,0.0001990137630689293,-0.27134677363150417,-3.685321135817246,0.10861195413868927
-32.97857446757984,1.9452820460887648,0.09001076593794334,0.0014737992341159216,0.0017306832883688392,-0.9228059013906837,-1.0836515008117995,0.15108487543486335
-50.88846240664512,1.424385937403742,0.026752782004299425,3.093854070979335e-05,4.94598897147062e-05,-0.7909032148085642,-1.2643772098486754,0.11197480728663017
-39.95707754582203,1.7498593114460779,0.16223769866559734,0.007165100131839865,0.01050209512743512,-0.8259868972801462,-1.2106729577585957,0.3582689005343924
-22.11045943670557,0.8070799390031187,0.19678908786284244,0.1157135956210685,0.004127474620498124,-5.294805223843166,-0.1888643600140144,0.6922099737310367
-35.93603805831196,1.0355259485009025,0.07684629898089519,0.0023777986847557655,0.00038356811969548815,-2.4898104733657673,-0.40163699634863503,0.32108156505929397
-7.534803097386785,1.8690499861125225,0.14448501421950447,0.10006413998494323,0.005380186488076406,-4.3126138056369605,-0.23187793877877802,0.1622307657725475
-40.8514914411462,1.8796661230434104,0.07517973574611352,0.0006129605834541244,0.001203292977633431,-0.7137244636721035,-1.4011009162485653,0.1573159631178903
-11.765181761184166,1.4763288894854996,0.17987801382733232,0.10770618202229994,0.007892791661791607,-3.6940689386052856,-0.27070420628846065,0.2509902839866262
-20.474553180767984,0.6661102104090377,0.09393551659412146,0.02006346635610765,0.00031888603710316255,-7.932046149241975,-0.1260708751796111,0.4225646264302979
-27.62611940985589,1.8273734947767228,0.17061325177157377,0.015006646786083438,0.009737755525217003,-1.2414018744045874,-0.8055409135576094,0.27023603749064984
-73.04109094049454,1.5566435503251173,0.06380099804699478,0.0001379653373551471,0.006280315404147232,-0.14821571933089914,-6.74692269156316,0.6481531952113261
-37.849311896534914,1.1799291124522293,0.07415439461606822,0.0015100861172933878,0.00046905449448826045,-1.7942758286045357,-0.5573279113823493,0.26364726862957255
-70.50771559070297,1.7575473314046266,0.09638337097185719,0.00041258972856516755,0.019638106143399756,-0.14494705786578102,-6.899070700186176,0.6659828227510122
-23.636032979045495,0.6119444467539676,0.1051634082707365,0.031411824702359745,0.00031920667100516256,-9.919975580931744,-0.10080669975863729,0.7104420108058331
-41.92422519036666,1.7016141989117637,0.07246503705201285,0.0006136695425975005,0.0009547999342435844,-0.8016985430301267,-1.2473516494371644,0.1744227507907053
-14.797862984110722,0.5421050178709355,0.06018394600731017,0.011269328427922953,6.915256601685515e-05,-12.765706875762524,-0.0783348708952921,0.2759765107355198
-32.82889871279171,1.1919736275965445,0.14537311639384035,0.01351653821243668,0.003364860799200693,-2.0042375151453564,-0.49894286103484864,0.4248885770887344
-23.407227842027652,1.390578060509796,0.12866568304872555,0.01246943126884556,0.002737576793178863,-2.134224826490364,-0.468554197096683,0.2392857746469816
-16.815874891049944,0.5387254913172057,0.08374860666070776,0.02693514824686687,0.00016703870348060815,-12.69846218096873,-0.0787496931320319,0.44524266507157445
-14.820966029224792,0.5530843135444679,0.05382042359539724,0.007747726908634625,5.129778753298838e-05,-12.289602466860513,-0.0813695969984828,0.23905864835029958
-63.77980176518364,1.4846256854911004,0.10444375956503289,0.001064598311056456,0.00776121958531466,-0.37036326236731376,-2.70005181833676,0.7010294844876486
-15.474058191366254,1.624883242251138,0.028337519210126175,0.00022685399726949401,3.4523611275032614e-05,-2.5633924986714516,-0.3901080308685765,0.039240552894259186
-48.48331407256714,1.6546309316963588,0.1408345729380182,0.003645708029447385,0.008689012175131546,-0.6477474910653355,-1.543811460165323,0.42859816180008764
-64.67303410912709,1.757944975047279,0.05591450376634291,0.00010717270857673168,0.0019071819923771106,-0.2370533159272226,-4.218460290625121,0.2875615461885953
-72.98127909962204,1.341093179488646,0.0533245021289869,0.00012610838435775091,0.0023276231194368853,-0.23276391312774874,-4.296198609838485,0.7907811885110464
-13.397843132933673,1.2569979167707583,0.1802602522586646,0.10350872257178988,0.006523717654624497,-3.9832805543646046,-0.2510493514960348,0.2943238642369657
-22.68422378149124,1.9528322163541334,0.18050907152103107,0.023282052833039468,0.011735811035761878,-1.408491015880858,-0.7099796794760589,0.2467312564079801
-58.07663424275063,1.836168929715044,0.04264154396371616,5.763852999946097e-05,0.0005177991707202772,-0.3336382025393082,-2.9972586843743807,0.15664739089465815
-7.094736715183572,1.5795318215969063,0.07493896247658895,0.01880228751058097,0.0006270540933163785,-5.475866366736569,-0.18261950402488844,0.09282697170922043
-26.8861634930662,1.8927922037783584,0.1557474208462042,0.011437959772834495,0.007670778649291129,-1.2211093510724027,-0.8189274769878553,0.23593773232214085
-34.21084968396315,1.8617030791436897,0.17227854344023463,0.010293855939134216,0.011748482235625987,-0.936048088556765,-1.0683211815985207,0.3095452935129385
-56.927863593190224,1.9865447075391045,0.08257785459406708,0.00038099110071472666,0.003980117822065188,-0.30939226470404385,-3.2321428622547255,0.26261938316083877
-25.363859982355144,1.7067415324212547,0.15310946745889284,0.013826042931928377,0.006219106564742734,-1.491025089109245,-0.6706795259879974,0.2456556207846437
-25.28786841042656,1.9477224074424726,0.197726869554335,0.02519138099714672,0.01590174771950949,-1.258645880090048,-0.7945046464764628,0.2838757834538723
-8.834468213815597,0.8066332068353144,0.0640997478847387,0.01689531589878155,0.00017826534973604925,-9.735307874144278,-0.10271888808528296,0.13939488218438506
-23.26227142045171,1.2493630675376586,0.12313598488386518,0.012870503790512898,0.00205729721195141,-2.5012048069141266,-0.39980732374881156,0.25486120450907185
-44.6269857031716,1.2822306692287793,0.12997287444127567,0.005461840300102623,0.0035311077305727025,-1.243695362562201,-0.8040554223341706,0.5169668991033766
-47.289768301317096,1.5837932334998612,0.17644332042988325,0.00812818356596818,0.014944289182643651,-0.7374950676632854,-1.355941271808702,0.5490281573018321
-40.87143393606198,1.5396466682700665,0.11142020403043221,0.002759283114938267,0.002832035107986521,-0.9870719605889716,-1.0130973626313065,0.29456881663005613
-47.66367821441637,1.7729232444359555,0.042142704799011166,8.924035442786132e-05,0.0002532754838344953,-0.5935865700080508,-1.68467423376246,0.11419376498438426
-35.1374089969419,1.0240946376235993,0.1465776558728166,0.017332877784373604,0.002582969370992574,-2.590452953357317,-0.38603287456117097,0.6042042454510685
-12.640993962417909,1.5641312128988003,0.04377932506904607,0.0012707948426222526,0.00012150479439503895,-3.234007437663365,-0.3092138837882574,0.059433828036459004
-51.1487395503994,1.928047547829837,0.12304014898659184,0.0016763621254829168,0.008672319425757313,-0.4396593233583943,-2.2744883296489,0.33519342131697566
-53.590964455584974,1.5377892109584983,0.14821882300195158,0.004070902560837221,0.011414182406661932,-0.5972043320978605,-1.674468764295795,0.6026339755262974
-22.694295993403216,1.5597345779010323,0.11160464286439417,0.007339291233233037,0.0020781565469126834,-1.879264590898633,-0.5321230468785754,0.1834124667770138
-42.778344287807315,1.233110749004656,0.195368418319134,0.021420713017297206,0.010446401889540205,-1.431968934897289,-0.6983391717724149,0.776763365506464
-11.056581333708067,1.400489588026575,0.09512993938569973,0.0190061078701674,0.0011007413185353053,-4.155315083484871,-0.24065563739665827,0.13634621955696713
-49.7544812802242,1.797860525107253,0.060313133275411546,0.00023516743537328527,0.000841727496345151,-0.5285703943929146,-1.8918955934876793,0.17134922159115382
-60.29528026888749,1.3963628914004598,0.05925116510665787,0.0002588713426603254,0.0009022497138047216,-0.5356469194913163,-1.8669014300495976,0.3847373382675351
-64.32802943865394,1.769809396885058,0.0624612827852018,0.00014963432174876549,0.0026031101563332576,-0.2397559183051905,-4.170908510075144,0.31290578400637203
-65.1411693940932,1.3685659307803246,0.05476588982391627,0.00018185391234386882,0.0010197643362900943,-0.4222906002727909,-2.3680375536514924,0.4757417866426167
-36.97694984032182,1.1045731740054068,0.08676581189589809,0.0028669978767819453,0.0006445281016522126,-2.109078560275383,-0.4741407071481632,0.33512259188381266
-36.46712770978664,1.1552670487844516,0.08981355324776166,0.0029403399913108088,0.000781315461122503,-1.939927797474856,-0.51548310267097,0.31411977390371354
-51.744854134359,1.9364184888826135,0.1721337729483784,0.004448783370818398,0.024735163589258154,-0.4240950816669441,-2.3579617949574176,0.47533161681147496
-17.992823007878968,1.263813934615431,0.12001034362368465,0.018042014634793255,0.0019184445399398607,-3.066675976095011,-0.3260859666280629,0.2156377910693278
-69.6064586418153,1.2042342975497902,0.021370646760062048,1.450331175798225e-05,6.156587676624183e-05,-0.48535952500097007,-2.0603283720413264,0.36811310324611235
-47.870551561890075,1.6194107202504635,0.05397260832257873,0.00021845247847496714,0.000457205246337011,-0.691230488559577,-1.4466954460933188,0.16588138686178458
-28.267861366693474,1.0685706062478602,0.18763004813744655,0.04359572336367623,0.005752532271482311,-2.7529125280216413,-0.3632516434216826,0.549363167821101
-14.882266978782525,1.141135924821191,0.12875122031558933,0.035361548661783565,0.002090783403923508,-4.112549291623451,-0.24315817977837406,0.2366058349993602
-25.408933100110858,1.8212044070566695,0.023271766970412926,4.441781687153928e-05,2.3807671642519922e-05,-1.3659038922229054,-0.7321159312113648,0.035359287778674135
-25.719103235612167,0.9260992883047945,0.09048623916874973,0.007201997100454513,0.0004986083039278229,-3.8005523372720376,-0.2631196497922143,0.298580141068291
-15.308914969375593,1.9320573678590476,0.11804832527979513,0.01364583702964376,0.0030581280833449336,-2.112381010235783,-0.47339944600637196,0.14425641167912742
-17.33523514166813,1.5905759722529074,0.1216369177460058,0.014969834649944296,0.0026744295713766876,-2.36588112162164,-0.42267550590816344,0.17697803551880395
-15.977737013994954,1.8789038919921062,0.10860344951214917,0.010134811373562555,0.00231189330802945,-2.093745741797422,-0.4776129116525525,0.13662360942046786
-62.39723832110782,1.6448236309582311,0.12083140977814559,0.0013720057678132428,0.013454908912026203,-0.31932843132752303,-3.1315720803273477,0.6264560967486827
-38.87950116063585,1.1497858334538584,0.1536537968169479,0.013728809098588746,0.00401478892416853,-1.849205065313409,-0.540772907644246,0.5953864661978377
-20.335585532854843,1.249822497094387,0.14245092179110888,0.024873643912928737,0.0031636923981520192,-2.8039649519939718,-0.35663783860382214,0.27358374656415696
-43.3326273896997,0.9922669169082077,0.10735293734263558,0.006244412650741651,0.0009838389094405722,-2.519322702731204,-0.39693207976727135,0.72152542432114
-42.45043695040477,1.914146889031721,0.13867771465254705,0.0034858548678535967,0.00822687835298624,-0.6509342344706781,-1.536253506182806,0.29682427528835265
-5.818104537507324,1.2619487651749433,0.14134582571746668,0.23556301423239123,0.0033285278099179478,-8.412546087868593,-0.1188700768536723,0.19966351140780705
-17.697204594055144,1.0222943272322944,0.1681939628948587,0.06829001397857959,0.003952807430477487,-4.156480737453425,-0.240588147321158,0.37141654547307185
-44.17634228202719,1.2800769179314218,0.05479006949658079,0.00041650397965342325,0.0002600225372034988,-1.2656221935525167,-0.7901252088453561,0.21482913250919608
-13.524888205023231,0.6935733843473848,0.14233535149142998,0.11150750414589101,0.0014423134165674123,-8.792699398106887,-0.11373071621387457,0.4288896428595038
-30.108952579690907,1.8038117162457419,0.03388125502858914,0.0001026763464124148,7.82323559288985e-05,-1.1456237244715206,-0.8728869511333687,0.05720440038435232
-28.60890354754003,1.0385192482156977,0.059411904043013136,0.0014347023654429037,0.00017346858198806874,-2.8758782281009077,-0.34771986874435645,0.18369946084569486
-52.50642023757121,1.3300973114268337,0.10964795017721908,0.0023750091424550126,0.00313734612187667,-0.8700644533645719,-1.149340139265502,0.5588969827048029
-40.891759238150435,1.5530825936428745,0.19773144532703543,0.015178546750857145,0.01607852647002024,-0.9716099951507724,-1.0292195479574313,0.517207939304067
-45.33290523922489,1.8217479809389094,0.06233104745280524,0.00030306557088913895,0.0007741205341362179,-0.6256969057034091,-1.5982179085188202,0.15256451756718883
-57.088954072162245,1.9599978645490674,0.04004706971321194,4.418946402838202e-05,0.00044865366187869733,-0.31383672175856875,-3.186370270491448,0.13024522307388012
-61.18603312586584,1.5557266130305352,0.06401033473894933,0.00024230293576411665,0.001591882475768817,-0.390143016162584,-2.5631626315803913,0.34747019056565914
-14.59217734973197,0.9441318779818969,0.1217880117225405,0.0397888118986652,0.001379624707686612,-5.370318011216547,-0.1862087120188006,0.2676352245835324
-34.84104561249295,1.8135886274996635,0.06590835176566905,0.0005795275828787541,0.0006433187924760852,-0.9491261444831249,-1.0536007313807376,0.1232584484159453
-27.960549934324895,1.1942317018358537,0.02269236006810816,6.472639343594927e-05,1.2300312184775974e-05,-2.293943079245622,-0.43593060745380674,0.05656708379770074
-16.425014900152014,1.5586070813633488,0.14272416969352333,0.027337715414471542,0.004203164130288894,-2.550309769149419,-0.3921092300616958,0.207512427575089
-62.18482459608058,1.8079847955858284,0.13057355997365022,0.0014378921220226592,0.02023591784937023,-0.2665641237474541,-3.751442564519341,0.5769078907552805
-68.7049554247052,1.4878567435191563,0.023923377088677845,1.0299718941842966e-05,0.00015896984826133147,-0.25453957057090043,-3.9286622420126074,0.20656696108912317
-22.83114887723663,1.8161117415367083,0.07548027420229636,0.0018433575879087639,0.0007844334869998138,-1.532945563630794,-0.6523388851666017,0.10942090798572852
-5.961025096872959,0.913578775427166,0.13436779711381508,0.2762887778096529,0.001996586999040895,-11.763525634552341,-0.08500852814591199,0.2430569970645375
-23.89467806900805,1.964366435511004,0.04577245026083665,0.00034271510141037077,0.00019565489585328554,-1.3234918185753146,-0.7555770167710288,0.06364009720030597
-23.29435381788216,1.43903135015268,0.18803929632860156,0.03741965082670781,0.008954748118582998,-2.0441990311789486,-0.489189156607354,0.3373325806796501
-35.360798590593056,1.401681675823814,0.13640270504669094,0.007509064423308936,0.0038506730925316457,-1.396447426609235,-0.7161028628396964,0.34567827615401636
-5.65665288949792,1.6384778408333531,0.0993040940320632,0.06513637124438425,0.0015302311830286686,-6.52428999088943,-0.1532733832181598,0.11789117232791586
-60.67869328711282,1.6897975613107348,0.02975096783024188,2.0740204315162775e-05,0.00018340062478607562,-0.33628392658669115,-2.9736776602738058,0.13703512012821836
-38.355828507495794,1.720517556022191,0.16489042407047874,0.008299861898008899,0.010226679262965922,-0.9008824267557162,-1.1100227624610561,0.3556107991827049
-20.579687212219824,0.8115233776560123,0.04750968532383391,0.0017662911625105902,6.0121969650934405e-05,-5.420190466252557,-0.1844953615977606,0.15508216838012046
-13.05938789036847,1.2869512345929321,0.1252510678663299,0.0353334558426016,0.002255259200857433,-3.9581734968425586,-0.25264178055805325,0.19916522271833131
-19.5670476243274,0.7920225452929264,0.05778659179873541,0.003546243852602844,0.0001054401242555866,-5.799377021595316,-0.17243231407033371,0.18729506814027605
-61.45496876904167,1.5863638635903485,0.05617464306841462,0.000155060253075371,0.0011500944329515877,-0.3671837843980118,-2.7234318139606133,0.29777502849901116
-38.30919463431792,1.9433207834264086,0.16076592787570443,0.0064110085255478545,0.011381663801157467,-0.7505165969931006,-1.3324155708300651,0.3052382347917468
-55.26609653363732,1.473645517645299,0.13649375662672883,0.0032912063557738623,0.008961670533851846,-0.6060145756156158,-1.6501253274051317,0.6383102732853034
-10.104172307750275,0.817751692187767,0.0680577424369427,0.015698125783062847,0.00021219983805697927,-8.60104813640257,-0.11626489982862191,0.1516323536638614
-6.905719006167061,1.637831291321877,0.02415259162807901,0.0006375357528334881,2.1854135261621203e-05,-5.401140305368179,-0.1851460883188135,0.02915965942541091
-48.73155974609416,1.1510070149763392,0.04339028946807703,0.0002388136326884238,0.00011369610973411798,-1.4492948700047765,-0.6899907125157383,0.2595097144725694
-39.69218199845176,1.9201802922719797,0.11328515529694244,0.0021401899857078485,0.004089217173820053,-0.7234459267593756,-1.3822733158225504,0.22517667307832945
-43.46634350626837,1.3014288232151083,0.07574100961374432,0.0010861657497406062,0.0006972615139735878,-1.2481023609424893,-0.801216335529453,0.28079151568310695
-40.42727295466384,0.8043376922090247,0.03504154814423312,0.000499743937150004,1.5202829642960014e-05,-5.733390896262939,-0.17441685349795463,0.41413896639491243
-10.14035530183331,1.536354771331287,0.15054641729258086,0.07965607655767752,0.004865827347800058,-4.046048722844347,-0.2471547103113,0.1987928383586843
-65.15144401873197,1.2917304842107107,0.05380622642091064,0.00020686021280645603,0.0008067592250085376,-0.5063683042394316,-1.9748471451071692,0.5483634243139335
-22.600908204602256,1.5042202823195427,0.09628530007532081,0.0049823149797420955,0.0012704863519445713,-1.9802981783070186,-0.5049744583691494,0.1631700347743376
-72.72990936580148,1.674286574968138,0.06753090604762364,0.00013938000362639748,0.0084670727330575,-0.12830204851597762,-7.7941078226468745,0.5809211082786261
-12.479142528844292,0.6202208148058126,0.1309838743543141,0.11627753406808512,0.0009757354921411226,-10.91646068882031,-0.09160478185242887,0.43489157488963265
-28.111470403576035,1.0924944652588444,0.16125335262370072,0.026811185563743428,0.0037964524110782323,-2.6574740298519135,-0.3762971862628981,0.45498547245927856
-32.627859337151165,1.2000599151231381,0.09665459379456467,0.0039581049932801045,0.0009989852461696888,-1.9905088734752978,-0.5023840955072285,0.27785488949308046
-23.198792544506105,0.7046924453207726,0.1299501775260741,0.04182668060517648,0.0008782525646314709,-6.901078804008712,-0.14490488058462947,0.6152369725696337
-17.88516106329981,1.116729706849408,0.02070961985588271,0.00011069684170580095,8.34320262671134e-06,-3.642513914861339,-0.2745356705214035,0.04188630899743333
-26.123707762013375,1.1624341795427457,0.13275200601857667,0.015003580100464854,0.002334156430955912,-2.535318184768652,-0.3944278102873506,0.32375728109015195
-55.815251106366674,1.874989940293601,0.10898673377779886,0.0010144649794603853,0.007646995963263392,-0.3642278071649166,-2.7455344713623577,0.35869217866557473
-27.704475362755318,1.3987188913815614,0.07358970868783216,0.0017481245157550806,0.0005362322852481018,-1.8055507607960741,-0.5538476246212519,0.1512607705215242
-8.227131152691541,1.0828032956844231,0.19932693403560373,0.40733217114138326,0.007676580523547651,-7.2843440696060116,-0.13728072019174775,0.33035631469549775
-35.93586646033443,1.26036077520831,0.061551616648092236,0.0008139646764517089,0.00029587807128130585,-1.658618058814306,-0.6029115592259189,0.1840090005293144
-30.174134867430958,0.9712962297032102,0.1843147282680662,0.04571784580106754,0.0045419916668169935,-3.172632090429238,-0.3151957023370794,0.6758435772586487
-47.21539683501494,1.7814965474668896,0.18523399372938504,0.007650865475836499,0.021245812333203072,-0.6000930713548419,-1.666408175222354,0.492197738727626
-23.290939269269423,1.3625225623527555,0.0957801175281862,0.005337700295024746,0.0010966230270343146,-2.206217941337824,-0.453264376679673,0.18127829067038528
-5.1749455746023045,1.2423437215903153,0.07472056079420412,0.044325509913099984,0.00048657479998272447,-9.544475418475047,-0.10477265183839443,0.10556871973340722
-67.97080069491979,1.8663281046433964,0.08858639844178241,0.0003230357407909555,0.01237523097224247,-0.16156550077479978,-6.189440166399529,0.4860627097438046
-39.54216810017079,1.719202837138774,0.1313833209207691,0.00398580823987913,0.005353580123825626,-0.8628514770588962,-1.1589480073773373,0.2926624454464484
-49.67926577521633,1.2029633845120937,0.03508498204529582,0.0001091271342379787,7.02252413481976e-05,-1.2465788523275776,-0.8021955435332692,0.19711522498541678
-36.27663034508294,1.5255690694352653,0.028455026066188646,5.6810672711530876e-05,4.106679568409603e-05,-1.1761685357505935,-0.8502182889647117,0.06662519840455337
-36.1106486521278,1.6409408481666745,0.06947445550123857,0.0007417077747772906,0.0006687788534459758,-1.053113425864844,-0.9495653321281836,0.14887215983876922
-30.699952867371984,0.9429702610171264,0.10564194891035329,0.008994066662467291,0.0008019566744975962,-3.348903226981659,-0.2986052245234009,0.4180751648608397
-25.983797824800213,0.926975649684213,0.1811520128007921,0.056948996731570424,0.004000853347964008,-3.772825532519205,-0.26505333771219375,0.6032938255770823
-31.883959749435753,1.2362473493872757,0.16221418383491096,0.018347444587996354,0.004936530210243637,-1.9278662159945756,-0.5187081923545745,0.436585961477557
-20.731763345792373,0.9103239702897461,0.05557378601105174,0.002302573455711609,0.00011672466355773041,-4.441456689482211,-0.22515135684382434,0.15542526842882862
-33.14295239865562,1.5009429140242994,0.08697431511690978,0.0019313810747485574,0.0010694512928248496,-1.34385830893209,-0.7441260684652534,0.19055259603307056
-39.686925309709665,1.6200956688210753,0.1604432476313989,0.007940711908344104,0.008895156436125862,-0.9448283692278336,-1.0583932834460248,0.38449038126473023
-34.53526783341418,1.2080584190798667,0.11487664054443754,0.00606059576533408,0.0017386887560833842,-1.8670103960104756,-0.535615657061606,0.34888144178796576
-72.41049749350007,1.5856996483979648,0.05140854956433427,7.14422270073086e-05,0.0031136646494582913,-0.1514752137428025,-6.6017401480479245,0.4822397088961689
-59.513259445586,1.2656563536061642,0.09128993648210001,0.00128683665292696,0.0023531978639881783,-0.739490311547174,-1.3522827606865913,0.7274126280523159
-40.44501645064016,1.5693075829505139,0.13266844481174725,0.004586971674839932,0.004877144091900556,-0.9697956590101557,-1.0311450569088678,0.33795155724748654
-14.525958844871965,0.837452371693588,0.19518062146559026,0.19503572422052548,0.004808450714956515,-6.368754367011397,-0.15701657535730337,0.4876155803519085
-29.071133278400517,1.608264568899563,0.13912616987415363,0.00888230248800847,0.004526916556731289,-1.4007529147737063,-0.7139017805731651,0.25587120423323534
-35.57937871666967,0.8999085605737664,0.1469014897938551,0.02394463245516253,0.001874320750924217,-3.5742269973873952,-0.27978077518046746,0.8233609724752147
-63.36965092721758,1.3339564865602624,0.0651556653423015,0.00035259325277855975,0.0013515676766148634,-0.5107614371165289,-1.9578611996344835,0.5506642924333031
-24.948758015845783,1.7829675018116025,0.17518860455848667,0.020129654769312336,0.009818765140749891,-1.4318242953042057,-0.6984097163874006,0.2684990083382022
-17.94193606184396,0.8742839704586585,0.08910018348070495,0.012523920818960534,0.00046513834971962173,-5.188945182907161,-0.19271739529916165,0.2377035107354652
-35.490779555752,1.6039696760220146,0.05593070679577404,0.0004129811878212271,0.0003317322901601911,-1.1157612156318018,-0.8962491131525379,0.12095424346537702
-35.64780426862177,1.9309500757203306,0.10423049357184222,0.0020095110998255917,0.0028449070471970772,-0.8404486117738187,-1.1898407421834374,0.18699919722130182
-54.60564175918895,1.7993628796363474,0.06593563537670098,0.0002538656637964588,0.001451932954474425,-0.41814672652858664,-2.3915050305472976,0.21973440840850333
-46.531248412901796,1.1022801240204143,0.06244786792961311,0.0008447758964520031,0.0002816213193375793,-1.731960537963526,-0.5773803606263571,0.3739435678111799
-15.191873463849092,1.4108115994822077,0.12318712413922875,0.02286874945818182,0.0023892994630575525,-3.0937549811530425,-0.3232318028066011,0.18950145352881723
-25.75097517746326,1.9876552013790558,0.15812232875315832,0.012145872226030892,0.008403848918694178,-1.2021958817644254,-0.8318112007939432,0.22536121800344996
-41.01847552281177,1.3526561170635776,0.17029178734877762,0.012422280874356173,0.008006390644003544,-1.2456105680655951,-0.8028191359623557,0.543331278082331
-69.27444490052112,1.6854717646160426,0.10711549972379962,0.0006627808624997378,0.0208023904277865,-0.17849594661836105,-5.602368115047912,0.7434914272427723
-9.189226469279404,1.0215080459914205,0.18130608220594163,0.26768801726834673,0.005339233574146871,-7.080680615733773,-0.14122936116874546,0.3219608241576381
-42.11349538559385,1.6360592998196783,0.195346685543724,0.01273659186945177,0.017630294052796962,-0.8499567717116506,-1.1765304228192581,0.49587970991883046
-62.38698775555767,1.1978710034507438,0.029314493845954658,4.7697159402535924e-05,7.887577667244563e-05,-0.7776325544362129,-1.2859543936210394,0.32436061508257125
-54.6270856547777,1.602388383166549,0.13622898042947698,0.002797037972513402,0.010255925521751414,-0.5222299222612228,-1.9148653827993285,0.5385948574603748
-18.820202333670736,1.9610212256681376,0.06705852646986345,0.0016739634620287875,0.0005826086226314543,-1.6950578833107337,-0.5899503549972178,0.08563839750348198
-51.249290494211905,1.832755650184765,0.13432810129090633,0.0023691808342514264,0.010406273649872363,-0.4771462162734204,-2.0957936286493934,0.39060845932494515
-22.062064548318986,0.8818208176790137,0.04315577450302541,0.0010430027819141976,5.111178670666111e-05,-4.517333996261658,-0.22136950706490927,0.13254690847729053
-19.797126790484086,1.48858884920383,0.032493171493549515,0.0002447105763198661,4.7359637848381445e-05,-2.2731190601153197,-0.43992416303493936,0.052385380467849275
-34.35051855299122,1.9866600866443973,0.13454657452255883,0.004440327909856881,0.006156454553670815,-0.8492629591413,-1.1774915993170267,0.22837999326915456
-8.0677952471667,0.8915091632038948,0.06558007241598204,0.018874203740757895,0.0002182779941571316,-9.298852144056205,-0.10754015490387128,0.1274826883144753
-49.83964438223346,1.497192640435376,0.10100611206267789,0.0015524517838450865,0.0028156691148606837,-0.7425372611747155,-1.3467337631218277,0.373637811532261
-10.752298230659108,0.7406969940919572,0.09897051230962575,0.04938069927562595,0.0005665130589622602,-9.336275424141942,-0.10710909378424917,0.24912371717547
-13.725028882063782,1.7718190142157186,0.18208001576042196,0.06788348347212197,0.01010448798231005,-2.591939763043374,-0.38581143522634626,0.2303465875300267
-38.581015974199275,1.162965707128111,0.0819481368963518,0.0020509958630064652,0.0006213243983266425,-1.8168672149327711,-0.5503979552171084,0.3073842792846672
-18.541193334152204,1.0611360698881038,0.13888973068086666,0.03380407472404912,0.002336311534555843,-3.8038129264537144,-0.26289410634405136,0.30171332383444044
-42.60499712059052,1.3795771194507496,0.15881813671157155,0.00915733286884202,0.007058793512854399,-1.138988296528926,-0.8779721469022169,0.5189209563304573
-28.773878266325163,0.9904836714504337,0.02940256972966389,0.0001888700523031278,1.9217170299838843e-05,-3.134994843896016,-0.31897979097064466,0.0985152575346692
-8.712779764797048,1.3688898307496362,0.050787063400251985,0.0046351530280084275,0.00016512703596411186,-5.298134091175196,-0.18874569476556732,0.07109096679063585
-17.813713224068728,1.8161937886149842,0.13097966378127665,0.015135426363555752,0.003932589611969068,-1.961814842308051,-0.5097321003155998,0.17381487464964757
-59.21013948420952,1.6594930926520672,0.15951803364152364,0.00351754084585174,0.024222973612892263,-0.38107095340557495,-2.624183215915953,0.7123495707801277
-9.473644059636456,1.9141861461914935,0.12506268532070552,0.04070567987986388,0.003566250654078501,-3.378481726631182,-0.2959909453164749,0.1418294135574141
-40.0688510215348,1.3831377115614945,0.023111952893446246,3.0835499148212236e-05,2.0368565826787387e-05,-1.2303970069796228,-0.8127458001989121,0.06908976569466958
-31.826194124634867,1.3630304304727472,0.16078551631797308,0.015196725086400287,0.005663190767317917,-1.6381150782534093,-0.6104577225833363,0.38077076656990255
-45.30499544668938,1.6795853460534742,0.11888775815417531,0.002414364323693047,0.004678743518677757,-0.7183511366232533,-1.3920768674504935,0.32102946197888155
-72.7435326229178,1.6281603991075406,0.09333617073880585,0.0003928906089461773,0.02096751319986273,-0.1368870491445525,-7.305292986073517,0.8478826272591032
-17.25194401950918,1.2041676905984593,0.05088763842448983,0.0015764753768920195,0.00013731082351601737,-3.3883729811041126,-0.2951268958809094,0.09405853145287135
-69.062577444824,1.5974721353163979,0.03107484268625798,1.852719873353438e-05,0.0004363087183284993,-0.20606675607551003,-4.852796341558195,0.23574550339633546
-62.9976011063967,1.4768628931740218,0.13762412908071472,0.002544589417838465,0.016317050148837497,-0.39490081880791245,-2.5322814042743724,0.8994239684898033
-37.75128187265283,1.173005930232326,0.1548974702397028,0.01398008087362601,0.004216217674025007,-1.8209303297655308,-0.5491698301981512,0.5542442662320967
-33.03805356196481,0.8293773491994989,0.10646965431318084,0.011977897534775668,0.0005821854745454062,-4.535859712164747,-0.22046537226847965,0.6322474493445042
-11.584599469349271,1.0136526344927566,0.181298348576667,0.17809374032459124,0.005152290082255176,-5.879280411073962,-0.17008884252508907,0.34307674902785984
-68.67551514236993,1.9992341064418788,0.09805719586060592,0.00037006116321030376,0.020933337707770745,-0.13295893106855006,-7.521119431115364,0.5050041880324044
-11.492475514020214,0.9540373212153779,0.19318622953033904,0.23580459156557296,0.005782909094796365,-6.385618166769817,-0.15660190977342026,0.3857687605182202
-12.313252443281101,0.5395937731738174,0.13744783651591685,0.17093687268218152,0.0009086609299576263,-13.715667543835723,-0.07290932043985225,0.5474095945917223
-17.81843124980729,1.269382366333004,0.03970228295770295,0.0006604686757593079,6.987006466515385e-05,-3.074542777202193,-0.3252516138058067,0.07076233014999977
-33.48900069008394,0.9111013980435827,0.14521108441612657,0.02334249175856973,0.001896709672544284,-3.508109797953073,-0.28505379181218454,0.705307504727588
-32.05905050476238,1.9885747641409086,0.03176641500313172,6.614578874622859e-05,7.67672009123284e-05,-0.928246343035084,-1.0773002312406674,0.051277041523000465
-28.212833658664017,1.5569577783952315,0.08203691577273814,0.0020078364159861633,0.0008748253076654445,-1.5149681212396806,-0.6600798960586126,0.1527114088986603
-8.143056562951273,1.1730300778876939,0.04827284521526615,0.005381252320813253,0.00011960035368136723,-6.70772803910314,-0.14908177465908493,0.0750114085299521
-36.07971789008152,0.757456268943274,0.08270118168869407,0.007820534982442137,0.00018059243382614643,-6.580644895114052,-0.15196079046028946,0.8370550025855761
-21.39006204481838,0.6844169846031819,0.1441838580441021,0.06562998125351317,0.0011870777820676005,-7.435523521473338,-0.13448952143209028,0.6501094091305446
-51.70386207039776,1.380598120023203,0.1595973623355405,0.006865196382846508,0.010175683771062144,-0.8213810546107099,-1.2174617303219222,0.7306401748157199
-41.769900509266705,1.6142998764732623,0.19223435498600175,0.012592655617718248,0.0162353478596524,-0.8806997318356153,-1.1354607749405472,0.4912543577447236
-41.96074105130533,1.8384593423477895,0.18655955458381937,0.009232250825843134,0.018473730631405443,-0.706930133342249,-1.41456694634329,0.41160199596057745
-54.52122093784425,1.8844879799830956,0.04884939382003803,9.533598502880954e-05,0.0006380282158878789,-0.3865525000757323,-2.586970721452022,0.15275197989732678
-40.43413441271129,0.8882523772776758,0.06376512357076593,0.0019573697244651724,0.00014091757262780648,-3.7269524894623776,-0.2683157359336911,0.5047625520597968
-51.85413952298794,1.768678757153914,0.1717078357998389,0.005147245511718184,0.02110215817235939,-0.4938829172988068,-2.0247713880635896,0.5333093297798746
-56.02508242796848,1.5824323025449498,0.12014900454485797,0.001871345220668934,0.007485194044667679,-0.5000062402137152,-1.9999750394566573,0.5113367836146455
-39.25181178230323,1.7952378763448267,0.18645191226198518,0.010784945407143103,0.01622730891594169,-0.815240456737819,-1.2266319608345928,0.3930337786507625
-42.55398072693891,0.8604268450369773,0.05858534895708131,0.0017587744687491346,9.263047201099938e-05,-4.357407110363173,-0.2294942782880468,0.6177043617818564
-31.719465093179515,1.7598114240976086,0.18706852145930175,0.01632431348851358,0.013125298368451667,-1.1152259612689752,-0.8966792692506336,0.33501308120458656
-8.749867206934411,0.6178174457486858,0.02564138746277399,0.0015461756173363453,8.131664651304858e-06,-13.78921934938725,-0.07252042154543265,0.07291755024599236
-28.042132305875263,1.0714768758528623,0.18554026352808173,0.04241592517741928,0.005586648707180607,-2.75542624337435,-0.3629202568584743,0.5368570783681146
-45.22102040025554,1.8131573596913624,0.1648401556688678,0.0056751826022715885,0.01414112945100011,-0.6335018258499123,-1.5785274156998523,0.40439877273124575
-33.674790458477084,1.178762597891793,0.08052632983792164,0.002264065213226439,0.0005656083960144174,-2.0007210532545106,-0.49981980165267476,0.2463524316776747
-29.126704369871888,1.0291016063905065,0.11334679142346311,0.009899828139025148,0.0011848354516245214,-2.890578762368039,-0.3459514796894077,0.3623436794252314
-23.995121387146497,0.6771893399217853,0.1657044322418269,0.09291210979132337,0.0016142794240600114,-7.586593338335486,-0.13181146733500837,0.8974709105477896
-41.25691213677408,1.91646460927871,0.05456773590502152,0.0002234581519775492,0.00048074491477535656,-0.681774497366902,-1.4667606427962978,0.11307739548333402
-34.704150126603004,1.1572674361283202,0.1332156361504286,0.010198242788470016,0.00250156408440885,-2.019095481915476,-0.49527127813258226,0.43509694682569566
-50.295106154113455,1.5354968920342917,0.09751351871284746,0.0013062462074627582,0.0027248729251473287,-0.6923718374294277,-1.4443106231944745,0.35219461005698616
-30.875305684890193,1.4248664353352734,0.07844254979598682,0.0017254912484027023,0.0006959986150507933,-1.5745345425666823,-0.6351083275504891,0.17166574272755386
-5.3333525310667795,1.8475134593036433,0.18819670081790293,0.43780642620096644,0.011848347694391073,-6.078720442504994,-0.16450830556502902,0.2072418079796675
-38.181237738021295,1.2987201191828317,0.11261179664925292,0.004316637656888372,0.0020010496353704277,-1.468736429286886,-0.6808573547028645,0.3471936669722721
-23.674343533808162,1.4677789409989646,0.09619506995948465,0.004742104074344703,0.001235525038701488,-1.9591142566600965,-0.510434752133754,0.17080397129312314
-17.9918878989591,1.4095914207635323,0.09212076017413498,0.00708011214854484,0.0010001524210694467,-2.6606452515772836,-0.3758486778375208,0.15001372915422884
-39.10963240830199,1.1496818112294696,0.16723392947067872,0.017577063853780873,0.005194590850135332,-1.8394902578938543,-0.5436288644142979,0.6541382294638506
-33.506301486192115,1.4371460151956756,0.14195015290750268,0.00884216104455404,0.004367003289234394,-1.4229428270764297,-0.7027689243527756,0.33054305741079787
-27.745629104408494,1.1653547002462454,0.15926422360221604,0.023572385246711427,0.004078209192795362,-2.4041801963774616,-0.4159421999676924,0.4069839379414733
-15.577531272992701,1.6364215668078685,0.09579514873001756,0.008584303989431205,0.0013453554684410792,-2.5260039195961803,-0.3958822043949421,0.1321882343040788
-70.8282847097886,1.9533687252834282,0.06705870044649238,0.00011003012749273065,0.008589589095199962,-0.11317998022415188,-8.835484844753546,0.4001020118108853
-10.536335279385241,1.9397980362458438,0.03563573933507276,0.000757325804959063,8.366985999136153e-05,-3.0085473875112085,-0.3323863217681408,0.040640408810033946
-17.28501867816685,1.4026383455892277,0.09474975749318676,0.008321877509501963,0.0010802105847586637,-2.775597229219786,-0.36028282110697224,0.1527109109325435
-46.168237939707026,1.795772842777762,0.0450027033768617,0.00011289487367023957,0.00029480836085282226,-0.618824091511355,-1.6159681139072957,0.11478824489099128
-49.82218376208621,1.2705479277048903,0.12323347638188903,0.004083520491111863,0.003529889763376275,-1.0755653388391044,-0.9297436091417144,0.6166933924158374
-22.425422547594387,0.8812284321785102,0.031383229412416516,0.0003928675635530671,1.9556748394727687e-05,-4.482030035337364,-0.22311318579210046,0.09786903697935953
-13.015227044747576,1.539462815298855,0.16542531536747598,0.06616814160928362,0.006432695892481385,-3.207214143108429,-0.3117970785171211,0.2286299611786444
-31.05745611746886,1.1522016268248914,0.13093603998519676,0.011355068409554648,0.002272121625358043,-2.235522729630122,-0.44732267167127165,0.37859489836792465
-70.66922084551071,1.705024300134049,0.09710818687865684,0.00044710837297146186,0.019222637364368488,-0.15251055971899127,-6.556923021216057,0.7137521640626009
-57.8456903967612,1.999277165271424,0.1644024178359103,0.002862363223623682,0.03397799498350452,-0.2902441651174226,-3.4453750331050927,0.5358988172800151
-11.501127737579012,1.0236239112348051,0.1019004695284841,0.03164265641104454,0.0009268460327211064,-5.84295672924442,-0.17114622721659528,0.1907352885725037
-9.312153557488898,0.6400193685210079,0.032749723394721056,0.0027683349471011973,1.7479235459405943e-05,-12.584851673386895,-0.07946061073685068,0.09160748663622825
-8.700136889788567,1.0910692947502332,0.18161499973508977,0.2753748306409696,0.005828702933555079,-6.873471887516199,-0.1454868829559381,0.30214705478691434
-23.490459542274372,0.7397941638642211,0.16248306598671505,0.07257393203025678,0.0018973299991448126,-6.1847035862269575,-0.16168923636485227,0.7113127578636181
-33.935089734230054,1.798991157536787,0.0872056603965715,0.0014229742203290255,0.0014407778625592296,-0.9938023116177418,-1.0062363392696978,0.16091527252430382
-13.501583140413388,1.5728075064832197,0.056797504952849756,0.002440375372950856,0.0002669261839104727,-3.0236584218596647,-0.33072518799427153,0.0779095935387903
-18.55554608300102,0.884925118907813,0.05500097452354892,0.0027485709843526186,0.00011066718881287331,-4.983609898025741,-0.2006577602304206,0.14767442325994531
-43.03716499484133,1.2642479077066622,0.17835887195852967,0.015304636499631732,0.00845367667662782,-1.3455154618461413,-0.7432095939112658,0.6845859484942761
-22.03286846788567,0.6674240700082337,0.04554486614200246,0.002129084129951532,3.4668130553953106e-05,-7.83666351408382,-0.1276053256852013,0.2241965326569905
-59.66465853236822,1.977943884854374,0.12514474591984806,0.0011919399716581935,0.016960120015106477,-0.2651018335308734,-3.7721353590092814,0.44205672928845097
-15.433537360925456,1.777474253501699,0.1419287646218565,0.0257477158441025,0.00482422652321629,-2.310231534994523,-0.43285704694632293,0.18400340867150253
-18.269928757368888,0.8673304227206102,0.19272243379734882,0.12487997577859382,0.0046298790350820865,-5.193517277384296,-0.19254773722513693,0.5253665241937756
-12.338774869324908,0.9004576780192601,0.15997407288325374,0.1275310302171534,0.00301582242071163,-6.502869688105015,-0.1537782622077127,0.3458013130256645
-14.189226408180545,1.7127492738360992,0.10750926675827972,0.013661276706549578,0.002001338712924484,-2.6126747366809204,-0.3827495194715191,0.14026608637497873
-8.03028034553789,0.910009485788019,0.09932807147639897,0.06455034872919403,0.0007775384946695951,-9.111467841844973,-0.10975180040777172,0.18947359584892054
-10.113178190351334,1.1418705807349248,0.12405927772527572,0.06309138239879174,0.0019337112375065043,-5.7120133151020465,-0.1750696199107398,0.20487378666028527
-48.31286870613859,1.8646884257440504,0.14291045651565615,0.003113559138267911,0.011091943444348905,-0.529815593467436,-1.8874491659548764,0.3714348571409255
-37.97195780240953,1.4627198362688314,0.06268768708331476,0.0006053328428997474,0.00042615091215644833,-1.1918330039130873,-0.839043722330854,0.16246522364516522
-54.304823251229166,1.3745213993318632,0.03147238776347834,4.9036466244247125e-05,8.825996610126597e-05,-0.7453799469604082,-1.3415976698567076,0.1618283508578266
-61.901424651685346,1.5499192781429545,0.12930710612590224,0.0019596175547232212,0.013818666253345845,-0.3765759641475291,-2.655506711013121,0.7297353304416098
-73.81790079071548,1.5158819655175186,0.049677878220512395,6.66868579804824e-05,0.0031463347595594294,-0.14558534625877315,-6.868823172783701,0.5641041627131849
-13.417874321458441,1.8212697962158588,0.19818803226611556,0.0884832208256538,0.013442324957810359,-2.5656255175688996,-0.3897684962798337,0.24495767143237385
-32.73860230442115,1.3691200443947082,0.13419625384345796,0.00839099765486434,0.0033635702182141913,-1.5794524309846092,-0.6331308119084116,0.32445970082305603
-40.92682754331699,1.6887003215579153,0.13450018537408204,0.004144451258236844,0.005830950953597463,-0.8430703658139819,-1.1861406123965739,0.3176508327879375
-47.855531131181266,0.8943711081932664,0.03298945937756997,0.0002865676948012764,1.81721384587227e-05,-3.971097923611155,-0.2518195267999437,0.46528920666712775
-18.279809210517705,1.6908240293827432,0.1186008396073797,0.011691656672964151,0.00268358426512578,-2.0872785423170512,-0.47909274192505114,0.16737218916007
-23.00112413778855,1.727381036980797,0.17000739100493645,0.022162456626137528,0.00842069263687992,-1.622314469085198,-0.6164033046958441,0.2575178439552725
-15.280521878387859,1.0085479128462322,0.1958685269686182,0.14008593869341535,0.006236580357089755,-4.739407058850618,-0.21099685837968854,0.40998243257264416
-58.17122356620125,1.4423465116656953,0.13463397176004965,0.003008040319870446,0.009861322740415629,-0.5522989789559477,-1.8106135229334936,0.7413186380184108
-13.87870840678525,0.649932078816954,0.07782057768059576,0.01939193297842963,0.0002112218718898862,-9.581667746274421,-0.10436596493223464,0.2590087387677458
-25.294215530052185,0.6079936492076947,0.10962697035233607,0.03610438850908021,0.0003221728929395144,-10.586087966680429,-0.09446360196018459,0.8748668218224399
-30.15652178545144,1.874959790359183,0.06776166569876794,0.0007766334457914333,0.0006606393219805931,-1.0842410224583963,-0.9223041549678789,0.1106203707587807
-16.524273725752295,0.9670741164029835,0.061653485889918466,0.004068465672229572,0.00018156217934800058,-4.733720748372169,-0.21125031516569284,0.13975709810580078
-5.517585296177302,1.4909882226756979,0.15047022445876473,0.2629671223429989,0.004818654498222498,-7.387335664857511,-0.13536680142437907,0.18917440899048238
-48.48778591065211,1.9838528735266132,0.09999693677277395,0.0009569745341499377,0.004241631921927838,-0.4749891628768347,-2.1053111905614177,0.2433382212375385
-18.956323721782226,1.5041761903429152,0.16698267113415008,0.035383816821934,0.00649078760981323,-2.3348212633528855,-0.42829830946629505,0.2623061577761106
-24.15651803614748,1.28764219378427,0.04586304550861801,0.0005983485553641911,0.00011155438859379124,-2.3159746065669804,-0.43178366341517094,0.09406313016344317
-46.03473757159865,1.2813799002758577,0.08042536336689321,0.001241250050061905,0.0008732238798150396,-1.1922486453199002,-0.8387512151307024,0.33843810644183914
-10.478825020061606,1.0653757226833276,0.06825798318621822,0.010700783472872464,0.00029551610770597235,-6.0175153832144,-0.166181544427698,0.12042121637533312
-50.4180552820554,1.399669483932628,0.14561626665192923,0.005266064342960434,0.007506902501715054,-0.8375537605458827,-1.193953208864159,0.6176377260481982
-37.59005627928219,1.9381870843185565,0.1566792583987969,0.006166648835456103,0.010267512345317125,-0.774982671932178,-1.2903514313511184,0.29314270547592347
-72.05432322567788,1.6820660505474652,0.10208048525958015,0.0004955782307142717,0.026572857290148258,-0.13656423707810403,-7.3225613190961445,0.8347223990184561
-16.94778720996795,0.9986672435487999,0.043765738902043314,0.001334505538748025,6.772882012751137e-05,-4.438880314456946,-0.22528203717120054,0.09700483136038217
-50.258545787836454,1.8252972944346821,0.14632905688634945,0.003207149594625012,0.012666015971086035,-0.5031987958593089,-1.9872861545550942,0.41441222416699514
-61.551423635703486,1.7743778854464527,0.1600259313497257,0.002821031885740077,0.03393328302753134,-0.2883308138050139,-3.468238398814558,0.708229483224059
-43.12922492769092,0.8826151420134986,0.06016021817377305,0.0017088031078892189,0.00011144939222968674,-3.915679707141903,-0.2553835029397516,0.5971296199039086
-19.56372789870332,1.5734438536638766,0.13216209312696242,0.015662277418323982,0.0034176082025965796,-2.1407518075506933,-0.4671256128211023,0.20233059386565205
-12.862691166969526,1.709330871162245,0.07309222591956553,0.005166999376932164,0.0006265456679290009,-2.8717249328815018,-0.3482227662370837,0.09352893407999707
-74.7414175966862,1.2154947758952088,0.025431779524930934,1.8548674469028167e-05,0.00022627066743540473,-0.28631381958678764,-3.492671088818607,0.6196025857983463
-36.88844515699134,0.7884259642134115,0.05236811401805004,0.0016941993902616708,5.281907409211035e-05,-5.66352560916347,-0.17656846088627556,0.48514105686136383
-44.95449740807491,1.7671516151935631,0.03846684300749145,7.607733393204701e-05,0.00017034330624164987,-0.6682902209758631,-1.4963558774506105,0.09653519611557035
-33.928861214631624,1.0512625175799721,0.05526785964227496,0.0009117979636931369,0.0001457270206551485,-2.50137765530875,-0.3997796965514861,0.20608687239159
-50.10163843599386,1.2650242735301593,0.07270978412547772,0.0008414674154958396,0.0007251467649997365,-1.077223191391037,-0.9283127284965732,0.3717158671012424
-44.608946567788294,1.1526293616558765,0.15626719117012014,0.012231129392559279,0.00476300669555308,-1.6024802447658448,-0.6240326539227449,0.7682754685240288
-36.35006534326894,1.5245783255580863,0.19079525987169876,0.01708731752338472,0.012388017516539809,-1.174454076012004,-0.8514594315987364,0.4479980946306761
-44.58916617345154,1.1535344810718096,0.10737360956180984,0.003961861502964012,0.0015475166808768242,-1.6000441830654135,-0.6249827414666572,0.5265202505089179
-18.662351753143945,1.837552716837806,0.1550228916062475,0.022714838770623545,0.006648219215027868,-1.8484264042501306,-0.5410007115786035,0.20688585774304646
-24.07640065716067,0.5540940641595882,0.037476225180756204,0.001975823157702967,1.01069450777242e-05,-13.981832105423585,-0.07152138521332248,0.35869298798101795
-54.396612936410534,1.1860074997299896,0.09707817574727934,0.0021603451091928316,0.0017292323218079562,-1.1177248196329184,-0.8946745947078626,0.7122746720486293
-19.956716186350967,1.4907979495778152,0.10978842708777094,0.009289064627474013,0.0018317187169872727,-2.2519388877928854,-0.4440617840123074,0.17735434292536395
-15.976199824662487,1.8315666305629779,0.169589235871708,0.03977131857032832,0.008543113378458889,-2.1576296912579256,-0.46347156050535593,0.2171451061903337
-36.29881537019309,1.7367264068589927,0.17268776477299663,0.010345378214615144,0.011261046461917001,-0.9584816684020229,-1.0433167716887026,0.3497170915022768
-24.562075855495806,1.0292141543417892,0.11550004529327079,0.013219017637781296,0.0012564971134887393,-3.2435369027967744,-0.30830541781033516,0.31349774970621935
-62.09110029809875,1.9131984108920639,0.16901827784180878,0.0028111090272725805,0.04847361130581825,-0.24081645383900935,-4.152540177626402,0.686275957372786
-29.64473568702261,1.8289626696390293,0.17719083474594854,0.014811069688112516,0.011307541615490111,-1.1444823917539408,-0.8737574358548944,0.2925169018565238
-60.86565079567745,1.3369294740330568,0.10648722667858648,0.001662598983885703,0.004849361127293883,-0.5855331557258051,-1.7078452180226023,0.7874252077111085
-41.66421774275426,1.2132325066922678,0.1974191434199789,0.023715530219190616,0.010121956051105914,-1.530679252995488,-0.6533047325512732,0.7741016215756342
-8.851514906285587,1.1766010871816879,0.17746726249625216,0.22806553391565754,0.005925490448084106,-6.203941269606875,-0.16118785728984938,0.2789296024018345
-14.31961355275942,1.8385656559348504,0.032471767162479154,0.00034081623373682576,5.989262713899409e-05,-2.385467229051034,-0.41920508813605095,0.04042198989281921
-5.9791564097078975,1.7272242626230032,0.06040856915694133,0.012449019911950514,0.00036369455914341014,-5.850583456121096,-0.1709231237362768,0.06974116842251032
-14.386186339612749,1.1843767170918007,0.15975174428773128,0.06835361368472415,0.004198405332786542,-4.034953714987672,-0.24783431747569756,0.2805675079023378
-18.52563353486277,1.0143809096397958,0.1045640119374674,0.015413771496587675,0.0009343036370768075,-4.061724274455657,-0.24620085767245184,0.23858489874050032
-50.50235872255191,1.5826846119585838,0.17810242910669274,0.0074407686357425545,0.017806640815263067,-0.6464246383561042,-1.5469707382179285,0.6184728116825774
-14.694997001160218,1.3350047848322866,0.17248049532082638,0.07132925855185931,0.006130681839794523,-3.4109822986598006,-0.29317068000995117,0.27497361626521255
-28.34358404300601,0.8511551342373425,0.1575700257907519,0.04058543294630712,0.002159965793674284,-4.334726041048085,-0.23069508673221986,0.678075131253787
-40.04446794965914,1.4345083581165345,0.09338496367001584,0.0019037860893576356,0.0014360315976246355,-1.1514022574435228,-0.8685062006221147,0.26478582999244804
-50.910198118803464,1.968845321382462,0.04560486578161348,8.323715216274696e-05,0.00045125996202976225,-0.42948223576790223,-2.328385010411497,0.12033943190998524
-19.077729014728547,0.6835927032142688,0.14053687572041262,0.06883110360934179,0.0011730730062791312,-7.660018981281265,-0.13054797937755677,0.559314074969392
-26.783119703883436,1.1877275159379916,0.05263195204792509,0.0008695980393584205,0.0001510562537918152,-2.3993296504473225,-0.4167830793128254,0.12748292859947916
-44.8696010288245,1.24123823138319,0.12103660701355086,0.004712773172645901,0.0026686578498991203,-1.3288985288864508,-0.7525029024134364,0.5166189963546085
-13.063674709275517,0.7501958207357036,0.196522072843402,0.27607940733270697,0.004303907408521463,-8.009133766006435,-0.12485744766111283,0.5292576654042973
-7.100424297367226,0.7320858485133146,0.1694699043815909,0.5195067321424953,0.003030764773565623,-13.092406302617313,-0.07638015326488067,0.3834035930409658
-61.455757001992225,1.784523073450634,0.0982965220592688,0.0006490795656707278,0.007887484183347346,-0.28686642275121726,-3.4859430058401863,0.4296109454702386
-69.53758640283576,1.4455000806179465,0.0516749625064262,0.00010805379252926788,0.001642585038326451,-0.2564815183157296,-3.8989164075713116,0.500685431867258
-15.457733354477583,1.4401596135128212,0.13064237979275037,0.02577719287950067,0.0029227155060365627,-2.969781782032923,-0.3367250772598732,0.19865588579814134
-63.02018446914994,1.7587563133739526,0.07323644113839006,0.00025864015739262875,0.0036496994234807996,-0.26620697380519504,-3.7564755938053676,0.34968785651634654
-42.26161049563341,1.609841946847285,0.11137245479996594,0.0024116628854608303,0.0031943637234519455,-0.8688926375806763,-1.1508901753205965,0.2897783601965118
-5.684564149834657,1.7608646501574168,0.1579802948317816,0.24063677089486366,0.006649881616880219,-6.015531961431792,-0.16623633727015957,0.1796467994632592
-38.26354321169044,1.174185740770991,0.12150479478518718,0.006618372524493762,0.0020564008266254776,-1.7939970282898545,-0.5574145242332201,0.4426007864356991
-41.578321797129064,1.090349781969612,0.051220103115924155,0.0005348757166319482,0.00013698092728575508,-1.976042994920402,-0.5060618633150143,0.2479468504470321
-19.441446769238397,1.0685446499921538,0.07028900116109367,0.004017762629953356,0.00030468652329882786,-3.631328305343083,-0.27538132493517997,0.15544789295811967
-53.35388453354173,1.1275896468637367,0.026248390415659628,5.1553006713148815e-05,2.766223922774791e-05,-1.3651593042700405,-0.7325152433654668,0.2114373417789543
-24.438857627315997,1.0841673608039317,0.19973409701587616,0.06321350822009858,0.00707976105379052,-2.98810357149441,-0.33466042125838363,0.504618206027384
-50.49071945087587,1.6278604621103252,0.1598612515578677,0.005098984312325486,0.013585879784214838,-0.6126295685852766,-1.6323077619470179,0.5322580746196565
-13.032125347798782,1.366918357114438,0.1813797689933291,0.10016257010173661,0.007365622695370982,-3.6876355723226903,-0.27117647077315205,0.27458570671169796
-57.593069703302575,1.3140320665711474,0.02635111989518622,2.92862983402799e-05,5.584187248207519e-05,-0.7241895519086073,-1.3808539454407924,0.17343401559802482
-38.371828621058924,1.7811256482129012,0.1476912477044095,0.00564852313986131,0.007757327150846436,-0.8533189738294671,-1.1718947201094894,0.306928005698929
-54.9429605255035,1.694100649402575,0.19722845037303607,0.0075115193476442774,0.0354446293528436,-0.4603505596624802,-2.1722575958920958,0.7243927560740259
-45.49718863225905,1.9655095520239887,0.10342380178299801,0.0012172972199684352,0.004022695561431677,-0.5500975768899398,-1.8178593071681064,0.23361455297575978
-40.27810692803871,1.3952570568944278,0.09028414896137542,0.0017940486614350347,0.001240929934357552,-1.2023848037388822,-0.8316805043530529,0.2683093919366043
-26.99780590150806,1.6887672639751434,0.14985199889756426,0.011782793957478489,0.005873811399386493,-1.4163289842495077,-0.7060506500401004,0.2512025207380314
-36.852878552862336,0.9978412097763552,0.08811279015608903,0.0038227514273690166,0.0005315276453924455,-2.681792060826344,-0.3728849878434902,0.41463098288075967
-16.66935393758201,1.0431837962711725,0.16213852167744086,0.06561370674274056,0.0036669857333219416,-4.23002249040687,-0.23640536244614951,0.3404984809508553
-21.292898895792327,0.6476143911800702,0.11296887110862205,0.0358081324993486,0.0005070456459473032,-8.40363743580846,-0.11899609039996577,0.5642101340532986
-64.52953224459907,1.4163346660906249,0.10942713141435445,0.0013462821290259521,0.008460473229244068,-0.39890613225713056,-2.506855420701858,0.846402444947529
-42.723061533688835,1.183194950259713,0.0964613520493463,0.0028380862342842006,0.0011426174330046665,-1.5760223450677255,-0.6345087702148205,0.4140413939389698
-25.699081086173877,0.9064752221235963,0.06773643260434808,0.003149624005169313,0.0002008522613501531,-3.9599617685266275,-0.25252769053173646,0.23104050119448563
-17.196239127093087,1.666089096931442,0.14259062533726105,0.023121093944679906,0.004557407302054433,-2.252398695994404,-0.44397113254343873,0.19964756340761639
-13.844171792142177,1.1575048943563724,0.13605903855790527,0.046516891493648765,0.0025266177790607557,-4.290773291857977,-0.23305822330384257,0.24093308672816935
-20.186209696011574,0.6222259702076995,0.10387405050747715,0.03187497526688666,0.0003756932097381089,-9.211031242468215,-0.10856547694566684,0.5235486800121336
-14.7736778219776,1.698093108842732,0.17113896729412073,0.05164960028218583,0.008000942716022877,-2.540755661119719,-0.39358369452940506,0.22677911521916308
-27.617858406587004,1.8277556499091003,0.10729977377914425,0.0037338041308122983,0.002422596397640668,-1.2414671500955603,-0.8054985586392893,0.16989380553311045
-29.438519952952646,1.1204904060405791,0.18736470822248893,0.03770021848964183,0.006263750276694488,-2.453322919332397,-0.4076104258921292,0.533665560636602
-11.066775157504608,1.386624232842284,0.14350994342333906,0.06589554733041499,0.0037355174236696326,-4.200032505630603,-0.23809339538667632,0.20726343002429568
-72.46084989374687,1.8648042358437489,0.05863245484173954,7.331391703904138e-05,0.0067116092912457605,-0.10451530170511762,-9.56797697261046,0.41256814680889276
-56.31766416154316,1.5168320382804885,0.1681947751214824,0.0055657784025455685,0.019099896257656852,-0.5398181113798171,-1.8524758227246625,0.7788593355212908
-9.139612104197113,1.4643324864349503,0.07294118497069721,0.011632465285975549,0.0005264287532361667,-4.700738383642314,-0.21273253654783514,0.09802508819744757
-46.6050900500459,1.7481026111720381,0.06484225310903116,0.00034728639632111274,0.0008587857632926375,-0.635918512003394,-1.5725285254703558,0.17315858259708383
-29.349164699285872,1.2137450890241868,0.09732397790817741,0.004622429888133981,0.0010072606825421997,-2.1422207679391745,-0.4668052961516213,0.2479432964012162
-16.915995162175896,1.729622734996758,0.1641301348630036,0.0347300130973317,0.007263563433178792,-2.186641603088159,-0.4573223150001885,0.22237019015617268
-5.674981394263355,1.0878645149995312,0.1633090896271013,0.44817449901888706,0.004371390441017121,-10.125436903725282,-0.09876117045695942,0.2562035762532449
-20.036554571132847,1.374482938817831,0.07441169878476202,0.003195670148568381,0.0005127329636181752,-2.496521746074582,-0.40055729599485956,0.1295124168762588
-13.44328263974478,1.197029626541722,0.09611317342454918,0.01656451114065499,0.0009308262123233137,-4.218470431306517,-0.2370527460803575,0.16377277795465275
-23.443207986081994,1.2745841352922622,0.04691486158664583,0.0006826946097996647,0.00011723306573376618,-2.413171434665414,-0.4143924404354015,0.09549463156230967
-53.39560091025872,1.0777580433740324,0.08035094369520647,0.001745551614846218,0.0006728513380482399,-1.6106708073748777,-0.620859331044704,0.7541006965541275
-31.3552406397176,1.0924003146928043,0.1794074637022326,0.03183751159352768,0.005304597788326583,-2.4498716277935686,-0.40818465288347844,0.5678454526019894
-41.44638529708514,1.321909925919675,0.10577855241445693,0.0030680370501308565,0.001854747640084356,-1.286138936908484,-0.7775209748362946,0.35514206038070567
-69.85839784970105,1.584359902947404,0.1072601311693412,0.0007468104229536813,0.01950983474499756,-0.19564934122141797,-5.111185111879788,0.8648165188981167
-32.16574698990667,1.425459874065207,0.06668561219413116,0.0009917601906482137,0.0004366090465592459,-1.507151710617858,-0.6635032113588945,0.1510751758076712
-28.10861804705727,1.2574583257380307,0.17641856167746,0.027747557123920314,0.006291297470606704,-2.100111083184925,-0.4761652885919964,0.414286810766138
-28.48628256751499,1.1795391714299623,0.15279588136093603,0.019617547814404005,0.0036912425899156697,-2.305345733113551,-0.4337744164079984,0.3933583862722923
-39.56237807322517,1.578879486061927,0.044686017029995986,0.00018002411694260052,0.00018344274470722245,-0.9906382090323383,-1.0094502623483566,0.11011327429382795
-9.878163735061179,1.6373836730072915,0.025440448013258,0.00037601400556010173,2.5241666394758868e-05,-3.859606236588017,-0.25909378799326005,0.032039591778000254
-51.0939326418934,1.769391295118689,0.05157425075547674,0.00014353762955927275,0.0005489000107829753,-0.5113711999820723,-1.9555266312124309,0.15614042536061
-17.310277154803025,1.062204681226171,0.18879157361135362,0.0948947046136894,0.005912953249415165,-4.0060721477610075,-0.24962106600074582,0.3959578573332122
-24.512667947112163,1.5715131522417791,0.11415368224794377,0.006798036583882328,0.0022841393046006443,-1.7251642713068176,-0.5796549445360915,0.1937058898361008
-5.866443962605246,1.3727072887106688,0.19438050644630792,0.5504495319154035,0.009479233324308743,-7.6203013606464145,-0.13122840589537682,0.2593630178182575
-16.505133778413736,1.447702319527725,0.04638477852241418,0.001018829433479263,0.00013175110442770923,-2.7808246806989607,-0.35960555404328826,0.07167137015846303
-36.52514605174555,1.333284360658753,0.12064707920108665,0.005397311977200163,0.0024978018573755863,-1.4699743913554177,-0.6802839599660856,0.3390011410332298
-32.99254517546295,1.6590395348057818,0.05297998275176777,0.0003774298355494942,0.00028088916203733726,-1.1591793147810419,-0.862679300129584,0.10369003058733066
-29.03860863064221,1.3335681991120951,0.18922430341338062,0.029642004655488274,0.008598893544124988,-1.856660506003669,-0.5386014280836025,0.4253209628178045
-22.220346261400472,0.7371526834154447,0.17629013297876303,0.09879254611626838,0.002479111778108427,-6.312683780070852,-0.15841122965116688,0.7259984098324045
-5.132863916160957,1.1108779089364877,0.038323781413505495,0.006857199822028517,5.8189058723109174e-05,-10.855572610397974,-0.09211858608381039,0.05859563919401796
-43.06528122496753,1.4959907351241122,0.06491788500096893,0.0005271765938890214,0.0005705219075739978,-0.9612622715318576,-1.040298812941457,0.19101319767435437
-35.31065369517611,1.0693873050082718,0.031043501721348392,0.00014870750858234078,2.7052610781536047e-05,-2.3445627284305055,-0.4265187652579545,0.11881480389885621
-71.07318875133736,1.827455002123409,0.11901523652325874,0.0006932356946022215,0.043547000247879344,-0.12617152034756235,-7.925718872573767,0.7965671955266124
-61.64262173329175,1.6592385717462177,0.12520845844292192,0.0015450061756351833,0.01427488090929427,-0.32898709540068444,-3.039632903479288,0.618955219756211
-55.34150665206971,1.2894361775005625,0.07237409263948272,0.0006824704190398112,0.0009623699911455074,-0.8421139853095314,-1.1874877005307485,0.44833075040762743
-25.172759513869202,1.9250797335132317,0.07276213642252222,0.0012849161371660074,0.0007793661988295287,-1.2840046853169338,-0.7788133574864391,0.10520780897969674
-14.507004773458931,0.9286887156658954,0.12534843136050028,0.04480465846261728,0.0014720574097549684,-5.516952080198805,-0.18125950442621297,0.279564909416467
-27.98709317329545,1.0071283720009323,0.07428342336563262,0.003055950944964108,0.00032017006832135627,-3.0894617660643617,-0.32368097607949725,0.2351587593034722
-38.099427764370795,0.7883902011897435,0.03289547775703952,0.0004293644767358589,1.251689943973652e-05,-5.856857716785254,-0.17074001936807948,0.3400967512599197
-58.80991990349668,1.451278834174488,0.15397107690473955,0.004335445793083376,0.015658545492635362,-0.526188280509937,-1.9004604189034482,0.8610776730381591
-10.751557826730902,1.9536300913983868,0.08390840829044391,0.009437887572104377,0.0011008986168731842,-2.927950543633041,-0.3415358234702921,0.0955448052837033
-29.064097367082987,1.9046763720627329,0.03877945309915658,0.0001522345365718177,0.00012390948867414372,-1.1084198950488497,-0.9021851777172661,0.06104622794336423
-6.4431899068735845,1.361556755647166,0.07077780308999453,0.02239412179543072,0.00045146809378549495,-7.042931855126024,-0.14198632339061676,0.09582508086827934
-24.569402823769067,1.3374933302535628,0.1368215387537973,0.014618357354850718,0.0031383673674335393,-2.158228371949587,-0.4633429960410874,0.2723788510140234
-63.5004920504554,1.7918630666027475,0.11474985510021715,0.0009384999210085042,0.015256419963551668,-0.24802234119700992,-4.031894849366319,0.5436241868612501
-19.06127448140265,1.429956020924637,0.13001551425249858,0.01765202870333501,0.002871969485409601,-2.4791762446896954,-0.4033597861959041,0.21380605103388792
-24.77344271397333,1.6170367540642192,0.09801574976366209,0.004064510831537419,0.0015070557581232066,-1.6422508007240195,-0.6089203911845437,0.1629624801553396
-46.15885293820507,1.4276036568623944,0.02757772961232855,3.953620403659086e-05,4.457865089075753e-05,-0.9417465202353671,-1.0618568569279916,0.09660151803213886
-45.290079663741125,0.8862048398427863,0.07632044059805856,0.0035278327723902276,0.00022409994145907786,-3.9676478902677657,-0.2520384942557271,0.8919050456713562
-18.019208752046815,1.9606366516529707,0.14319740745108095,0.017671679237488924,0.005638384562503378,-1.7703598974952355,-0.5648568979758486,0.18058637194057425
-28.711648674944257,1.1010800113214976,0.07933611941756885,0.003057459452014654,0.0004594185218632712,-2.579740982093483,-0.38763581574321115,0.22597678543062466
-31.762434234495863,0.7434899320064436,0.034136350479730904,0.0005622374824595582,1.4049876256587081e-05,-6.325919309677189,-0.15807979062746375,0.2536922337195209
-59.71474404631408,1.4542578996280566,0.1480690589219594,0.003716597289318973,0.01495212504517744,-0.49856443240931736,-2.0057588046694197,0.8584293119059121
-52.12165551278495,1.9750697767646836,0.0419572757455972,6.138814104253319e-05,0.00037838938351612595,-0.4027845186004172,-2.4827170703451267,0.1145429821289109
-20.979414814090717,1.5531568512296203,0.1595820289443636,0.024768832116890942,0.005966645506099882,-2.0374532229185043,-0.49080881403872056,0.25406431720019895
-47.525133862263964,1.9858968934892913,0.1343541339960858,0.0024115186574505377,0.00983227742304978,-0.49524289221409534,-2.0192112107440328,0.3176469468909105
-47.132123218431985,1.5842423930631597,0.06396212874046597,0.00038928298642872756,0.0007075218368730432,-0.7417589368141734,-1.3481468848827927,0.19792087348660745
-64.29295389054283,1.4018271995902598,0.058599650320123764,0.0002146864807649754,0.001234736322255467,-0.4169800110051735,-2.3981964928951784,0.45882862357373705
-22.436943801432626,0.8027277403445678,0.16387168135909935,0.0663149540515542,0.002346486268897326,-5.316143897734692,-0.18810627011547196,0.5900604147105319
-51.76479241952255,1.9302515222422558,0.11115803726478335,0.0012035113478482422,0.006632844047486328,-0.42596626085911293,-2.347603770268432,0.3083165746902098
-51.482331207552164,1.9933962901169742,0.10147680133634926,0.0008778201755698215,0.00523942561714528,-0.40931809062967006,-2.443087718067044,0.26867315763079685
-47.651128886315654,1.0564038801824982,0.09569201468572763,0.00340538989658194,0.0009096450368437831,-1.934850635496619,-0.5168357606804773,0.6840565481652527
-18.871638244392962,1.563843479115798,0.12919341195936504,0.015723650359317675,0.003156961678464555,-2.231731965448476,-0.44808248279001806,0.19613961802769658
-23.147284155662298,0.7092638065793095,0.18127579083042092,0.1121127410237859,0.002422620810991035,-6.802753955712823,-0.14699928977443305,0.8446816568092115
-9.534136941534257,1.0053902715531629,0.06913006633050056,0.014141721832159553,0.00028925149503385204,-6.992191901297472,-0.143016669753363,0.1254370724038817
-30.434885305640044,0.8500575480734949,0.13353972912387627,0.023294710394043162,0.001276216574227015,-4.272346495100978,-0.234063412493973,0.6425371684524506
-23.91577076400015,0.8225325325965748,0.14146348516164067,0.037749641401297426,0.0015458687365401673,-4.941628671741028,-0.2023624327984323,0.5235502112825883
-40.60376273204876,1.8586355477447642,0.1572281870720765,0.0057681611851098605,0.010726863294820841,-0.7333010737587545,-1.3636963530875525,0.33079770026290745
-48.88609958553761,1.292674841753953,0.11824925487682231,0.0035519479498215835,0.0031361727621201847,-1.0642246333029575,-0.9396512434563481,0.5490047914965999
-49.2168894833415,1.2764106425283308,0.025981969297617025,3.8485728190629406e-05,3.267658929109243e-05,-1.0852542477521714,-0.9214430646747028,0.1254995019208515
-10.196661409576492,1.4728544500465666,0.14510189474963744,0.07404184652689172,0.004152487840506206,-4.222643680002385,-0.23681846629300135,0.19755892324258692
-33.390619512354185,1.5214493987820372,0.10184390905269351,0.0029986411611133195,0.0017624178427790246,-1.3043910448705494,-0.7666412644677748,0.2211596815528443
-45.6698610012442,1.3508867237408555,0.04647100260525215,0.000215639922139102,0.0001869220559204466,-1.0740742592691968,-0.9310343222268477,0.175309930345957
-40.32204548833323,1.516808440346794,0.08036862892933676,0.0010868042195389962,0.0010187319539970994,-1.0328700718918804,-0.9681759857445833,0.21312247394856462
-38.774495055294224,1.0966620817135253,0.15812064096754425,0.016705896432342965,0.003924589728144983,-2.0631830486182325,-0.48468796826812144,0.6675734050752619
-55.31938471990476,1.7027375548240715,0.17504548470226775,0.005126090648620376,0.025632642672650755,-0.44719449556588997,-2.2361634812489757,0.6469192201774132
-38.870169797396144,1.9059669559569858,0.18109887428749968,0.009184755092497601,0.016088818787516626,-0.7555647882323054,-1.3235132388045334,0.35534220177785464
-63.363252336899166,1.9355606805988654,0.06136000812975463,0.0001244430530704746,0.002670519206916718,-0.21586760632459026,-4.632469025928539,0.25853642762774687
-9.397482404731491,0.8964908364125485,0.17298599962994793,0.2612508289640043,0.003952429647565726,-8.13011641737987,-0.12299946872375471,0.34633292069013494
-70.48559390287124,1.4422893888923545,0.030873363823213845,2.214127238375147e-05,0.00039452852264468366,-0.23689837638204905,-4.2212193062365575,0.31831771040814083
-69.00898801173946,1.433517404113845,0.07249418417693299,0.0003132123967255635,0.004143057966681303,-0.2749533190509177,-3.636981009910316,0.6950152785228197
-6.404260700504551,0.9826679205783218,0.06354565606546596,0.02352746301874338,0.00022776871855160368,-10.16343491861219,-0.09839193225596503,0.10947095446091624
-34.228253622211206,0.8150072582383985,0.1034923428936467,0.011471134818595817,0.0004952302050958307,-4.812820110997232,-0.20777838708640137,0.6976963771604772
-6.912433059328322,1.8894249816073596,0.07385381342933668,0.01560616759779532,0.0007283990687108065,-4.628746986994504,-0.21604118842739142,0.0817807238950676
-33.269637232847344,1.4027866088544825,0.024097541873369856,4.5512724849567095e-05,2.0450757662654335e-05,-1.4918038290690854,-0.6703294230207328,0.05740598363281347
-48.49373260229062,1.9212106936102051,0.03874091155607508,5.860715152969234e-05,0.00023420904233332,-0.5002343124210664,-1.9990631893284876,0.09776711927231103
-51.20361398921163,1.0400796912411918,0.04913571620059006,0.00046936469010993377,0.0001257360165650315,-1.9320811293129172,-0.5175766094023277,0.45724461646705655
-10.156750364040306,1.2906471337586938,0.07623530063705153,0.012586182184821961,0.0005176684912448391,-4.930842618799375,-0.20280509383677978,0.11435704772488102
-68.80792036698077,1.5436754952127394,0.09253769872328813,0.0005390430919707442,0.010254213210262713,-0.22927704236452565,-4.361535676171662,0.7419658446498861
-5.219824169281736,0.9757545419873583,0.1058628603318058,0.16133457420868808,0.0010628676967269412,-12.320380470437826,-0.08116632456274002,0.1787645862769306
-51.56562041813386,1.2164779815608737,0.06415964233101155,0.0006177098233084024,0.00047627847467906446,-1.1388375461528109,-0.8780883659641993,0.38321569264221195
-31.34188220835842,1.725654275499128,0.03191875752982447,8.515660919414486e-05,6.292382502424461e-05,-1.1633265040324163,-0.8596039001378539,0.057749668798387555
-7.4069951387479875,1.6180334979203952,0.1419541565312438,0.11461942501161701,0.004368081464453765,-5.122521006950165,-0.19521637854548843,0.173900621654641
-10.785172780610708,1.981010245441484,0.16570471427457048,0.07115361406208094,0.008610313130297456,-2.874676701037146,-0.34786520502956486,0.18717338084511856
-37.414146098424254,1.0554912124042686,0.18724786852721625,0.03153702346463087,0.005868872802570861,-2.3181044575970624,-0.431386944933705,0.8040868657328023
-27.17023407669108,1.6206368944036598,0.1478664044587342,0.01185048794081532,0.005344399641661797,-1.4890821348251138,-0.6715546285950477,0.25849378254869915
-39.99594268767258,1.4999071508317945,0.1382633352791539,0.0057183441431578365,0.005039073102192195,-1.0652702901964797,-0.9387288927541185,0.3684553811450773
-29.48647139560672,1.6098108572494016,0.137399968391167,0.00833903931437989,0.00439520533759448,-1.3774264742845677,-0.7259915637380194,0.2549192926146414
-45.78145194592386,1.6245969754194722,0.1877069244919701,0.009890557274839926,0.017702890487816245,-0.7474605734581128,-1.3378632071167555,0.5372619121915543
-15.920540675487615,1.4802220341678658,0.13107425170671527,0.023866240560281166,0.0030537134878677917,-2.7956182263229046,-0.35770263285030396,0.1966811141915958
-26.83534411693907,1.3918530576754626,0.020186868290984754,3.8301883015162507e-05,1.088898396845752e-05,-1.8754970420498522,-0.5331919899521863,0.04079784937999029
-5.045747261410483,1.6267627102578919,0.11486286502898883,0.12681905583543698,0.0023592998299847324,-7.3316325314289985,-0.136395270182082,0.13588439718072975
-29.439177433014912,1.2630803348020396,0.08638209369133061,0.0030116260988758674,0.0007529754627152184,-1.99990844379714,-0.5000228900985803,0.20974069004938392
-35.765751210810585,0.7535545198094458,0.052785661982223536,0.002066163767346633,4.654984834115516e-05,-6.662285436471487,-0.15009864250572025,0.529713133123421
-28.699992232920792,0.8907761077887983,0.12040679882948323,0.01617221439324787,0.0010619546546518737,-3.902399781379592,-0.2562525768814173,0.4832752199472504
-35.88902389144474,1.8682055073497366,0.18547461780538188,0.011733291812131206,0.015382781030109347,-0.873358410606912,-1.1450052897585112,0.345392096475542
-27.703827801002078,1.9621390003184151,0.08479386688838464,0.0016680242845064815,0.0013152873293929986,-1.1261360629413488,-0.887992164453117,0.12672205630017078
-35.427917898963464,0.8622171278230726,0.06641392518887648,0.002514203686916634,0.0001529783229878328,-4.054014349808076,-0.246669082473115,0.41283672462523313
-37.764834231116765,1.3608549403577535,0.1504964032839539,0.009599372644656504,0.005163860356885586,-1.3634341917522224,-0.733442073001592,0.427438913460932
-13.856958714580443,1.5453050742871979,0.11096116960474862,0.01770927507455356,0.0019492736277328447,-3.014143941305322,-0.33176915883019653,0.15514681588406146
-29.98750357321625,1.4659369199137715,0.09002544671699436,0.002618398067785449,0.001084859824082244,-1.5535707031910075,-0.6436784614604389,0.1864390801904823
-44.61563694546147,1.5601228753963838,0.042283622674131494,0.0001271797553024911,0.00017978494360682543,-0.8410703698227857,-1.1889611569727525,0.12326919623215082
-55.88119228479116,1.8583205726531884,0.16132494603660258,0.0033345941977103452,0.024515894971402,-0.368805695272253,-2.711454873986689,0.5384576188141996
-6.0030561856276705,1.5623284706131457,0.1387410871541352,0.16658474223618402,0.0039578714390997305,-6.487640390902873,-0.15413924628162565,0.1704570631834101
-18.88430429859705,1.3228279739295303,0.10539424286113591,0.01058300761088334,0.0013809464202545192,-2.7683190412845806,-0.3612300407166838,0.18521853350955855
-48.62920105787249,1.6608432876317827,0.192762457083836,0.009233179238811966,0.02258561813930444,-0.6393808764608733,-1.564012995720548,0.5863925934705245
-55.669575189379614,1.5853023258448227,0.19293811739819952,0.007820375886502641,0.030410825088683154,-0.5071071247089031,-1.9719699276046148,0.807480855821961
-20.123689043010415,1.5714491182896708,0.16740153090333973,0.030317770224980858,0.006955598759983041,-2.0877638233781,-0.47898138132403933,0.25938444518490306
-8.172994398843258,1.572965261052417,0.10323310606838096,0.03765946608928873,0.001623070476337868,-4.816908428771686,-0.20760203661480034,0.13021815093871625
-14.352913726186358,1.8355370024813717,0.057853872968430586,0.0019228324135285731,0.0003381154595993826,-2.3847244423581393,-0.41933566085780044,0.07213521276890883
-68.48165997891826,1.3930891691649117,0.08901935863000911,0.0006460294741827941,0.006615335051494684,-0.3125001597645694,-3.1999983640116456,0.8896897098819099
-21.74834927380323,1.9506082992454374,0.18889354847320197,0.028857338690657628,0.013290300544634705,-1.473535954890653,-0.6786397011087573,0.2542383221896218
-11.496417007842396,1.4479384648907965,0.15620913682823676,0.07530772636985676,0.005057769100775139,-3.8586933670905337,-0.2591550830466747,0.22009152372939497
-41.15910682485662,1.5753898189036932,0.18614078319639943,0.012221332565034028,0.013861836731460601,-0.9389638914173174,-1.0650036802699108,0.4818640965039686
-11.448495253901612,1.8636861066017247,0.19777529157823753,0.11557339186844526,0.013682530405281904,-2.9063353122635216,-0.34407592124020153,0.23410233535587202
-20.205335579582936,1.0351886187998822,0.059272256824455236,0.002374854600435307,0.00017379248288129997,-3.6966047627811554,-0.2705185066221811,0.13895234871785958
-7.265471918696036,0.7635604890531936,0.053755447103257276,0.015122016920954296,0.00010138506845593332,-12.212873548928886,-0.08188081175111353,0.11753285320560397
-35.58659423707479,1.093988887070554,0.14405506792835054,0.014019727592272711,0.0028461117018688314,-2.219442086536911,-0.4505636826777229,0.5351586964563195
-39.279372067069446,1.3472635264968624,0.04376896271143503,0.0002267430524260195,0.00012910926441470102,-1.3252209443052052,-0.754591152741165,0.13251060327707018
-55.965883582740865,1.306769616748552,0.11238324482293928,0.002419708501862515,0.0038704139673629233,-0.7906837549650901,-1.2647281466458755,0.6944542239531907
-36.96160234815519,1.3964572534397643,0.1285204382027609,0.005900206464857686,0.0033088521860537437,-1.3353494172045288,-0.7488676649842241,0.34350767242987396
-66.25113785978448,1.3510384607862336,0.09283315203911627,0.0008826118989447042,0.00533677187109058,-0.4066732156081023,-2.4589767941925817,0.8864079730983259
-44.81499222709124,1.6604189345623865,0.11919854026372312,0.002530833923072587,0.004533567419967644,-0.7471568530341332,-1.338407050593319,0.32182012059704945
-31.189080121697394,1.0423548947639516,0.1795061156632012,0.03517787390318694,0.004845873438249149,-2.6943174276434685,-0.37115151679608527,0.6085831707179987
-10.2054296842322,1.9268298304561633,0.09201586981752116,0.013960178188513353,0.0014299399333668815,-3.124543558876683,-0.32004674639886094,0.1049177993414187
-42.07064754094064,1.3418262841741821,0.129450980438178,0.00533912345074847,0.003562631733288542,-1.22419193876288,-0.8168653691761445,0.43375205127513045
-18.535402108674333,0.5407099383262705,0.07025647028290954,0.01460217245396767,9.065919201159053e-05,-12.691203692230165,-0.07879473249745587,0.4224659711852537
-30.95709270342025,1.7310675261676147,0.10119535330852578,0.0027604127458872936,0.0019992748596343213,-1.1750348829394077,-0.8510385644879331,0.18093788065979766
-26.749929408309086,0.7951370913784112,0.05957887462096573,0.0027016951887155675,0.00010247585584023067,-5.134609235814464,-0.19475678753212416,0.27024321202559615
-26.290179425537147,1.6790544764687652,0.11566500713580355,0.005721029022050411,0.002654184135610708,-1.4681537912378215,-0.6811275535084683,0.1919822693123896
-14.367507720389554,1.557743640733947,0.12408322429363917,0.022951129420414693,0.0027521916213574093,-2.887770641191135,-0.3462878892582426,0.17398746624347308
-33.97959237148069,1.9532205863947358,0.08081061250353917,0.0010047450002320427,0.0012904258512944325,-0.8823916697905565,-1.1332835907634518,0.13814893680799223
-59.133713620895776,1.9483689523917893,0.06898129411495668,0.0002096857027007944,0.0026495804929383667,-0.281316918014792,-3.554709780900624,0.243525083615466
-34.53120354123939,1.6496743718351277,0.04511785991710876,0.0002174585997136738,0.00017787229338824795,-1.1056919335109252,-0.9044110476818623,0.09229656152078554
-61.90299112328523,1.4437969082443916,0.0598948406430866,0.0002315309654205645,0.0011552136053706724,-0.44768587671956,-2.23370906254079,0.3898928791865696
-75.44696115485662,1.3966191274318898,0.04123586379918089,4.386765728199609e-05,0.0018946495131045564,-0.15216255066811318,-6.571919277175719,0.6501050432672719
-20.68511518525493,0.6919130712976116,0.12965347167534513,0.04825053004334957,0.0009014929636195994,-7.315935596009477,-0.13668791733834512,0.5507615301857235
-18.358945942110324,0.8864787370216605,0.1487126300252267,0.05505503564991933,0.0021985106267685558,-5.00419517135722,-0.19983233382337953,0.3956851680827051
-56.78423688967794,1.8604328348638437,0.12096540406993438,0.0013530916016590096,0.01102443638537718,-0.35033651166906604,-2.8543984617413143,0.4163198439580992
-38.8284100479128,1.2779490130200295,0.0525460151107944,0.00044166905215021064,0.00019976301307447455,-1.4869314408775591,-0.6725259635439672,0.16982665227208496
-37.77419299352308,1.695337608261183,0.17246928286146848,0.009980947224504311,0.01124828273815804,-0.9419823543406318,-1.0615910111182278,0.3723309020336403
-44.533461338437505,1.7574676281608121,0.16903509796762117,0.006627680268023427,0.014082344505187581,-0.6860302914469013,-1.457661582101437,0.42182002144040953
-30.866458143142637,1.6024146478858117,0.08294338376304815,0.0017082020207699776,0.0009828932963144867,-1.3183066084523578,-0.7585488789849595,0.15977010702989203
-6.5567570309904255,1.7957890907614742,0.11774724650199703,0.07396783668097545,0.002799788802251889,-5.139949149644247,-0.19455445392280063,0.13376720421560856
-17.80841440976606,1.6147271651075787,0.16450838683471422,0.03462270976752018,0.006752140758394535,-2.2644346094286347,-0.4416113390230868,0.23859110944414139
-35.44280097866091,1.8523614907483539,0.027379238564365544,3.90768768768264e-05,4.829779405437345e-05,-0.8994898677067655,-1.1117412612434239,0.05087159494502543
-24.074374950477512,1.2928616449432648,0.19434195523612818,0.04551035826811586,0.00853448068360744,-2.3092267372192,-0.43304539302373246,0.3960205825060965
-21.91866241634127,1.1816925922462953,0.041584435552472244,0.0005922246881647395,7.280761527625737e-05,-2.8520349991264755,-0.3506268332283023,0.08820980819262962
-35.751108331773985,1.7173560440432643,0.16532766017068162,0.009481426321495111,0.009579327520755536,-0.9948768520411999,-1.0051495297616875,0.33416652942027647
-23.687274992265316,1.2924387344065353,0.17912549921468002,0.03661185056987427,0.006666034058667986,-2.3435653940736954,-0.42670027579719166,0.3615252477759035
-13.302361192458989,1.9648145201795955,0.17352702758349242,0.05536870605051991,0.009834824559136568,-2.3727330445073216,-0.42145491348675584,0.20377035852359227
-27.635731646171294,1.5772244547479697,0.07193289866688708,0.0013765125217108385,0.0005960038681572041,-1.519726876254139,-0.6580129730052713,0.13043981163748208
-26.829161073378657,1.9513280079080844,0.12278099862912055,0.0054056728879401175,0.003907229130249258,-1.1762250947440012,-0.8501774060666887,0.18122404539374573
-8.888923661387452,1.0723124759418443,0.11301594352876262,0.06508198985227319,0.0013737465081617372,-6.882989557218486,-0.1452857064051851,0.19145992387266622
-50.50623991995,1.9800679685469218,0.09754385564104653,0.0008202786376981254,0.004359550790198819,-0.43377031706284086,-2.305367519776898,0.2525840106719151
-24.32505088595402,1.969660302568579,0.1882302518640156,0.02299245924043697,0.013730644769076324,-1.2940386469369893,-0.7727744471674137,0.26320304470688005
-37.19520454098153,1.2240554737833453,0.15817535396299118,0.013923532793023764,0.0048504815473417034,-1.6942687191161474,-0.5902251447584254,0.5166830214005053
-59.979976329670365,1.3995523985724097,0.02367591517370999,1.6594666019729768e-05,5.656146281041175e-05,-0.5416564783235298,-1.8461885715741462,0.15071867887464013
-15.523977406850975,0.8765924984169815,0.1687520905055107,0.10614951236578943,0.0032715196207870464,-5.69618698366199,-0.17555603474187842,0.41367109256775114
-34.81872783849422,1.4181716538727607,0.10885134207629525,0.003833534090930316,0.0019747489317765055,-1.393297061171739,-0.7177220334901282,0.2674814094737001
-51.65084951020747,1.8495391275443809,0.18861313697933357,0.006354060934479528,0.02992684886241998,-0.4607816679438869,-2.1702252271932356,0.5492533432161409
-27.04260632054298,1.4388688180480815,0.18399028952378157,0.027267825612898346,0.008676139559118124,-1.7728091694317463,-0.5640765048166682,0.36088927022593803
-66.1767498432607,1.830533885837575,0.11951947185902304,0.0008998870905941558,0.023725333341056046,-0.19475465608406617,-5.134665430377944,0.618878042944984
-32.33440302701913,1.8898815862675535,0.17259311051865453,0.011206512721429319,0.011548823835976083,-0.9850683507850221,-1.0151579828984238,0.2931954737306587
-51.52105051387507,1.4902637214795513,0.19363884168814394,0.010420828964290346,0.021321232737243193,-0.6991091376047434,-1.4303918318478221,0.767697725182679
-10.678971224070438,0.7960946159504241,0.07909797968654891,0.02318669911574819,0.0003185294728129227,-8.531878296227463,-0.1172074853015859,0.18423994479164843
-22.645683564368156,0.6279448633098619,0.1529534687815724,0.0917044592739871,0.0011057599441404854,-9.106779062336937,-0.10980830798187662,0.8964736397912393
-23.786376684629715,1.9429357786775638,0.129971547439671,0.00802169242367811,0.00441176733045505,-1.3484247109194507,-0.7416061066680761,0.18187807353477575
-6.844675713033382,1.9435178026260682,0.1648621258792887,0.17169478703972244,0.008351941215930277,-4.534034707030679,-0.22055411231179042,0.17946318343945727
-31.810558408359995,0.988687311646326,0.10076891317026443,0.006780247131049024,0.0007696238618338741,-2.9681339715611696,-0.33691201596066206,0.38390202551897623
-11.100153870402863,1.2650158733885981,0.08655602286186048,0.01600751686343542,0.0007360217958216434,-4.663550096321139,-0.21442891774419967,0.134264285362304
-13.508156475029125,1.969493677483345,0.04401509067527377,0.0008754047688384662,0.00016102079846057576,-2.3316505710267594,-0.42888073042593283,0.05175625852809296
-31.366387205926515,1.0537140232741529,0.17695600485461252,0.03275142131830699,0.0047460896871774445,-2.626921563555257,-0.3806737185736932,0.5934504882728273
-21.287138370816173,1.1440563135502675,0.0953857129179149,0.00785574026468287,0.0008378744169940747,-3.0619922900813967,-0.32658475438989987,0.2060509859432397
-42.83488968855927,1.0742372401551947,0.15304380402555467,0.014420577547591379,0.00358471659903881,-2.0056904827998623,-0.49858141551533947,0.8134876153968862
-33.69896750557355,1.78509608015296,0.05880520489266898,0.0004467182169791406,0.00043444295641499603,-1.0140291772158367,-0.9861649176068523,0.1087323646924549
-59.75754920327435,1.1099557070900252,0.03468614467109901,0.00011445814978313682,8.036842243600346e-05,-1.1933851760515384,-0.8379524231301607,0.43522367292971625
-35.16654945274714,0.755805089176182,0.0946336124438162,0.011612519404867846,0.00027900570283281243,-6.451440351192145,-0.15500414567348708,0.8869023465095022
-13.789300089156484,0.5927434410470029,0.07058224716224955,0.016961512805724586,0.00013604167126499573,-11.16596630596963,-0.08955785577333981,0.26585370950156784
-51.955861978008244,1.0651527069451028,0.0599321656547596,0.000770483696036648,0.0002553380646300193,-1.7370965008443984,-0.5756732567902257,0.536867378902271
-46.547621057758164,1.7153147835490186,0.0821334029709155,0.0007308427510522514,0.0016850896422646402,-0.6585677617661453,-1.5184466323073613,0.22423108943946798
-49.27241925882541,1.5795278913164186,0.1817310359141207,0.008298385041919994,0.01775564147484931,-0.6836417976400504,-1.4627543304871449,0.6066685898064202
-66.35427835424355,1.9210755675526503,0.09768572238289973,0.00044331519424950223,0.014520444203275053,-0.1747295494875323,-5.7231304203148206,0.47511088669293994
-25.1279738427325,1.1405231260056037,0.09520922297421773,0.006053032880932677,0.0008325533858117108,-2.6963761115579223,-0.3708681425093238,0.23066820990763318
-46.36563032983565,1.5617020978877791,0.08958455843139009,0.0011302658397959492,0.001833435303978552,-0.7851588064642184,-1.2736276938715996,0.27590703113656717
-7.6989723230152265,0.8255694547373893,0.041113898519566816,0.0055484652781300475,4.9387788980786126e-05,-10.599286817761058,-0.09434597036513019,0.08475038227543413
-18.817729130343977,0.9553737578489878,0.17693757576908598,0.07963599598397542,0.004133396849152469,-4.389359538607948,-0.2278236702198112,0.43649803218540956
-25.733048443114754,1.2947443000966405,0.0788889921910356,0.0027262733310984572,0.0005779754292170477,-2.1718509119969815,-0.4604367613247063,0.16764202877721915
-14.818109711110324,1.6949859785088828,0.19217208650696363,0.07288100561414997,0.011304983985269927,-2.539055549492957,-0.39384723197556565,0.25517060482280723
-11.989455979583724,1.192719101694399,0.07674090432385859,0.010400781136888691,0.00047560597200385965,-4.676374990230195,-0.2138408493949231,0.12714683942319474
-34.1780991187476,1.9901985354205547,0.11360753918345287,0.0026909766868971137,0.0036991254055485905,-0.8529143871929104,-1.1724506175715643,0.19180136740475992
-59.952524839205225,1.9338333612369918,0.15553816678520765,0.0023539462442166833,0.032018028090305885,-0.2711446125811747,-3.688068851822096,0.5719637432102567
-63.35358114146996,1.7135694326457331,0.13831501129903181,0.001812114975864279,0.024047247021310086,-0.27451127849039747,-3.642837574832032,0.6985349729982763
-30.551435306266043,1.692376374637249,0.054828107949914606,0.0004639430781384371,0.0003055721134916426,-1.23218378904515,-0.8115672425579669,0.09926891755830622
-21.431075672691506,0.812256411956933,0.1475534476793253,0.05012472925718624,0.001779851856203898,-5.306816759297014,-0.18843688134663775,0.4987755765046539
-22.928526536224716,1.4488735660928627,0.07603958485646073,0.0025186080647122237,0.0005961664901605798,-2.055400766919151,-0.48652312293281097,0.13440520144893298
-56.27934671112692,1.6351247186763977,0.19976132505081282,0.007962221879822465,0.037431098798069794,-0.4612122669639596,-2.1681990519956025,0.8141021355978241
-64.60551121510983,1.6185286881524772,0.15171817935332113,0.002566140516551507,0.03166652532865925,-0.28466889187662264,-3.5128531024507113,0.895029956295089
-11.068465402358314,0.9921844758718238,0.1260761059494969,0.06668427254057453,0.001696532537579195,-6.269466876842978,-0.15950319535040833,0.2401849579236129
-14.388263429445942,1.2197667205660876,0.11949497601959602,0.027557725858099746,0.0018235262536784162,-3.887457710299076,-0.2572375250155626,0.2044758356510015
-11.29562515236293,1.3606711205955149,0.06271680850496833,0.005413324706999075,0.0003047110052122641,-4.21490673377814,-0.2372531738332498,0.0922621680406961
-16.230321114801527,1.7554255434787407,0.1420601591585765,0.02387416227948859,0.0047804617968639895,-2.234751023459813,-0.44747714152595525,0.18823464278336147
-7.656409667276662,1.653551341556924,0.08743599708490307,0.024548694541483007,0.0010439340183181318,-4.84928463122674,-0.2062159836031375,0.10600586368488611
-45.08750021232069,1.514225788499774,0.027754873006183463,3.734112919325175e-05,4.896796580492679e-05,-0.873248185327494,-1.145149817431307,0.08569620464573952
-73.73284758886413,1.218320748402415,0.029337169996773535,2.9707429877334913e-05,0.00029679418508327647,-0.316376958353503,-3.160786440340742,0.6523228894832652
-8.509716911851356,1.009192955856036,0.17463649853840973,0.27931614721061804,0.004741768118364082,-7.674990830574541,-0.13029331527229215,0.30849690737564456
-8.046554576357678,1.3578534904502249,0.14008712213947178,0.11407148631456389,0.003448963031074691,-5.751012089126833,-0.1738824374740322,0.19504010415975398
-31.929074590608238,0.9057793950653017,0.1761553543441327,0.04400571932702235,0.003370215808696822,-3.613480426069249,-0.27674150184557716,0.8000820178736957
-55.1394257255657,1.462126856770154,0.16396175083444486,0.005832418669845487,0.015144161430197952,-0.6205856521784716,-1.6113811147416186,0.7739726884816762
-31.51797214562884,1.3522843378529372,0.10102181541343909,0.003876922654835517,0.0013804626809626789,-1.67583491005385,-0.5967174892948535,0.2394516018736375
-9.672092559801541,0.7210019006533157,0.0851211831511775,0.03895019308734898,0.0003560288127407622,-10.45953155460016,-0.09560657614347887,0.2124392445446138
-57.36549950295549,1.9368797491531027,0.08940334631526524,0.0004963662556660131,0.004988144296876212,-0.31545079084269545,-3.170066549297909,0.29809008696019457
-60.86101157798434,1.37658867108292,0.11359273275654053,0.0018593254556673897,0.006387749054290187,-0.5395153238024627,-1.853515471909262,0.7827749449600276
-26.662790135438186,1.5186700498581018,0.03922396812622385,0.00025031413255740593,9.046678379648695e-05,-1.6634054101779405,-0.6011763541715465,0.07217227435266478
-30.76634614503636,1.297023129904178,0.09651185657713243,0.0037581387235738973,0.0011130259385621866,-1.8375271338221622,-0.5442096508909463,0.2357273567646178
-46.1525811242521,1.7097998714693077,0.13735661871071414,0.0034913794891463647,0.007706614783218918,-0.6730800254855435,-1.4857074376536794,0.3720261305979582
-32.56653239819103,1.844570074322182,0.10967462361889664,0.002937457814970901,0.0028789627593546,-1.010107964934991,-0.9899931836141481,0.19150333636826622
-29.50037694485337,1.5350379683459159,0.08534930632249378,0.0021403562341179077,0.0009831863635280436,-1.4754520759666476,-0.6777583740528113,0.16624461492139914
-59.5373017492657,1.4777825707430576,0.1403974666339343,0.00306645561190543,0.013078811757144973,-0.4842104932415914,-2.0652175323698763,0.7819647291679953
-55.15617047665039,1.933291802633931,0.14174626306112556,0.002171289175521824,0.016989415468764733,-0.3574947062301908,-2.7972442180894848,0.4385417627988795
-45.9365741223298,1.8026623183080783,0.0338941325790928,4.83768290273121e-05,0.00012549718836433733,-0.620871466065644,-1.610639326585305,0.08547667319446504
-65.52443478809252,1.9966359713492907,0.07673756426399413,0.00020801799689330395,0.006903860095840427,-0.17358191049064567,-5.760968969481933,0.3406617608196271
-39.36960712525787,0.9756915118348012,0.08377251494382587,0.00330886795002588,0.0004343847187191244,-2.7599578430614926,-0.362324374813909,0.4722956473423255
-28.332724400837364,1.7768885392616256,0.035240612917798855,0.000131330518914074,8.357703435206145e-05,-1.2535433342036688,-0.7977386762103954,0.05805677021724086
-9.203965560305264,0.9568945269920612,0.16220842222553322,0.20663232142179278,0.0035361595090597246,-7.644220465119095,-0.13081778639994002,0.304844693867239
-47.990328375171636,1.1758104265812501,0.06328821470711112,0.0007100357530394953,0.0003659800181164634,-1.3928726848975859,-0.7179407068877421,0.3469679657333323
-12.417101513699237,1.4983807506848832,0.07088379236215636,0.005861778701677909,0.0004907115206471578,-3.456221617118087,-0.28933329826049564,0.09892754748648212
-25.897334186462004,0.9641149060424397,0.16058626351025682,0.037031851457390304,0.002999933311579981,-3.513434913502012,-0.2846217518238444,0.5016854586096592
-22.923382026387763,1.515161458797227,0.1873819369965261,0.03548402470775573,0.009479263749300759,-1.9347690563685962,-0.5168575529510062,0.3176603503414675
-16.77063192756865,0.7039540850905577,0.17511020606963187,0.14864936576807078,0.0025412203722928223,-7.64821989901581,-0.13074937870558379,0.595218775930845
-21.731970878237718,1.5670643056287241,0.10622612933285476,0.0067862254845583,0.0017896653702548795,-1.9472792028289552,-0.5135370410916045,0.17041579981957927
-57.24967754883511,1.1330288933598345,0.078838460184358,0.0012834929970614326,0.000903743143786784,-1.1917200439076476,-0.8391232530762862,0.7818431549173916
-67.02320589925273,1.5693210831389282,0.07264127305670665,0.00027214258555222217,0.004179997148312994,-0.25515862934209815,-3.919130630927135,0.5119880987727331
-5.298818367310474,1.648202576645008,0.14908409076824417,0.24865162044541436,0.0052220617224148745,-6.90040603903276,-0.14491900829362955,0.17553822874354807
-17.97439890440004,1.7779934141292173,0.04556759868523588,0.0006431732220560958,0.00016154774172904592,-1.9953244837494495,-0.5011716180221887,0.06158537123267074
-32.037917338210434,1.5859584516949496,0.14291932164587498,0.008331548764909961,0.0050582440754411255,-1.283402791383769,-0.7791786076153043,0.28640211902170204
-24.868966680359968,1.0089418830399706,0.04221962368407946,0.0006561240321392048,5.9292725007339314e-05,-3.3265363035157764,-0.3006129826219278,0.11898437416720596
-26.62121600586527,1.64570427849536,0.02869253313867204,8.781947521957496e-05,3.959387164156176e-05,-1.4892974070574925,-0.6714575579472531,0.0488507856556686
-15.61741361951131,1.5924482980109884,0.03965872963001436,0.000626399387506562,9.239861526155825e-05,-2.603711917182965,-0.38406706725140716,0.05589840030409509
-35.11036332175504,1.6020552333493783,0.046334785004566656,0.00023955371016186092,0.00018660263013708112,-1.1330330295826414,-0.8825868036418631,0.09933926782851102
-53.460602050749955,1.9988898525581817,0.06145403541663788,0.0001790599033363082,0.001314640923980504,-0.36905882873861806,-2.70959511636081,0.17263958640457877
-66.03959344218208,1.713076807643372,0.05606352420693969,0.00010721845885456741,0.0021028499129171823,-0.22580348571092052,-4.428629597331486,0.3206733054991366
-55.118801565558286,1.6164105759733745,0.026367571410357296,1.956922692170901e-05,7.802880614056873e-05,-0.5007942728288676,-1.9968279476345407,0.10472820377054261
-11.298030887566682,0.7896248111912227,0.05326742016136504,0.0065040851418901304,9.51605619239576e-05,-8.267317371412025,-0.12095822079577477,0.12761449481087528
-6.332697689481137,1.3795277426223513,0.05394036285985537,0.010101395662804461,0.00020288734122444332,-7.056075445477747,-0.14172184066440247,0.07225351171527743
-7.6724743752200055,1.1739425943297568,0.14951621701311138,0.17861472861390898,0.003572691050655694,-7.070675446105603,-0.14142920398797,0.23011716233554577
-69.30715382546646,1.3560840393787539,0.06500159915406177,0.00026366076083925334,0.002618135952831836,-0.3173413414314981,-3.151180982247981,0.7339168778963558
-26.380677282785683,1.6970641017282628,0.1876609563281304,0.023937985561308942,0.011514809451793642,-1.4418345315187513,-0.693560861624429,0.3091022221201696
-34.93963331546981,1.8975717200738695,0.16897538438904242,0.009101461999427098,0.011603425315285234,-0.8856507085817261,-1.129113306532992,0.30320297561918313
-28.20146951711348,1.1261237377978373,0.1259122029625412,0.012053284687087619,0.0019060050027303501,-2.5147260985600166,-0.3976576218668985,0.34170035336064014
-6.005669311318172,1.2556258506996454,0.03292853682295839,0.0028181605665481397,4.177945290575685e-05,-8.212993753292372,-0.12175828084602237,0.04682654939537399
-29.601159675654394,1.3180046886882497,0.1475408306393376,0.013888810829536044,0.0040262574233942295,-1.8572987313196996,-0.5384163479665182,0.34162222537649783
-26.692884873355275,1.603168003667497,0.16482610525234587,0.01718111500944919,0.007245881810197159,-1.5398557872141565,-0.6494114632703096,0.2880252864502625
-6.1561218842539205,1.4742271853104876,0.19219436410826987,0.4490016169990029,0.009874656750284282,-6.743151985044751,-0.14829860015284285,0.24564925064963697
-29.14913343711529,1.0375951014587024,0.12448468510083842,0.012899242541259475,0.0015941943157163905,-2.8445362734260633,-0.35155115065400927,0.39324153916957016
-14.974579935755173,0.6732288104344234,0.09657142219674412,0.03141299629486778,0.00041441806985537566,-8.706334316332928,-0.11485890199782678,0.32209243078028393
-52.649128221590274,1.9595909802761784,0.1462317825736359,0.002577711772084974,0.01630845724506307,-0.397567374502044,-2.5152969386698474,0.409726892486307
-41.95743668293846,0.987639744621718,0.12795590876888643,0.010923602639331528,0.0016254143118102624,-2.5923934002673485,-0.38574392293116927,0.8056021219840972
-9.723874934280232,0.8882794098858315,0.06091105547150116,0.010853902452892819,0.00016978541396093925,-7.995447356391302,-0.12507117556100628,0.124060086722305
-60.70019846037626,1.154624440535056,0.023163311055651815,2.830370720042387e-05,2.9961629711571763e-05,-0.9719388573775093,-1.0288713044133306,0.26422380706575604
-43.13651202103701,1.5349100444181092,0.13144036128815498,0.004164366828585917,0.004974190119809635,-0.9149835768840132,-1.092915791347328,0.3740244544757971
-25.474182052898342,0.8908834917221479,0.18920844669456252,0.07174020719593381,0.004241991270560277,-4.112410204104428,-0.24316640373130605,0.6574560962755067
-15.194414694338818,0.9873950168168177,0.11030185925422496,0.025993172522086435,0.0010829973975263704,-4.899095869289799,-0.20411929602532264,0.23538654184641955
-58.37610741421484,1.488260104168471,0.08365815411839272,0.0006649526263221623,0.002586148390938829,-0.5070708354288319,-1.9721110545714897,0.4370218494282315
-38.49264725847623,1.330793721959362,0.138942603892714,0.007650151128466367,0.003962837012738531,-1.3894147404485089,-0.7197275017229167,0.41734813883784594
-27.50583723967643,1.239061770750857,0.12658957923664577,0.010853581242130305,0.002259548833815111,-2.191672532487943,-0.4562725430814337,0.2973964464242807
-31.409188933619717,1.6939622848490419,0.13659011801580392,0.006828026805465053,0.004807586300088979,-1.1917469914772192,-0.8391042789715449,0.25203746056298376
-50.89598395233143,1.9339764040103025,0.12994248236243383,0.001984596929597643,0.01012561665477192,-0.4427162027972973,-2.258783377887485,0.34995354880707263
-72.94255200228315,1.8258702183619744,0.05140331292193753,5.0113600663600706e-05,0.004681133214051489,-0.10346710644790583,-9.664907373276987,0.3853766190203157
-68.42722109579867,1.557195407427353,0.0498029603502549,8.373013010060835e-05,0.0015587706606314485,-0.23176602462698362,-4.3146962614967075,0.3840811494822555
-10.115403533526248,1.5388303179468572,0.0376312675336381,0.0012476113296632973,7.614069666138339e-05,-4.047913578619552,-0.24704084723593014,0.04961614830667273
-22.886918913507735,1.0614513457137085,0.15238563917568976,0.032047789291301844,0.0030435610130042623,-3.244950170271979,-0.3081711420906608,0.3764747389301359
-10.794567813112451,1.0158622931973815,0.04162469860612851,0.002437516429712182,6.304426486118836e-05,-6.218003803722031,-0.16082331750929627,0.07711784675720083
-31.29555371691945,1.9733073119559617,0.05211025573766158,0.00030822517673395004,0.0003297278770180525,-0.966843589291638,-1.0342934587099597,0.08333218814741498
-10.38210139158761,1.409758748559573,0.04129583208462674,0.001734752601060219,9.098532454306256e-05,-4.366496329232028,-0.22901656719722432,0.058213537111734256
-48.74719226881526,1.103492935885888,0.049255408750894285,0.00039639814299249296,0.0001465897517081942,-1.6444247362081756,-0.6081153962119705,0.32959664611524364
-72.84849101128547,1.4350398874451038,0.043141196983633515,5.408344446651496e-05,0.0015012524693348574,-0.1898039753202616,-5.268593549279839,0.5239874372862956
-53.62232068623024,1.27139259452543,0.13091361452944944,0.004402753660614034,0.005014116093017041,-0.937054824245109,-1.0671734183809358,0.7743198298815075
-27.404689466798175,1.6806122343914496,0.1592911278940245,0.013879322717755098,0.007049248383191062,-1.4031778816999945,-0.7126680181050661,0.2705805944600418
-20.701339504962874,1.4881140356680056,0.07623293087141919,0.002922951791840115,0.00061409469702405,-2.181690561450046,-0.4583601440413973,0.12526793407898976
-35.73400442415315,1.4021535139690808,0.03434880428613878,0.00011788747967312834,6.198852509375488e-05,-1.3790442121649784,-0.7251399129764576,0.08798276525813371
-69.01728690822654,1.7228985564579702,0.0480702733519725,5.78123733253427e-05,0.001909235107473182,-0.1740125989379004,-5.746710330766731,0.3166267011349197
-23.907379838886854,0.602394658327851,0.03648055656088221,0.0013708688795983778,1.2526295017587811e-05,-10.461323707620668,-0.0955901975647249,0.2633893002768811
-53.389856064680075,1.5363301946469279,0.17969814758408204,0.007320737710618462,0.0200705899884476,-0.6039449497868032,-1.655780051398736,0.7262441698354848
-19.10973851093108,0.7972112951479913,0.13683847783297032,0.0480799288881148,0.0014269860992547857,-5.804596519163698,-0.17227726280345768,0.4310994104248392
-23.005520180443227,1.285673286355392,0.0338023735793188,0.00026010268634088366,4.431681715543067e-05,-2.422635840855094,-0.4127735514913541,0.06741884854455364
-27.833597719051888,0.7034394670487427,0.1065630165623481,0.02075253987387564,0.00041390795021289327,-7.08082309676014,-0.14122651933749822,0.6886459434320503
-69.5746191115801,1.4889287921290255,0.03737341391065538,3.759393162716125e-05,0.0006777078273004506,-0.2355253309945785,-4.245827808742231,0.33855766147528715
-19.412456772028854,0.6576173884231543,0.06469114532244107,0.007106616796240714,0.00010495678917476203,-8.228604347420962,-0.1215272916012086,0.28022535980577035
-31.392955228886272,0.7877895855995616,0.1413387535320657,0.03328167710599161,0.001211495751342506,-5.241331803864173,-0.1907912029653894,0.8647792861790069
-43.73662692472392,1.9829930831151235,0.15447441600759185,0.004314092335443448,0.012622774477897133,-0.5846114358747868,-1.7105378694887212,0.3296390386265559
-47.04874536078312,0.9544944509258261,0.03111590850272033,0.00017216391512029576,2.119511643873072e-05,-2.85005447947952,-0.3508704858801931,0.30310998301009906
-41.1271793116126,0.7951547352488219,0.029795605167758407,0.0003351515732795609,8.505370562835612e-06,-6.277316285535726,-0.1593037461413587,0.40228284389111785
-8.441879069749433,1.0468643716146027,0.09899428972609771,0.04946985091817539,0.0009021826318405488,-7.404966015961399,-0.13504450902873838,0.1693923379053385
-58.635148216708245,1.4389564700641841,0.15628382358863288,0.004657441791577517,0.015839263828516574,-0.5422583166467544,-1.844139535164445,0.8824332324933527
-55.843954527797294,1.7697430193800976,0.04469210038816482,7.767775520103525e-05,0.00047524726802403963,-0.40428582899911636,-2.473497531376955,0.15923730165300423
-12.631216611639218,1.3535626657376527,0.16267384513295666,0.07740377745800489,0.005258073412111428,-3.8367875762229158,-0.2606347055013244,0.2463096555530911
-37.777556649883365,0.9348375078186502,0.03414025953829375,0.0002600846723760387,2.5968526821040184e-05,-3.164708567413043,-0.3159848620176231,0.19669676358257196
-11.063007580001624,1.5553808857673839,0.11009830558313627,0.026088272986863115,0.0019250156106522204,-3.6813366733606117,-0.27164046343175724,0.14626167505126086
-57.505632062907836,1.7300967320344938,0.136114728782095,0.0021478239015767283,0.014421826875778554,-0.38591281159291596,-2.59125888014016,0.5329571389361478
-38.283616045686905,1.9807958583234784,0.10335983925674969,0.0016588425672012404,0.0031078401938368773,-0.7305891967876975,-1.3687582630524315,0.19253631892532372
-54.08472561574869,1.8186453187869702,0.06263445396172615,0.0002178403784661369,0.001228082659463531,-0.4211680246487269,-2.3743492892986002,0.20210235470440926
-19.856987488193873,0.7954320044982373,0.10831873078218919,0.022731667516066256,0.0006961597293473278,-5.714275816434543,-0.17500030312221718,0.3531904491890506
-14.043244331625601,1.680133808234356,0.06503745987868162,0.003153085712002297,0.0004331373492280755,-2.698081543439501,-0.3706337202563585,0.08581697869568203
-44.55698668196962,1.4014268665246492,0.11517056866210672,0.003159807345352134,0.002954964818464711,-1.0340800149902207,-0.9670431547886137,0.3928043219334083
-7.1480731935868675,1.302216946711752,0.10325147295917322,0.05989031238651264,0.0013271491576695715,-6.717666220066004,-0.14886122162678314,0.14587980904177944
-38.52402452416956,1.2709078798693525,0.160490807075071,0.012863953730815593,0.005594622367182429,-1.5163583462187005,-0.659474722774911,0.5176906931861042
-59.68097049602656,1.7801167141736436,0.06321622041965522,0.00018665930485292629,0.0018005581569949395,-0.3219743279367661,-3.105837680935836,0.2581400488034785
-43.32683634917941,1.4163091833551729,0.055997333154261114,0.00037157305959730993,0.0003330443684642966,-1.0562605555835887,-0.9467361009684733,0.18008535433646145
-19.699912980269936,0.5732898601370736,0.02909078573435312,0.0008635731445834506,6.968158675584679e-06,-11.13244474587986,-0.08982752870793291,0.16831956292690198
-56.84386336227463,1.8620623430682615,0.08366688455378456,0.0004459363326539572,0.003669071067039947,-0.34862487139931725,-2.8684126751662347,0.2882335207114219
-37.601258974629246,1.5676050940169284,0.10777334826096387,0.0027823189646627527,0.002409999477211549,-1.0744717061852955,-0.9306899327766451,0.253436296989675
-27.79127317902404,1.740000832065581,0.17811463996013088,0.018052869795726,0.010395976550745293,-1.317772618657701,-0.7588562592980661,0.29558679213203337
-54.59782749344372,1.3436444270507009,0.031156574960416683,4.989499767714272e-05,8.222200892444998e-05,-0.7789946258173499,-1.283705903555834,0.1701180945034079
-22.74415297005654,1.4433644283541083,0.14306759085878837,0.01709759927478713,0.003945141466665343,-2.0817869250610905,-0.48035655712971426,0.25274282636753287
-8.634335513728814,1.8693696258232615,0.0289402298397327,0.0006184382195448336,4.312144512680262e-05,-3.7870540812714792,-0.2640574912688483,0.032940135619010734
-8.023908561940473,1.79003567432518,0.07743462872178271,0.014297004852150526,0.0007892708493335056,-4.256077237744388,-0.23495814200260481,0.08978815560747097
-35.39281223936722,1.8775415156007744,0.07755915959849043,0.0008732572957680719,0.0011181550616148137,-0.8837310094267485,-1.1315660414006201,0.14206894005556114
-26.75552163930636,0.8591417566287973,0.056678707629636074,0.0019616473940095988,0.00010458692162494278,-4.330836443591637,-0.23090227789130796,0.22188481856454173
-27.19108322340643,1.564793448841248,0.0312536629062396,0.00011738497796826461,4.80571367617023e-05,-1.562886052188967,-0.6398419120827185,0.05653153552093091
-18.514166886073383,1.6352645646193227,0.08354266927621745,0.004161273453367559,0.0009011312564020331,-2.148914325491824,-0.4653512651190172,0.12152588884889033
-43.73985114892269,1.0886252753255812,0.04419955478534231,0.0003285414646823593,9.09531528900458e-05,-1.9005802643807068,-0.526155100492872,0.2378319773937807
-39.998105936397415,1.4851319191592824,0.04278475372444204,0.0001723969772450441,0.00014674785884765196,-1.0838743448727073,-0.9226161729268002,0.1155339301115975
-55.71297481524381,1.4182379260430527,0.09334111900108312,0.001133602158243429,0.002693023736566444,-0.6487991039026396,-1.5413091571563922,0.4783491065781942
-72.10568046626622,1.60966244240159,0.07515040506499077,0.00021883710298983903,0.009627575945086755,-0.15076551024589488,-6.632816738848457,0.6708230733825105
-30.15198568053357,1.5779876416176828,0.036510819707964715,0.0001550678069927875,8.097712359043421e-05,-1.3838201479912897,-0.7226372599441978,0.0702229325305004
-32.09518153269644,1.870313972529484,0.0712483504782199,0.0008105740725488303,0.0007965154371477689,-1.0087864854237227,-0.9912900444735516,0.12154747588485981
-32.86425273463114,1.696118404395455,0.1930485412904923,0.017791457240910847,0.014003334334700853,-1.1271715839740049,-0.887176375112613,0.3682298680501427
-25.965563535803767,0.9006369149561194,0.08503145149204044,0.006230378068278057,0.0003915395212299931,-3.98904924580514,-0.2506863010156102,0.29638521822479863
-36.57300438507112,1.7433964722311988,0.049439125040833684,0.00023819935984846125,0.000267718133308259,-0.9432599626984248,-1.060153128029792,0.10040753624522296
-43.47634382712536,1.4692687529151136,0.10809243968622785,0.002478004237762804,0.002582016034178374,-0.9796513807694712,-1.0207712862248466,0.3307509543517852
-7.527733455468592,1.9758419956642503,0.17300321818651215,0.16212976821350777,0.009803875212036555,-4.066609712322706,-0.24590508328590863,0.18804193783344408
-23.277933372241215,1.53058187488045,0.15127064837107979,0.017932009570647004,0.00507027724971609,-1.880609506287914,-0.5317424997887381,0.25603541573903266
-44.05830403332668,1.8617742529437873,0.1522465242297274,0.004496250546340296,0.011090807282110376,-0.6367129343879534,-1.5705664923569675,0.35071613586009814
-9.311805251014505,1.1844664694078053,0.1100318874098623,0.04909850734756499,0.0014176521246298446,-5.885038496371674,-0.16992242287226056,0.1736022175744131
-26.098274637160664,1.2969822242183437,0.15955745848139502,0.02199374561805889,0.004807058804592005,-2.138995551630873,-0.4675091536480999,0.3417364452933028
-9.995873236630203,1.0802342684115938,0.09267184011520457,0.028692719791303747,0.0007554669494137564,-6.162800709318766,-0.162263887340686,0.15984591278576038
-9.73200949829915,0.9200611881301068,0.12550828794213295,0.09080099977567059,0.0015507977346665325,-7.651872698843451,-0.13068696244138325,0.24755827705260589
-39.04594499389402,1.1037606888416276,0.12095827766486408,0.007309929369255969,0.0017900149497609822,-2.020822930793122,-0.4948479081279651,0.5101084885730475
-33.75208014530369,1.427013665573643,0.05164684874935126,0.00042581214372441943,0.00020885655174655076,-1.4278578375155138,-0.7003498343644697,0.12214330451703094
-24.690466610613832,1.8040512657608998,0.08276758200136707,0.0021296711809741567,0.0010480038890825771,-1.42552497290105,-0.7014959534275469,0.12498165214964296
-26.923931743994245,1.089322993468103,0.11212936415813395,0.009631556592726288,0.001266032117937281,-2.758200791001435,-0.36255518570746426,0.30518928592011185
-19.89883014335458,1.8953630274514486,0.17476394997703,0.027861894949366247,0.009983761787461323,-1.6705451586882103,-0.5986069845518253,0.23279545189898992
-34.6769522150809,1.5960628151023466,0.04689019163099742,0.00025500568755089213,0.00019039616995258446,-1.157299670706163,-0.8640804325035524,0.09981407376894774
-16.48443476645656,1.0239041283061625,0.08133088038162861,0.008656301837575394,0.00045161676102839455,-4.378054563909839,-0.22841195453419522,0.17326158572855796
-49.51233471746673,1.9520696377730915,0.14456518539172106,0.002846247255726897,0.013151919220056037,-0.46520218519642403,-2.149602972259828,0.3692501141454688
-16.342093620464254,1.143136854883596,0.027961654390478624,0.00030748812547225907,2.132103808749557e-05,-3.7976068446964346,-0.26332373015299215,0.05313951119474347
-9.189076500465049,0.8173148404757491,0.12937469646475835,0.1274649028656549,0.0014803102298418063,-9.279379564109146,-0.10776582562349402,0.280729456137752
-59.37718446221626,1.8284581553011936,0.19217150678552983,0.005043500312179517,0.05197203592707409,-0.3115165762316031,-3.210102050096141,0.7461025519397226
-61.79944677837298,1.4869534467414822,0.09470571151792465,0.0008533228389405455,0.004875112370487064,-0.418373693833617,-2.3902076414911733,0.5769139551726147
-52.49843290569292,1.0835707982407454,0.039124803694418744,0.00019959772781009898,7.704015385078993e-05,-1.609604678901852,-0.6212705598509114,0.34140119967153365
-53.64877375330519,1.8525971269459438,0.026380448299958545,1.601972958682151e-05,9.232027754421077e-05,-0.41656141483706205,-2.400606403718765,0.08186858887772265
-40.649936791732124,1.463571127573445,0.0640107772642161,0.0005773776848745704,0.0004877203969348139,-1.0880391890854872,-0.9190845422034059,0.17990635113212974
-13.765483847305745,1.2323778354219492,0.1060631582782066,0.02058247675551606,0.0012949030537060214,-3.9868526904729897,-0.2508244165603627,0.17747583911319456
-40.942204403062334,1.8528749942783065,0.059163568713458,0.0003041885262549244,0.0005754212072963035,-0.7270737786818402,-1.3753762401017482,0.12599268440944322
-54.48957847336405,1.3202253024076565,0.13030502143905698,0.003831364684207551,0.005715109373838785,-0.8187748097758125,-1.2213370368267784,0.7356963124272585
-18.367020547009965,0.9275794594421263,0.052617057470909834,0.0022734118784754074,0.00010437381838487541,-4.6670588420066235,-0.2142677077476155,0.1325022256679746
-68.17988650336412,1.8168903377250563,0.07871800524843803,0.000236757888901256,0.008439971059897534,-0.16748724954243113,-5.970603748834389,0.4548770178780044
-29.608431067588107,1.3052426018032213,0.11298305148001614,0.006332579308295002,0.0017801682299579545,-1.886078635912779,-0.5302005870587915,0.2647539973553774
-20.33560991819251,1.0097215040649394,0.15249819783307078,0.04158135281877236,0.0028485960885883204,-3.820620226523963,-0.26173760821807973,0.3695884618170003
-35.77813603210127,1.2151013830682866,0.030304670526496946,0.00010477584796771902,3.285928219611028e-05,-1.7856714544721264,-0.5600134321997191,0.0952460226313064
-21.961267901074955,0.8964743784964758,0.09656517444232547,0.011427940645587787,0.0005897804237211304,-4.4018862073773155,-0.2271753409536248,0.2885984649189801
-55.32922621426305,1.3631047000051075,0.046397597774744,0.00015536633322398184,0.000293361213372039,-0.727741449490178,-1.3741143928253003,0.2536692662912493
-42.83814940484883,1.2334401879169272,0.10325476128314928,0.0031546024074386595,0.0015454372760259824,-1.428718352901987,-0.6999280144815233,0.411292527844492
-53.27618872572955,1.0764857589585628,0.04835241158312947,0.00038266747491725255,0.00014538143309713035,-1.6223938916188159,-0.616373129340499,0.4523815950305085
-37.955039370020586,1.562630218975078,0.11337597649349176,0.003205761630367048,0.002817006100776055,-1.066772273736604,-0.9374071904749459,0.27029896079303883
-29.15428986020448,0.9141948014789951,0.05607336047553682,0.0015192519603659034,0.00011303763682169016,-3.666092072847206,-0.2727700178090093,0.21908674772264317
-29.977837732744533,1.4838531794956291,0.0392935717481956,0.0002138730784449438,9.18670876866033e-05,-1.5258016699434953,-0.6553931744202592,0.08028707329072494
-54.03391584791814,1.655138808438633,0.10284857253447595,0.0011532314557313557,0.004542085051724149,-0.5038840469779178,-1.9845835683776352,0.37840178685833514
-36.113913376902254,1.8456647659349799,0.17886999779194482,0.010593719476977277,0.013636699202173844,-0.8813930137609836,-1.13456764960379,0.3388957898721544
-35.26756490818686,1.7350588870559842,0.07510219303976971,0.0008961198562943541,0.0009010068560572629,-0.9972843467000804,-1.0027230481546265,0.1483885645658124
-27.94662401103897,0.7541609008175727,0.050905243900623065,0.0018583085701094166,5.463395545158628e-05,-5.832135328711999,-0.17146378532695083,0.27793774895267964
-31.444188284294782,1.6752960374003458,0.16413114067497261,0.012015554549027526,0.00821418760837331,-1.2094546841282983,-0.826818907002489,0.3064521554716809
-46.921859024345494,1.8881733015557862,0.16633041403286963,0.005088255711564181,0.016721570749943845,-0.551627525818625,-1.8128174414719105,0.40893541337434974
-13.047044096705733,0.9473236840556684,0.050724802091559475,0.003457506932405095,0.00010186307946492097,-5.826035533374796,-0.17164330603056566,0.10634000268748718
-15.862704013683981,1.304353302533145,0.04319070112585148,0.0010061384798860428,9.33301204233702e-05,-3.2833559428441617,-0.30456643063004735,0.07195166871187887
-41.956352565371304,1.3225472635700015,0.03128451013282421,7.789443011375696e-05,4.869015463819131e-05,-1.264831361019422,-0.7906192325860938,0.10686437951048153
-11.345229718277608,1.9358287238140095,0.0741371866647815,0.005936267906850212,0.000751875245584893,-2.809854637309599,-0.35589029650213067,0.08556297472595376
-45.880607949927075,1.1387038346473684,0.12746360591248704,0.006647511667885529,0.002583024403899064,-1.6042250718386561,-0.6233539280456866,0.6828272206912339
-8.429879242953874,1.0257809673459768,0.07174559520331522,0.01933427153863486,0.00033544202372341487,-7.5919820413063706,-0.13171790904657193,0.12480775067064126
-15.02931699380207,1.068401617213208,0.05464448646860491,0.0028965286934309535,0.00014654887212419484,-4.445777026916017,-0.2249325582335127,0.10728732760686666
-10.820781950327714,1.9174952418415072,0.10259650244926448,0.017398762247461372,0.001971322335660449,-2.9708474751202396,-0.33660428829639827,0.11828164321515576
-28.606442592070998,1.6844772732227737,0.06530611002841137,0.000884698420649954,0.0004962694223538138,-1.3351770768792135,-0.7489643263928389,0.11365950700018984
-38.82664501029049,1.3241142370102081,0.04523720018081903,0.00026317054630421906,0.00013649667350696353,-1.3885374810535698,-0.7201822159249441,0.13843734554351103
-9.160275061053056,0.692805136941428,0.14710598053542556,0.23239446201354308,0.0017653724193873999,-11.473468262272156,-0.0871576037115358,0.37597315258284686
-6.941778576456329,0.8241358075057901,0.14646236591901204,0.3035899230753351,0.002258860322735232,-11.593084130862293,-0.08625832338591163,0.29624546612851904
-24.46659839164049,1.7831505344555056,0.17679685185838703,0.021420038061489868,0.010032486237281483,-1.461187111329736,-0.6843750483741687,0.26838631255678935
-10.480222808025005,1.8473537446545767,0.14236141639163322,0.05148614008669366,0.005053925654873606,-3.191763783251219,-0.3133063935518976,0.16722336419144637
-28.10321761627185,1.9997912723118314,0.04675372397067794,0.00026575462571459514,0.0002276277968836058,-1.0805074577392777,-0.9254910670327795,0.06933855213944265
-31.402746807815873,1.6540106763823832,0.19602691433553623,0.020902076344811952,0.01372498087043125,-1.2340672894435878,-0.8103285846356699,0.37036013367714116
-17.418293588663268,0.8821571490340949,0.12308991835412227,0.03407282599530569,0.0012512752284610518,-5.218283312452242,-0.19163390335931516,0.3189830422058891
-40.74321141163307,0.981958179327657,0.04974156933286271,0.0006647513563356892,9.318412427493235e-05,-2.6709062968881394,-0.3744047483676591,0.2972697070942187
-11.96019699975406,1.2730465232440809,0.051082516744215406,0.0028489807590158745,0.00015173759642519568,-4.33309447271377,-0.23078195185846268,0.08017601636102174
-14.15068392554717,1.3131243796861258,0.1305796114748255,0.03380231392110121,0.0026098105015439294,-3.598891288861977,-0.2778633528317036,0.20875133552140923
-19.061917321237566,0.5205179664105167,0.09491548394036205,0.03907268676013487,0.00019639375045406223,-14.104990759235008,-0.07089689153785986,0.652600922585127
-41.3075827816684,1.9391001279072118,0.14165471009272626,0.003831281810462467,0.00857702773055731,-0.668349521982206,-1.496223109480467,0.290392684360391
-61.121701868792584,1.3634093710273452,0.08703699048194649,0.0008514280783537831,0.002855031451272165,-0.5460954218718758,-1.8311818044038075,0.6213594708082147
-42.051837206665056,1.3837373666137,0.1123121308621871,0.0032843324271298407,0.0024704748385677502,-1.1530106974005858,-0.8672946419790016,0.35843918778893125
-30.586538864493036,1.6474807682018717,0.04793620597288879,0.00032164453783000536,0.00019659750931466348,-1.2790840535024992,-0.7818094497087295,0.08918797327118447
-69.95170855782443,1.6058967801377642,0.03361605746572831,2.214094385304753e-05,0.000628445446224547,-0.18770000037271828,-5.327650495547615,0.26526415762705413
-62.59396544976592,1.753352261860816,0.15490753064467905,0.00250809758983548,0.032993133231217275,-0.2757150259801273,-3.6269332672209056,0.7296545918906991
-20.990996598311845,1.8164521952096089,0.1116305181554628,0.006940611959179283,0.0024925354828071195,-1.6686997749449481,-0.5992689727743212,0.15646187533419378
-16.228723613346183,0.6447854289584671,0.18957142015648704,0.229253604830619,0.002811650716687545,-9.02978484510511,-0.11074460988315604,0.7147061068759027
-15.44242287840467,0.6584318322663139,0.1499132454203788,0.1167997172858453,0.0014753380347743892,-8.897646068946045,-0.11238927602325423,0.5271555339016184
-30.57469505222584,0.9241260589779627,0.13718357466563114,0.020677651106186017,0.0016806662019697009,-3.507598440640817,-0.28509534854773916,0.5607219333595661
-49.804022622241284,1.2446087066896996,0.041677978203396554,0.00016657519234504123,0.00012946722090434473,-1.1342929919295155,-0.8816064342414094,0.2179075632797162
-68.43568383577764,1.62312679661684,0.03390003603536021,2.3885326968333362e-05,0.0005438468833660766,-0.20956911208386314,-4.771695552156706,0.24106462779266188
-14.114588345300902,0.742282897655469,0.04859146833128599,0.0037538969114955544,6.26926232370686e-05,-7.738075268823085,-0.12923110273029098,0.13783495071710525
-10.678268044279363,1.3990669515832213,0.03334674943388805,0.0008744083172861672,4.743047602689251e-05,-4.293667386004903,-0.23290113325020798,0.04751516383975703
-18.37901472414473,1.89341065380701,0.1795741209545679,0.03502712865960523,0.010692548893038485,-1.8099294489318356,-0.5525077237624755,0.233423497667519
-37.810390943301606,1.7487611343152407,0.0437976806583564,0.0001555050510064288,0.00019349400270373952,-0.8964756456136352,-1.1154792714034107,0.09149343637409535
-38.18010566559088,1.4718338024947397,0.02631549687387269,4.391622794367731e-05,3.202970042687783e-05,-1.170943868810103,-0.8540119015407511,0.06807285951572765
-6.154446754930262,1.5732394951863478,0.14978978637796803,0.19830399355204315,0.005013263186564612,-6.289345858686184,-0.1589990473522624,0.18360376956946736
-37.85443072991167,1.1512231765405592,0.11718654393688183,0.00627684811647852,0.0017574742170866865,-1.8898456213645298,-0.5291437505239013,0.43501412604376766
-55.82459203939668,1.0366288428692365,0.06292337579592187,0.0009768537408268007,0.00029419886732825296,-1.8221925797983425,-0.5487894150631804,0.8125750025288014
-35.28204428390503,1.874520083571114,0.17287119346178767,0.009746706360039648,0.012316898123701904,-0.8895661864810626,-1.1241434478931698,0.31632843538074734
-60.197472329328946,1.8200839985120862,0.07782405646973542,0.0003266883687157737,0.003656222119523092,-0.29891695550821984,-3.3454107623296108,0.31404902796795875
-65.91060888554892,1.7284142727965126,0.06928745327761725,0.00019976237367589017,0.003989277637417097,-0.22377404568558282,-4.468793496297893,0.388052454257938
-14.077334571015697,0.5725511392987274,0.0705935044712686,0.01751438530948547,0.00012695197209783646,-11.74566808181089,-0.08513777105182975,0.2842649767657745
-54.74968943019708,1.4808317867820389,0.0246171650544209,1.9437856476343044e-05,5.153988055838864e-05,-0.6141189259069593,-1.6283490995219758,0.11176559565094289
-29.06943424103047,1.463387205762649,0.1619133720443071,0.016077250788778398,0.006214291285110493,-1.6084593516268881,-0.6217129447433922,0.3281722743067797
-23.25897774485695,1.0541364271317215,0.0660668292255728,0.0025771594302357067,0.0002451527943380817,-3.242292704537994,-0.308423727012794,0.1665731851798652
-18.376944874096907,1.233724082356984,0.11777390939730012,0.01698237764570598,0.001755510228369832,-3.1102662302972814,-0.32151588512229046,0.21847196752553563
-28.10902552497882,0.8598921991197596,0.17074345339589578,0.05087987244235102,0.002819742173568882,-4.247841533784685,-0.23541367822848924,0.7120466671724006
-77.36819255578939,1.4047685448673848,0.03590134758013469,2.4774425235519916e-05,0.0018980400063177616,-0.11424813327861946,-8.752878242319092,0.6515074634988149
-5.685061692045252,1.9337288090260887,0.15493623758946612,0.20557043018294105,0.0069253344825425354,-5.448286604592472,-0.1835439418985557,0.16692108561597926
-21.32870573723305,1.30772691427856,0.02383441871585301,0.00010099390758537746,1.5813517050697463e-05,-2.5271635697174184,-0.3957005442713855,0.04482713643178382
-9.682605592028978,1.5967458643148023,0.060133400207524335,0.005304175943882425,0.0003242933708828177,-4.044267982778305,-0.2472635355170076,0.07679439549479558
-12.327259631147939,1.71050165359333,0.029585120325164936,0.00037075736977233204,4.1575217701395025e-05,-2.9862600906995977,-0.3348670141339657,0.037530347482829046
-20.61145326566946,1.4796870013309114,0.02095347470628301,6.161766025179953e-05,1.2651242022811642e-05,-2.206917099272153,-0.45312078117016835,0.034539648003995255
-46.16406919916341,1.2231660803816367,0.10869358970274175,0.0034061442261511914,0.0019397144853314286,-1.3251425892411053,-0.7546357713645662,0.5039779556368308
-20.78313469995082,1.3586464133718383,0.09631984288861643,0.00661040294422136,0.0010976485446982404,-2.454043821673879,-0.40749068585006354,0.17235240961997897
-58.38505240995768,1.8593236048210777,0.07215393594246497,0.00026944915813049367,0.002627934724613997,-0.32020722634631427,-3.122977614872652,0.26356749823963055
-23.650716815652338,1.9291762243631752,0.17726517208450251,0.020749434682819697,0.011073895545763322,-1.3688407422139646,-0.7305451753157192,0.24880992778165165
-33.5214049089032,0.8191873880622663,0.09781299667860194,0.009583141770179309,0.00043112589404075156,-4.714676540864247,-0.21210362817736172,0.6195544306894835
-56.722805653410276,1.671956775919777,0.1668598845495652,0.0043628787643553765,0.023509579484734283,-0.4307885404841844,-2.3213245154479987,0.667916200235414
-7.492702726847554,1.3971200886677304,0.15627085373643873,0.17566064293327116,0.0049600620121794305,-5.951051119735743,-0.16803754158381437,0.21135005168520082
-46.46558373171222,1.7209564329782907,0.0814469352698229,0.0007109265395844116,0.0016467242304721316,-0.6570553042933378,-1.5219419027071073,0.22087926403684782
-38.57504373194754,1.0302123077086227,0.026999838139257586,9.731993878254273e-05,1.675155427257624e-05,-2.4103125340232183,-0.41488395628546615,0.12866706506980194
-49.28732473517084,1.1912853144396536,0.03470730417922621,0.00010954095042886488,6.527879755895392e-05,-1.295394889392128,-0.7719653737936669,0.19595113022634178
-38.54963265519394,1.0809599079809682,0.029705321999762245,0.00011530772761412398,2.508495073818277e-05,-2.1439891366781825,-0.4664202737283283,0.12782047918685435
-47.57484329243316,1.2820703096618442,0.024394787542644826,3.304658195596441e-05,2.57175001444761e-05,-1.133571446180349,-0.8821675981426423,0.10909970289590892
-17.996381029836,1.220213703243088,0.04751702878534057,0.0011730767684613177,0.00011364305242614675,-3.212859780329468,-0.3112491886892908,0.0882770809726987
-11.821173515128706,0.911876003993664,0.17428552718250348,0.17463800289010037,0.003991569380107759,-6.614507860802967,-0.15118282736133978,0.36667668383421753
-10.091730513847878,1.1368340562407604,0.16366867593605572,0.14619616171657737,0.004417845937703305,-5.752580462448419,-0.17383503047506768,0.2711440773609647
-37.677784562796006,1.8625057247814503,0.1722032926090755,0.008645732889420112,0.012888218762566102,-0.8190387650249205,-1.2209434311324368,0.3358109741430875
-46.83885819016285,1.2543412047188676,0.13228406505658497,0.005669672776420846,0.0037961011072186724,-1.2221094763029219,-0.8182572996857542,0.599470143525191
-27.106995590612158,1.8745796156335635,0.13233135822332062,0.007002057171874166,0.004661739150044758,-1.2255720326735082,-0.8159455122507675,0.20296956113684425
-17.125730652807007,1.325190571726947,0.042307714379543,0.0008097307513376214,8.94310692454982e-05,-3.0090271395581887,-0.3323333268927673,0.07141035000245909
-37.776331845021716,1.6532259398962381,0.14581376365562962,0.0062750579049102246,0.006533473132903445,-0.9800242319028803,-1.0203829328366028,0.32381049038002263
-27.501423363330403,0.9403869644895694,0.07040475395668515,0.003033116658227538,0.00023934454432965622,-3.5598589526002655,-0.2809100060746956,0.24381794761571735
-23.770298695906398,1.6856202350666118,0.1134655993615162,0.006415887900578097,0.002444348773177732,-1.6201185584144675,-0.6172387784870831,0.17814332643106254
-29.270466746203496,0.8964824194774783,0.19185006868415433,0.06322422534323727,0.004335475058980643,-3.8187692105562014,-0.26186447644851274,0.7815304755884338
-35.87985840461846,1.920593962837143,0.038736334992657995,0.00010273720181889495,0.00014582191225318762,-0.8393681232118382,-1.191372381611902,0.07022664464163311
-15.802811838973852,1.643345395429281,0.025071369460734835,0.0001491336275433531,2.4253531106829417e-05,-2.4797066251636948,-0.40327351221799723,0.03462085829434062
-34.24816186663159,0.6621922456273814,0.050644367159242226,0.003410132536753085,2.286345061267143e-05,-12.212785833583949,-0.08188139984000205,0.8203406489889412
-18.77321955681297,1.6156642748991565,0.08539506082244337,0.004399879676990498,0.0009493027549425729,-2.152871107696913,-0.4644959916201275,0.1260235664128393
-26.22072751695915,0.9983667731031318,0.022869639014004524,9.876733569455799e-05,9.220425102677731e-06,-3.2728884017447197,-0.30554051261476484,0.06867210463507581
-23.12753424022722,1.253416867713398,0.19784407364783155,0.05363724519533346,0.008569315038285669,-2.501843719737256,-0.3997052222370709,0.40662857063159324
-50.596815360360786,1.4926390118929533,0.11600811258175878,0.0023055110210165037,0.004394460182270394,-0.7243205958931639,-1.3806041215311493,0.4432988104734445
-15.934811997875599,0.5360757135099068,0.09089843872003717,0.03663572230150939,0.00022092526991631192,-12.877444359568338,-0.07765515983433229,0.4583322810199428
-48.94793134007283,1.2523113681498428,0.11339298110878966,0.0033797133446395447,0.0025643140042962923,-1.1480328922159524,-0.871055182112233,0.5635721553871397
-37.21181352908065,1.5985931498824777,0.11359476377453899,0.0032116345440864314,0.0028839294394484775,-1.0552873813279955,-0.9476091704437699,0.2582348990917364
-31.634516399160333,1.1656858602189994,0.13033080280369475,0.010685790884191951,0.0022998946029709204,-2.1555066569553767,-0.4639280499427852,0.37788608594853573
-26.13681559040475,1.2987951937773998,0.17941279157629517,0.03112869716845725,0.006850624789656089,-2.1316474617692203,-0.4691207237288768,0.38405849807692294
-37.466797588340576,1.6033480579388484,0.07430846457387558,0.0008844906649157737,0.0008165433977600757,-1.0407753338900165,-0.9608221557887867,0.16951630974566825
-42.7580887217288,1.9466805661896611,0.10765435211227321,0.0015677077173916795,0.003996196947763245,-0.6263384976304003,-1.5965807686790088,0.22822374903358786
-19.254764471621876,1.7724133220064373,0.020655919315418367,5.3034031550060315e-05,1.5110951449186342e-05,-1.873403883695311,-0.5337877265565866,0.028607126976059754
-28.89704621260686,1.4322776303449252,0.17476657063727646,0.021087277164734082,0.007549306319383494,-1.6713089134051065,-0.5983334331428958,0.3609733787266934
-59.14444702099828,1.375461012252214,0.07506270000436094,0.0005693147308343049,0.0016207858936903318,-0.592670603161325,-1.6872778819566319,0.47777840247037295
-8.069499644001056,1.404780039609006,0.0688334416991064,0.0129603233990676,0.0004248637834602844,-5.523101992369892,-0.18105767399941006,0.09360383462767577
-26.95496043534944,1.3177679639896607,0.19955669045798624,0.03987928930956696,0.009700382044663999,-2.0275860077815895,-0.4931973273450009,0.4296093152716273
-7.1554012798348765,1.5474445918823077,0.04214778430537825,0.003365081343627069,0.00010906370931318495,-5.554662178642979,-0.18002895006736538,0.05295250705198473
-11.081770789243265,1.5745052001944044,0.06779449458084279,0.005987661195444607,0.0004557296095868895,-3.62472435556153,-0.2758830470696808,0.08932105578766389
-23.34713440810193,1.268720543400541,0.08358078588793606,0.003912402396319886,0.0006581811960771755,-2.438086012203446,-0.41015780206057595,0.17054109961548047
-34.29279736272745,1.8055814081038144,0.19749080861671772,0.016138548003943706,0.01696723364977452,-0.9752741404683081,-1.025352727510871,0.3661775223059283
-67.08720022378068,1.5086552041350179,0.09751190202467444,0.0007241499864433495,0.00923145150592734,-0.2800781745123177,-3.570431725860954,0.747826641607356
-39.24864369321817,1.0439969867855254,0.06142411789270563,0.0010900322013112178,0.0002052471746435234,-2.3045231236062715,-0.4339292540641264,0.2935041691984741
-14.88206536957567,1.0276973924626795,0.02989286986553668,0.0005077070173843249,2.2810530638514994e-05,-4.717793078616784,-0.21196351415505307,0.060741882723054336
-71.85600891338352,1.670770009364409,0.033648177825634,1.823398665569166e-05,0.0009089353303047843,-0.14163621875362406,-7.060340983399861,0.2752528002191926
-17.178703035838467,1.0744084781206682,0.1587695027850774,0.05626393352965146,0.0035754444319623705,-3.9668888253662242,-0.252086721867654,0.32790675744592757
-44.4893448504255,1.086918876349058,0.030709346928100862,0.000108949843677331,3.080313106775023e-05,-1.8806841907049365,-0.5317213836019806,0.17206678928984398
-27.115554050058364,1.0004525556895025,0.039001732205403775,0.00046669364358682404,4.58227867687313e-05,-3.1913555662337614,-0.31334646962580154,0.1206915634686251
-20.35074031041865,1.942299863811706,0.06353193812716597,0.0012467433491664946,0.0004961159474909768,-1.5852469865777539,-0.630816527939794,0.0837662539618839
-35.58672913386644,1.7339669852527835,0.049549461250282686,0.0002535829808396749,0.0002605747862846274,-0.9864926553571145,-1.0136922911382404,0.09874119289155171
-13.340337936392501,1.9198196668160132,0.17158577802696057,0.05466210827277011,0.00926263363670803,-2.4292708876527005,-0.4116461466206664,0.20461884812767156
-39.19264313882669,1.0753278454010353,0.028922261739446894,0.00010589644494648817,2.3043175778075556e-05,-2.143727227440076,-0.4664772584869141,0.129414765036232
-13.558347864184995,1.4726091926724836,0.0970171690220524,0.01304495768574766,0.001230699665094408,-3.2557068714758097,-0.3071529592425195,0.1399483655430395
-55.24817425635005,1.3261816344961033,0.08537949025520582,0.0010415858149358016,0.0016954708756548905,-0.7837947702219955,-1.2758441852281923,0.49370839709537917
-43.99399436040928,1.2979226839280935,0.12606426275420174,0.004951580423782434,0.003246412814343897,-1.2350087843795599,-0.8097108398321046,0.478919479358898
-16.102622329880695,0.5107566575784048,0.13749375657789323,0.13908689879620584,0.0006840575175533603,-14.259253892973863,-0.07012989652233784,0.7697373893082383
-15.22384704335974,1.8263150623475064,0.044052344660521464,0.0007650211972145175,0.00014880259404494292,-2.2674174428037874,-0.4410303904002099,0.05585653631561604
-38.51010263466595,1.5069206433493934,0.17482205343579657,0.012195413735816046,0.009861028866177178,-1.11208287792329,-0.8992135566976858,0.4430214886794982
-41.05804217837779,0.8317421288109569,0.040070630922651056,0.0006428976374071153,2.6249690476721855e-05,-4.948901631428754,-0.20206503876523788,0.430146243016787
-58.064922139507715,1.52461490173667,0.14663497613480547,0.003425731236568782,0.014400400976536885,-0.48774109762561363,-2.0502680722787736,0.7227242637696453
-20.06694136700454,1.8792980971779238,0.09760025897883542,0.004828642236468501,0.0017234262460113269,-1.6738485606033735,-0.5974256115735639,0.13119918480854453
-42.62906309672524,0.9487086365781661,0.05673465476537164,0.0010791349302701728,0.00012446659636135298,-2.944499387943948,-0.33961630425003037,0.4188061197063454
-10.561836584191212,0.9823386640801727,0.1929924727264759,0.26322167307963884,0.006045800110685893,-6.598328458528315,-0.15155353454820875,0.36636898432171133
-33.298149173296714,1.7813610877906594,0.1495366013025966,0.00752454770913309,0.0070572539718952755,-1.032576713471702,-0.9684510477074643,0.2744800622105182
-41.42605001639875,1.8400637238256283,0.1267388521990393,0.0029588545365371367,0.0056907801908899795,-0.721067467503604,-1.3868327792711046,0.27540387505887176
-26.66979845167608,1.8710548502446678,0.1727960925906851,0.016091163844025615,0.010283079890433536,-1.2509274524869904,-0.799406870487879,0.2631621271526625
-42.20502766773243,0.9397313120100421,0.11789656217878748,0.01003839636109382,0.0010802963748308314,-3.0483210874970905,-0.32804943157122535,0.8730977106072745
-12.162023718541462,0.6804688513945234,0.0994647102199227,0.04613273075370212,0.0004948664697786812,-9.655184276120831,-0.1035713013239112,0.29027036060184996
-66.1665529334869,1.1599963579978132,0.0541004347749275,0.0003117741564210486,0.0005886417009695899,-0.7277706610333688,-1.3740592380848247,0.862465979204118
-6.998848719057079,0.9436472977117716,0.04761027652127217,0.008778939985238933,9.070094127976963e-05,-9.838188581361633,-0.10164472775958898,0.08590919968077265
-19.085708611160598,1.8258000002177537,0.09775447694693269,0.005508822213714218,0.0016589043158100063,-1.822295110098965,-0.5487585377681731,0.1320183352913327
-15.444997860134777,0.5549524127053174,0.10207542422495286,0.050078208750419864,0.0003428002693155831,-12.08659071245413,-0.08273631694747395,0.46869763223405286
-43.78191257216967,1.4508207044544084,0.1519962509415309,0.0069779764721630685,0.007081302373030642,-0.992677505689582,-1.0073765087537985,0.4786446889590496
-17.2098837996802,1.859272048622171,0.09957530180663776,0.006890989044432715,0.0017709428860530456,-1.972597607954798,-0.5069457632754643,0.12866202965333298
-56.99194373170961,1.965005550209099,0.1267686561017752,0.001400999107981779,0.014194641032594242,-0.3141642202609342,-3.183048658976613,0.4095677990662093
-22.85388660768686,1.4751958989470648,0.1698533343337243,0.027544989298982952,0.006806026701948037,-2.011752175686537,-0.49707911942917965,0.29469571889997853
-50.97371632818623,1.9717756582862276,0.03224120425751956,2.926380723295705e-05,0.00016040536880015764,-0.4271259557683918,-2.3412297625439744,0.0850961636845162
-18.492144141222653,1.8540897181500489,0.08014860755370043,0.003158040494763258,0.0009277016089873965,-1.8450353538796749,-0.5419950343483856,0.10596475255066229
-22.569566936370443,0.8878069501863527,0.10907318946611967,0.016139766948184694,0.0008306090999709862,-4.408088318663675,-0.22685570880375483,0.33839763385783483
-20.598256787767028,1.7703984158637533,0.15744147748536397,0.02080588942031226,0.006749748553758904,-1.7556961052954074,-0.5695746530301401,0.22351801305048952
-25.814163262439713,1.685974194051286,0.08889541319958782,0.002666906338841827,0.0012041919504522033,-1.4881819129820022,-0.6719608612875904,0.14553465561648815
-11.36461971911757,1.3316895499859949,0.17581411068058087,0.1209323875260731,0.006543614149412889,-4.298950773619317,-0.23261489899734142,0.263287887768433
-19.946526983410486,1.0660876571074818,0.1949975316668012,0.08261191508365942,0.006471319141204741,-3.572933522998463,-0.27988206149460737,0.4386778480713563
-43.68398642899517,1.9965369589395066,0.059072775459900737,0.000239302361956959,0.0007117935668351017,-0.5798243680501399,-1.7246601817768474,0.12500033876792527
-21.548184141064596,1.426979181382305,0.04027729378949252,0.000425138663076558,8.605189148194442e-05,-2.2227217069322287,-0.4498988770754333,0.07002074920354602
-58.05540576131573,1.1590733488519913,0.05765692659784437,0.0004535717787919552,0.00040181289066537986,-1.0624563091020207,-0.9412151741516709,0.5543246954411163
-19.708794476834484,1.0566913348290976,0.09609704570412136,0.010210190743671126,0.0007652143140032198,-3.6527957186024924,-0.2737629139530928,0.2168438940763325
-55.39466430792942,1.858592345946283,0.0626054649945749,0.00019864727379360534,0.0013871651044298054,-0.378422740971527,-2.6425473200492493,0.20538553868610349
-19.55070632108464,1.7317877122861414,0.18218740665296212,0.03642210983463614,0.010096394708684307,-1.8993254586001889,-0.5265027094076885,0.25819807911844445
-5.1743414472633305,1.8319348740437027,0.06928611191508095,0.023382764340415835,0.0005864678518089745,-6.314308857054921,-0.15837046027336926,0.0765283479447791
-14.790715757398317,0.9489175581831056,0.0885189809253736,0.014834862729820247,0.0005322784945294667,-5.279250942017909,-0.18942081196423788,0.1946150384805116
-13.786437240034715,1.5555592027449339,0.10568910716601146,0.015327243318613983,0.0016976461936319923,-3.0047506230407417,-0.33280632087464945,0.14687015746559032
-8.654003929503688,1.1066716135878387,0.14848802339163117,0.14950885451313564,0.0032399881866469566,-6.793002019118238,-0.14721031985351957,0.2439938347381774
-47.12627679391341,1.399998212839538,0.036081480481198205,8.91974599643138e-05,9.949659642336709e-05,-0.9468302646377956,-1.0561555089100834,0.13513235598233214
-58.48733339898858,1.9972295009190393,0.17278992916201022,0.0032410789955339054,0.041354577935990476,-0.2799516372694178,-3.5720455495590735,0.5771812922798104
-70.24812537365727,1.9767871710129774,0.042960805603432406,2.9210140629462048e-05,0.0021275062663048583,-0.1171740388956958,-8.534313653642721,0.24407548469484108
-42.40931498461516,1.2689285247011723,0.06724101475503882,0.0008301225361924622,0.0004490346204838686,-1.3596627168417865,-0.7354765175313417,0.25037653649156644
-9.833685744551019,1.8459826537059514,0.054237554127965215,0.0032172752404490365,0.000279415041950946,-3.3932762491108743,-0.29470043892301007,0.06318885672751105
-30.796429620411615,1.6525287587757207,0.034249083748666004,0.00011542602973313779,7.229197905574048e-05,-1.2635918665092505,-0.7913947742973061,0.06384299989753525
-55.43659412651381,1.6133496065366408,0.11409240417894322,0.0015729888276624954,0.0064244470690633555,-0.49481737536133535,-2.020947625919078,0.46000781191372153
-33.873171357247,1.5018848457022116,0.06156073012356962,0.0006601632824569253,0.0003850020337480797,-1.3094658325900939,-0.7636701738311282,0.13744833446561636
-13.230654976528157,1.1228957744485752,0.15995938417741098,0.0850770162566072,0.003966693109580211,-4.631181740574482,-0.21592760898127772,0.28699308354594366
-34.808242585572344,1.1048619805170525,0.17435155395291374,0.025007718570903233,0.005113372237989623,-2.21148160889524,-0.4521855375046761,0.6172961778824226
-27.910040653521392,1.7133987313862016,0.04606994318875299,0.0003166810594958554,0.0001764580641303003,-1.3396467333707245,-0.7464654487559348,0.07772908846643396
-68.01961492829682,1.52724780905146,0.04638334258427555,7.239970834705252e-05,0.0011417450841976447,-0.25181629692438723,-3.971148858170484,0.36429735971545446
-55.95619531625704,1.589312785135935,0.0716046866447505,0.0003935161827606681,0.0015917649741734653,-0.49721225729227464,-2.0112134914891553,0.3017547647697339
-7.678801347191893,1.766833984042293,0.06305679537510284,0.008521196959174233,0.00042070235407829724,-4.500521396527554,-0.22219647722851962,0.07337484168107127
-33.36414616601472,0.9798283860605236,0.1616356821686936,0.027126979623610745,0.003115945036086426,-2.9505693480148896,-0.33891763997100727,0.6707717576715406
-59.18666604244886,1.612833900257303,0.08218634204253192,0.0005113074320156352,0.003114145626468963,-0.4052020127023252,-2.467904819452694,0.3843920595257471
-17.336522192675424,0.7070925934278571,0.14130111898513667,0.07413472205010123,0.0013269399104266374,-7.474552618251782,-0.13378727143590424,0.4897463728226154
-29.866732197066987,1.1260040602601022,0.1680061968473936,0.026404841371188217,0.004566803979003783,-2.4045598764400693,-0.41587652268426417,0.4821689730099704
-13.612784252461921,1.9215474821980076,0.057659720186723454,0.0019946895480291334,0.000352085031099306,-2.3802023261830287,-0.42013235135503507,0.06898719768385334
-29.567032083740727,1.8528437157640407,0.19612160727605618,0.019822843923059292,0.015584668165263644,-1.1278054812934657,-0.8866777264223905,0.31953610966722057
-65.76738970919239,1.757467582838418,0.1407922578525576,0.0016291134491838502,0.03412995954171793,-0.21847803333706667,-4.577119194666155,0.7621438241601481
-7.614341220695067,1.552944332560325,0.1125253002079174,0.05662654921050554,0.002078321040060944,-5.219798416069024,-0.19157827952158538,0.14198162996686753
-35.08562224247355,1.830396753947281,0.061120540187220254,0.0004503884970783188,0.0005232192181282144,-0.9277945163085684,-1.0778248657673866,0.11393086167106477
-48.823744314017816,1.365461730616548,0.045462335771751725,0.0001781969368353886,0.00020175782367921557,-0.9397988837826161,-1.0640574459666083,0.18962303637429548
-18.34045445719199,1.2453822983771698,0.15920601621946356,0.041565050562144,0.00439156402418953,-3.076483195679865,-0.325046469099602,0.2924267841315846
-63.7515848326748,1.92384819818654,0.14777001991139482,0.001727476232007563,0.0383062347329995,-0.2123593109769462,-4.70900002170642,0.6383107649616897
-19.65904952615397,1.358932807419794,0.184167430190456,0.05082986299826826,0.007648090493142706,-2.578000282531969,-0.38789755252387154,0.32121706635381636
-18.81249835050457,0.9907349912870633,0.09292129565907847,0.01092875758634043,0.0006321534995810094,-4.157900795557997,-0.24050597865834805,0.2196640905995412
-23.309170188058935,0.8808247420531219,0.05265988144950767,0.001765581327705253,9.14593642280997e-05,-4.393693670913322,-0.227598934950813,0.17024827122269387
-50.79994958062625,1.0775005680077654,0.08294249141865995,0.001984822458627337,0.0006837933363532102,-1.7037207020828398,-0.5869506655506832,0.6674225226065192
-15.561614097732715,1.5503845983084887,0.17012126095422253,0.051401105233586854,0.007060881505602122,-2.698092079450044,-0.3706322729370421,0.24451074148036372
-57.70028554201009,1.7296737434897587,0.09594796856027961,0.0007469527350805103,0.0051202094741650125,-0.38194664229544967,-2.618166752272333,0.37861608229101895
-56.80627052478829,1.2923466046646634,0.12131711498620619,0.0030644295682683256,0.0049566818254773775,-0.7862837514652808,-1.2718055004143831,0.8008041011489652
-68.11024781604063,1.6900974807336087,0.08023224960994153,0.0002934116121852538,0.0075964161744005295,-0.19653245261235883,-5.0882181884352855,0.5209423400660326
-48.721033745288906,1.6646066951777048,0.13790365302731053,0.0033551115651627907,0.008339794432672454,-0.6342723946756625,-1.5766096844106758,0.4194605900998814
-14.039985830759278,0.7135818874824051,0.04622556781383088,0.003456941937356004,5.0952627681047854e-05,-8.236880202476597,-0.12140518927291528,0.13726556952231278
-11.874074334380282,1.9872294451926358,0.09510525802717536,0.011161277775582087,0.0016352082562840556,-2.612584962134983,-0.3827626716425744,0.10875808214111625
-13.248899438005878,1.481104803587504,0.07424333315557094,0.006057855781191845,0.0005555176787434723,-3.3022543636390265,-0.3028234320805068,0.10604320761947365
-29.041187502804405,1.9028031370935936,0.08980436626721226,0.0018957837727897088,0.001536157899783587,-1.1109038489700618,-0.9001679136561795,0.1414218014227953
-48.51420792081607,1.1763099096503435,0.13797340392522175,0.007257803071979466,0.003859923218283181,-1.3712393173318786,-0.7292673039347892,0.7743271065239113
-64.15842541715261,1.657411400158803,0.14637665216010573,0.0022282745544639554,0.02868349851560546,-0.2787201005378133,-3.587828786192377,0.8108007816525263
-51.50012041145814,1.44876274423047,0.10213314073587369,0.0016254893157756154,0.002941907225516274,-0.7433230036958449,-1.3453101747530243,0.42469526624711584
-36.81337961972373,1.267553258560491,0.14051380672057967,0.009255711822609055,0.003613460672700987,-1.6004541832934418,-0.6248226349986371,0.429043690475572
-53.00504934013961,1.9878941138269886,0.0994714318927763,0.0007807203401138973,0.0053717445820919245,-0.38123263412078107,-2.6230703001233175,0.27716783394738115
-57.78089484655209,1.9030230429951915,0.1054682546533305,0.0008267740839925842,0.008182285043101527,-0.3178748183556405,-3.145892477966572,0.3652233219180169
-20.699480626654278,1.2019894495659418,0.020946822191071947,8.109869882940324e-05,9.527088820709966e-06,-2.9176072943131315,-0.34274660676546664,0.04224984198537734
-14.12639518296065,1.2929028255349684,0.05882797204216074,0.0031601413163820325,0.00023413639579486346,-3.6738277279975975,-0.27219567003078976,0.09522675838809457
-37.136314899104285,1.9454861639161896,0.19017101112520093,0.011211415201571873,0.018214098831914872,-0.7845603821572857,-1.274599154816262,0.3507258611473824
-59.137828708079894,1.8672308078521842,0.11126831833404523,0.0009506277712137396,0.010295410325925194,-0.3038669163284713,-3.2909143650209987,0.41574691634636385
-24.6607113979694,1.9953793583142845,0.09277618081046095,0.002641500615889509,0.0016790230178819888,-1.2542873237333927,-0.7972654917881932,0.12922739044208253
-67.17473875728872,1.5047001427714581,0.10132801101785655,0.0008148668599493586,0.01039034142619746,-0.2800453839641644,-3.5708497881470653,0.7851118352997085
-43.47158799656324,1.7761008522444572,0.19322045582242484,0.010164458609495153,0.020536721575327176,-0.7035201943337497,-1.4214233053352843,0.4619861840329192
-53.8990238996697,1.24592903631651,0.055822719971983015,0.00035849111520963015,0.0003724312471172513,-0.9811064766718544,-1.0192573627607036,0.3510961702115246
-8.57855693372612,1.5098300406251266,0.06836205291720597,0.01043451953852739,0.00044962958013019855,-4.817356546749692,-0.20758272515135043,0.0891674205331056
-33.86483075086839,1.0610690920137613,0.12728885250045785,0.010946365824183336,0.0018149622914175885,-2.4558462604163362,-0.40719161297599765,0.4656749494556032
-34.97950389566886,1.1356841456435198,0.15433073709437314,0.016294684431953806,0.0037582305708383614,-2.082242308928125,-0.4802515037333813,0.5250922063891734
-39.30919467143553,0.8371866528021069,0.06734191638609456,0.0028906711287003837,0.0001342843818657217,-4.63966463814238,-0.21553281928591678,0.6061740452652306
-23.603711879619283,0.8709849103096512,0.07522319683668992,0.005169801648934716,0.00026032761118970413,-4.456324664568513,-0.22440016723889794,0.25041903036294033
-48.23109887789103,1.3762093706637675,0.17227845496825708,0.00971326171743226,0.01090478346768945,-0.943787067805145,-1.0595610324748175,0.692589833448659
-47.74800727658591,1.3664674198625655,0.16632708452046624,0.009016881493510896,0.00947946240525795,-0.9752957386915236,-1.0253300207602876,0.6648459633194458
-13.749104697277403,0.7400670907086535,0.09016995727077022,0.02509352138639309,0.00040189306474950676,-7.901791194708832,-0.12655358454290924,0.2531469545188384
-36.9458370663634,1.328818830425478,0.057123698960298355,0.0005666092897406869,0.00026574403736560485,-1.4601923906307623,-0.6848412622997083,0.16346741401265202
-28.677063524017868,1.4634465297885937,0.11058119299199169,0.005237841879237564,0.001969471161751636,-1.6308025388017076,-0.6131950228228041,0.22191442060778271
-29.743011938857215,1.1945230246044944,0.034385304424892654,0.0002053520761276111,4.337926573065696e-05,-2.175747287233226,-0.4596122012274886,0.09057065157511059
-47.072366582892734,1.0595455836414358,0.103270297111715,0.004274218715140108,0.0011411176998588843,-1.9353661903104822,-0.5166980827744927,0.7086319985198609
-24.9353698836316,1.4991966569816146,0.13730069773282397,0.012253828044438702,0.0037408024341734304,-1.8098955189902455,-0.552518081572967,0.24583816487554658
-14.930160082010559,1.152232585244729,0.13053588225405283,0.03619252998034396,0.0022057611355016473,-4.050701410697292,-0.24687082522526854,0.23801717632421904
-23.122079255109284,1.6690124764703302,0.02978369982039026,0.00012345397465785772,4.3351031001475095e-05,-1.6875351325169452,-0.5925802555046709,0.04654851329159171
-5.581459451506319,1.1389881478605381,0.037161143463476196,0.005182903949379132,5.4226679393191294e-05,-9.776425041560938,-0.10228687846005685,0.056254675219790516
-23.422919845126273,0.853656759460938,0.0832441242719254,0.007343536715283243,0.000340570110168626,-4.643541918081637,-0.2153528529819162,0.28377499122062533
-16.086560374441213,0.9105330784378769,0.17168343012489903,0.0999748061054829,0.0036135523195425993,-5.259907559613711,-0.19011740960585252,0.4104968930935357
-17.57252311512493,0.5679278376374548,0.17655608957012525,0.2163837939274703,0.0016897287899891057,-11.31628466378129,-0.0883682259426173,0.8938886935705899
-25.230067828996503,1.309878215901365,0.0757303165474267,0.002447163128501442,0.0005184443186190497,-2.172603127818981,-0.46027734527100383,0.15679274346968627
-19.864863750808205,1.7463213258504826,0.14940057534346216,0.019311436448519636,0.005638069688850856,-1.8507257596410227,-0.5403285682877002,0.2115556319284811
-9.898757909944237,1.653667560226355,0.12393030662329578,0.042820323998337066,0.0029502047946871816,-3.809771181137569,-0.26248295565651464,0.15510031193991483
-32.128473206559235,0.7941805327167684,0.03703590421214451,0.0005797643006473758,2.1945062465356073e-05,-5.139931418032504,-0.19455512509207493,0.23288290741003825
-41.37952088204205,1.7952266649461792,0.11861853360324588,0.0025268331035647163,0.00448078012986069,-0.7509507615404538,-1.331645230572324,0.26449336414691327
-16.172225960594524,0.5851715510676025,0.1266567767968257,0.08203195300373228,0.0007032779921129247,-10.800105853234228,-0.09259168508061773,0.5558855050200628
-47.648029784636954,1.098834087803741,0.07538034277120091,0.0014683833560732438,0.0005040633102656216,-1.7067785766965766,-0.5858990812595462,0.4818290837852988
-18.520492164145033,1.7849227135759267,0.02845158454846474,0.00014751306648977944,3.963859989672158e-05,-1.9291060033998482,-0.5183748317809411,0.0387004686494216
-20.048406870714587,1.0897650311062947,0.029378816423808685,0.00027136003607970314,2.284750481646757e-05,-3.4463037720463294,-0.2901659476773938,0.0646823049381566
-7.858542397355706,0.6768132061354399,0.10165124975611488,0.10305383563736074,0.0005835717376703128,-13.288775206174524,-0.07525147987568921,0.2542940725892461
-26.778536758556577,1.4000441626144227,0.14603164144456293,0.014424634614028693,0.004155659577869763,-1.8630839672144184,-0.5367444611179525,0.2928693811811292
-23.231037676438532,0.7280538615418564,0.05257457294992836,0.002572764584889928,6.247927745873906e-05,-6.4169997916014845,-0.15583606552532409,0.23392451542365109
-9.77911303965007,1.4824029902635336,0.17443498538104155,0.13813220305932392,0.0072792640085218175,-4.356159106348678,-0.22956002652487997,0.23481320118536944
-11.982318645835164,1.1572428967988686,0.0878892366745541,0.016225134127228754,0.0006887543088226215,-4.85357766498829,-0.2060335836827312,0.14935680060218878
-36.56351106020151,0.8613882207847459,0.04126873419661463,0.0005987705228747743,3.603690202340373e-05,-4.0762093568199464,-0.24532596647100327,0.2766913490100606
-6.877797318217162,1.0950109211951022,0.1835008675841806,0.4386230617736966,0.006158060062254167,-8.4396370659513,-0.11848850752532707,0.29328307187584646
-60.87369029724299,1.6077188984093416,0.16808159470587167,0.004125564737149601,0.03023258396228873,-0.36940610566590765,-2.7070478388475907,0.8484616223470598
-25.64478361615309,1.1605327889560766,0.1655914054159431,0.03002917537914324,0.00451026132369038,-2.5803038501005764,-0.38755125678745994,0.39886634785086966
-20.315374639601565,0.6378007803301691,0.0850358027728901,0.01646153412690022,0.00021666877659311918,-8.716396703657603,-0.11472630652301274,0.4115189010499623
-46.908837154146426,1.1607589627508905,0.14840175920977514,0.009725496672694655,0.004412777781952746,-1.4845672165675425,-0.6735969842524834,0.7974673020573781
-15.762799932380616,1.7243625676224088,0.19876010528966237,0.07048973720578744,0.012796942592676967,-2.3469824110469473,-0.426079034633207,0.2647402337797849
-41.69326349386139,1.866277023564544,0.07228184926612159,0.0005306673183134251,0.0010894626299847016,-0.6979189684771235,-1.4328310952516805,0.15579191543344262
-73.23972634713,1.680168012816551,0.09436592399380116,0.0003657380818898412,0.025323956855950666,-0.12017643287867748,-8.321099037858252,0.8332567173797231
-26.22353954278335,1.3741728533164395,0.18251498672086114,0.02996212086558499,0.007851660407967625,-1.9534644941486725,-0.5119110191126376,0.36817241398807393
-61.23717103962278,1.312174940832336,0.07202149023732934,0.000537072291463753,0.001460473912398172,-0.6064143524955486,-1.6490374871319367,0.5691009786942293
-14.270393693684056,1.4669240451854884,0.0474826055831368,0.0013991120477768694,0.00014353278064258666,-3.122127962413786,-0.3202943671875889,0.06959043197608927
-64.97968774323927,1.7177702692230277,0.1566761018783224,0.0024407884284170667,0.041259320884829816,-0.24322265795555195,-4.111459057333163,0.8484541410668964
-41.635164752176436,0.9008257447727458,0.040600097772025,0.00047925522986222023,3.790188511140005e-05,-3.555928541514027,-0.28122049932258325,0.3332337084870458
-46.19468091362845,1.8542273122101165,0.1319082825934688,0.002693366088495608,0.007837047692849482,-0.5862346023904818,-1.705801731802101,0.3242583628294098
-23.65158915476428,1.773099085987501,0.12211164300705374,0.007553908206707041,0.0032502183110796616,-1.5245075699116692,-0.6559495142801689,0.18331521557779903
-45.154805960522275,1.1367301512237653,0.14038360139240574,0.00907386127239398,0.00337426211083038,-1.6398595747695397,-0.609808312483425,0.7299619069972594
-54.213802330672166,1.8635003031391184,0.14079014680282328,0.002356662843603706,0.014686438603331688,-0.4005811234754332,-2.49637324725644,0.4419835615846748
-10.411407362913948,1.0218002383910816,0.07395804591244019,0.01448498519456219,0.0003576236054621377,-6.364231065789418,-0.15712817301298915,0.13508001822745952
-5.886768158213741,1.0271639217992994,0.09729532266295912,0.09419878256048173,0.0008652053439933583,-10.43429349499476,-0.09583782557771557,0.16011786754511179
-55.48104086058314,1.9131016005070394,0.1052757690162641,0.0008942102829413234,0.0069834005473209965,-0.3578379140667549,-2.794561338219318,0.3337257135032304
-41.55853155941709,1.5913355785318988,0.12622620668251175,0.0036851555975156696,0.004454345186850578,-0.9095696908852329,-1.0994209789760656,0.32642797351732505
-30.346279652632816,1.9666218014649441,0.02213543511934895,2.509176505371356e-05,2.4661443882550087e-05,-1.0086868431140399,-0.9913879682546254,0.034810161392298256
-32.70151055372598,1.537126389544623,0.060094666628009275,0.0006276457690715613,0.00036306689479043337,-1.3148129635090757,-0.760564451183324,0.12669757931991504
-9.509593307930729,0.5783224326235146,0.08787296555288963,0.059347701936513154,0.0002921861847152978,-14.251878611292604,-0.07016618842147877,0.2780395736955498
-7.905461243871528,0.6389417131129604,0.11122714047236035,0.14369677673535566,0.0007100033271121969,-14.226344505130745,-0.07029212596667746,0.2955091787844409
-28.948716825094607,0.6322521603862379,0.08148715305601888,0.013634536067245809,0.00011969804626356549,-10.67275774278189,-0.09369649570433768,0.8268543283423644
-18.663805456687363,1.9289333898379155,0.136819866466829,0.0147269577696182,0.004845784746070281,-1.7433093581794428,-0.5736216554497884,0.17632769518131006
-20.56811747486161,1.5260773118263815,0.06075155310512828,0.0014478079926047208,0.0003209499799343841,-2.123913417290518,-0.4708289857105864,0.09738164299140564
-43.15223504750752,1.1414090109334036,0.02458692855722342,5.0671523591780904e-05,1.7511755506093378e-05,-1.7010502334015274,-0.5878721159223717,0.11571449031906822
-23.14841876372698,0.8023338915070106,0.0850993038549645,0.008960469486601962,0.0003244097989408637,-5.255552765364146,-0.1902749424552133,0.3168929882270059
-7.8625244605724305,1.560018824713726,0.19074874112957793,0.25814240420267653,0.010161641976127648,-5.040199542192176,-0.19840484322671512,0.2408315203595128
-73.62689351556962,1.644986542318019,0.028060528253642535,9.869488233430491e-06,0.0006762015030417992,-0.12081177104154425,-8.277339131599387,0.26463510352784186
-17.291316155610907,0.9419841332831125,0.1154117108243326,0.025768249806479,0.0011386714560192909,-4.757110549616874,-0.2102116378356054,0.27577259802434795
-10.02649800130466,1.2573721057559635,0.12400639656749235,0.057186904860506385,0.002163318127038915,-5.14147941315929,-0.19449654849158074,0.18933432547536405
-40.63916092930972,1.068394486183247,0.1349722280253189,0.010545837663299347,0.0023471875210518294,-2.1196621609882804,-0.47177329406765256,0.6542466410538195
-10.410633090275866,1.9477015974200131,0.021465108870309713,0.00016858911059307706,1.8368024398297338e-05,-3.0295877492320846,-0.33007791249930685,0.02437921760933063
-7.983049660777411,1.5397070519816454,0.1337343812136221,0.08766682821786545,0.0034498583002716024,-5.041003726010093,-0.19837319199751727,0.17061810215109235
-70.40882117357627,1.7699213092857726,0.07802982914595179,0.00021681521561287402,0.010432485170627885,-0.14416206359724398,-6.936637663524106,0.5298941227569376
-53.8246830833412,1.3108993572001115,0.15911641304260435,0.007245193056558674,0.009866840315674892,-0.8569114211953871,-1.166981761784672,0.8859931297173397
-27.63915191368575,0.8585596132270342,0.05390576950442584,0.0016338470144539607,8.891849730608881e-05,-4.286567205981421,-0.23328690580299613,0.2203703916506683
-63.38311254605523,1.5693197850007903,0.14891701735589227,0.0027412024487076313,0.024798668582952807,-0.33247299315938117,-3.0077630982815475,0.8784249803429033
-55.64220285241394,1.2508519411858496,0.132589160064031,0.004538330212850417,0.005515385451261407,-0.9071103277998985,-1.1024017358785845,0.8978448739619344
-37.82528791866921,1.4522603285244589,0.14045132023984322,0.00693575035681445,0.004716840232444983,-1.2126099942853727,-0.8246674567360216,0.3658233976881545
-31.018245027186296,1.6029977850233572,0.15265611355554468,0.010555587096952366,0.006147507233049959,-1.3103631536866545,-0.7631472215824597,0.29502707962277575
-31.33161266781223,0.8648311938355275,0.10809384702280503,0.011570149267169141,0.0006988522683793589,-4.068897890723001,-0.24576679652737865,0.5256614323507185
-21.622964691633747,1.8139960090239966,0.08126582293775815,0.002541834778232774,0.0009656344627239533,-1.6224349017877433,-0.61635754932177,0.11532695742373553
-48.853893969590644,1.0693266606120169,0.04997987287187167,0.0004580161855322153,0.00013862240705538785,-1.8177062265879411,-0.5501439040989167,0.36855790430764207
-64.50276304607098,1.7062570016044605,0.09369213041832605,0.0005407366921823169,0.008286201566839572,-0.2554554504006066,-3.9145768799678957,0.5018809887241196
-30.042533482432077,1.6715501113286335,0.12994547677868928,0.006472162749082278,0.003960709853733762,-1.278315928040241,-0.7822792300907013,0.23534976100114335
-32.781093764555315,1.0091378734300123,0.11331595616846846,0.008922319958677665,0.0011451273060579682,-2.791335321901881,-0.35825147632877313,0.43357554755088146
-9.82372704514681,1.917619078057103,0.055607003636648555,0.0033314453754985577,0.00031399805523259965,-3.2572633237035014,-0.3070061891290392,0.06327665099998908
-37.694613580613236,1.5521102930725694,0.18798297605923805,0.014946140330999709,0.012612317759726932,-1.0885968562546129,-0.9186137129226737,0.44855182927850973
-47.68363269418604,1.3311066453370226,0.10751526426544773,0.0025863505020347977,0.002409960992869548,-1.0359497344719195,-0.9652978003896635,0.4495637288003818
-47.91396429777937,1.3311338684323855,0.13588226088509406,0.005183704724990228,0.00490791929848071,-1.0277119847758023,-0.9730352616430296,0.5732966802600928
-59.01305612039096,1.4889915166463787,0.0627076668801345,0.0002734455297734967,0.0011414417682669355,-0.4894502264624728,-2.04310866750957,0.3363569195531435
-28.56271642821322,1.9592120803535862,0.028476099875777382,5.9899753553207284e-05,5.047813317788625e-05,-1.089333539229029,-0.9179924825483162,0.043334849133634896
-16.92916495259154,1.1835452900317756,0.10160395601140224,0.013261823609263583,0.001069029596583322,-3.522141172257691,-0.28391820517489375,0.18944945304541827
-22.361225555076686,1.4723240604070709,0.161696899531329,0.02473985079521156,0.005836212316851091,-2.0588893002228876,-0.48569876966757936,0.27801465643640916
-32.91859281568398,1.3670588718798977,0.07852423928414545,0.0016709592143148708,0.0006741543991580903,-1.5743570684040684,-0.6351799220577728,0.1912098637869348
-25.779950098105907,1.9818060826170856,0.14519744332716572,0.009420552880254307,0.006485256193403246,-1.2052430263868463,-0.8297081817580502,0.207529523538018
-39.126279531612695,0.8102785425522729,0.0714333599079302,0.003961640714040286,0.0001399515063023943,-5.320454758168395,-0.18795385835481798,0.7218436929709044
-59.69442120020848,1.6854129006113552,0.10460852891174846,0.0009427172729622077,0.007323797113669991,-0.3587753360127332,-2.787259601268994,0.46468537569246837
-9.829491014769403,1.7065269040418762,0.06438449505435076,0.005875323413202798,0.00042849852568448593,-3.7028935130661687,-0.27005907582039895,0.0788503332300102
-33.17283161620797,0.7785926644843221,0.036173007756634734,0.0005717948150762663,1.8678973999196688e-05,-5.532782496780282,-0.18074088409980596,0.2594352605350443
-44.306567400685374,1.9507349660242506,0.04281921313331745,9.195552549959676e-05,0.00026826791376863165,-0.5854698692368999,-1.7080298279113795,0.09438909046608038
-33.430869521869425,1.528981484861776,0.057892426273250586,0.0005454602929599686,0.0003264884918262178,-1.29255083285319,-0.7736639632134155,0.12514879063060252
-44.73632950977378,1.5397656791885161,0.09941800151857517,0.0016855832005095515,0.0022915891626572207,-0.8576433355941512,-1.1659858574044981,0.29632629531664634
-58.226805746924725,1.4054311441723277,0.06804911226180117,0.00041343978109063356,0.0011985326799329274,-0.5873286561567749,-1.7026242283895496,0.39627514777375367
-28.580582567156718,0.891103996635072,0.11452658444155751,0.013965888862859722,0.0009155133701624727,-3.9057275514435332,-0.25603424376859213,0.45680308562819316
-20.37294445278839,1.6120420594247986,0.1342936932099622,0.014822273937099943,0.0037157326424282107,-1.9972626882737488,-0.5006852658246516,0.20469860260165731
-58.77653443540154,0.9908087734288049,0.022841767375168995,6.22740373686758e-05,1.1606268713959011e-05,-2.3163661020730593,-0.4317106864519551,0.4857367993486667
-28.808015492562518,1.8143406662592554,0.18442562438282514,0.017764779516806023,0.012423708600952493,-1.1957882527113253,-0.8362684595141358,0.3012537163438505
-31.7956013989955,0.9032408283327369,0.17434340042254876,0.04310902926657092,0.003248287671281773,-3.642980779105371,-0.27450048755008144,0.7911914205613179
-34.390331280814785,1.3998017672413678,0.11625924003154725,0.004867895920063743,0.0023348759144290773,-1.4439053961093813,-0.6925661492051424,0.2868231873269363
-8.06736214478488,0.6606058592474242,0.10152669319734532,0.10112251550306181,0.0005609526631198359,-13.426438446318922,-0.07447991542940909,0.26219382482513093
-41.874187797845686,0.9149960963997279,0.10679147223802972,0.0082237096826897,0.0007301168366978074,-3.35612171933662,-0.2979629714376577,0.8445804206678679
-25.07606633634864,1.2607795895726568,0.15845971535162295,0.023971428533806006,0.004481685458251425,-2.312737122684937,-0.4323880955562581,0.3408003414223382
-27.09130015740668,0.9295394335359464,0.11236548842456345,0.012844719698819748,0.0009532641663607924,-3.6707573892755634,-0.2724233431829592,0.38992183713457823
-58.75206206098808,1.5547781223584818,0.030471962091138692,2.8693792323834985e-05,0.00014185650573467264,-0.44974810940185916,-2.2234668230844736,0.14918585030865522
-48.19871763822741,1.3204990121034434,0.04271352973157225,0.00016254818517118802,0.00015131999965302788,-1.0364369716706097,-0.9648440062767369,0.18501636617319792
-59.17265521525931,1.7596418723754208,0.0652593995907295,0.00021438539047855725,0.0018606173754420448,-0.3394447195577768,-2.945987792365085,0.2657151949736505
-52.49426758025302,1.3718593919832163,0.08619214185914721,0.0010707461384860553,0.0016415170734681256,-0.8076450884305324,-1.2381676237804702,0.41252450757104064
-34.7101579296242,0.8918845274161823,0.06303570179594024,0.001969273529197705,0.00014539546392299807,-3.6802523003772007,-0.2717205013084312,0.34384927139903526
-63.508246794870374,1.688098812636946,0.07752774044045627,0.0003271904746811711,0.004163833355264985,-0.2803197234053583,-3.567355118119687,0.40410996455053316
-19.678110059248453,0.7953065128465509,0.0601426171148193,0.003939386574565432,0.00011949650248177825,-5.741649840635341,-0.17416596758003364,0.19467451238438513
-27.031691623756487,1.762382895129605,0.13107560533300763,0.0074252966189571196,0.0041673965084791575,-1.3348254912164654,-0.7491615994602192,0.21165183994875317
-44.752595440672486,1.4193102334692809,0.19133419721904923,0.014030103585490344,0.013989013710134774,-1.0014675711653624,-0.9985345794435914,0.6439956313874071
-8.806038942062855,1.6195083852243366,0.08588949981492955,0.01821876537786569,0.0009627807941648081,-4.350065160413589,-0.22988161398136933,0.10726339348261706
-33.49155282894947,1.383150049430327,0.05092960503653049,0.0004352089357340438,0.0001893392401039738,-1.5161025806307584,-0.6595859757615877,0.12426133548833794
-44.97182374000741,1.5413255895319868,0.05900090857303575,0.0003485546691306827,0.0004841073805590315,-0.8485249180789652,-1.1785157733068934,0.17694368931609575
-5.071998687083507,1.312919348290047,0.11194143751896511,0.14599147820192412,0.0017379898089847092,-9.165161881727935,-0.1091088202155647,0.15202416383375147
-8.530340703048921,1.6658379789613804,0.027000334279755813,0.0005830018058425472,3.088382190529698e-05,-4.34479640360933,-0.23016038200760694,0.032977178593284535
-48.60604058340998,1.9226104424565715,0.1316376377706584,0.0022859985290829923,0.009250472423052577,-0.49711402605011556,-2.0116109133866744,0.3330305657249343
-26.18918105220081,0.9100477253529173,0.12649499382435753,0.019894494641399096,0.0013129611104497816,-3.8926066886309636,-0.2568972619095256,0.43760287206013704
-11.40505667211788,0.5441144039347592,0.16959620413964185,0.35305302552076195,0.0017937992436369357,-14.02920465003007,-0.07127987829287646,0.6353942901705649
-26.533528142592424,0.9941183241676519,0.12660804004832502,0.01662158117149462,0.0015512901700612592,-3.273328917104347,-0.3054993938356248,0.3870201168199444
-45.22806838249912,1.56272017806898,0.19088674914647025,0.011397604553581632,0.01697964566795223,-0.81929910575786,-1.220555463776553,0.5661463678994679
-16.295633621867083,0.829018453728465,0.03935436380692006,0.0013548740937753883,3.7802227774088905e-05,-5.986745164804521,-0.16703567171672856,0.10575202859242752
-10.33024871552307,1.5591961320954728,0.16326287357533034,0.09648504975960162,0.006306581638014431,-3.9114069362849295,-0.25566248060852603,0.21402629965846262
-60.892068192684754,1.4886455075365612,0.022082368638879253,1.1158816106060649e-05,5.7522605705707686e-05,-0.4404430738111276,-2.2704409706050317,0.1287642952132491
-30.251354047047492,1.8661619595223964,0.04761242072636141,0.0002696403605107409,0.00022812868128841156,-1.0871826288143212,-0.9198086627732431,0.07820795844488203
-10.653561613758683,1.0751745188291197,0.02594761442312371,0.0005642466882497027,1.638643499356709e-05,-5.868029245585919,-0.17041496525468505,0.04559843335806904
-33.493932001005334,1.4838230777943509,0.04947909078651415,0.0003559247397241206,0.0001946516235385653,-1.3522284621173597,-0.7395200056905843,0.110893678401522
-56.670212367155756,1.3761189383681183,0.08166986860914245,0.0007931040723082298,0.0017752418193508878,-0.6683998286842555,-1.496110497168288,0.4641324599875754
-69.98781236811115,1.937637205619701,0.08897958016512593,0.0002736112896552954,0.017542557496768182,-0.1248879544297357,-8.007177350019122,0.5129234408381851
-19.228149409148415,1.4354446985651352,0.09619077955983898,0.0070049821314648155,0.0011694671278253334,-2.4474256452906777,-0.40859259684730126,0.1582033677936902
-27.13448990209109,1.9177482761896019,0.10227644688936492,0.0031315175698504965,0.0022186849487595725,-1.1880360188205197,-0.8417253215881438,0.15401874974773969
-40.224123679186114,1.494032358654908,0.0704615693292493,0.0007550681225351243,0.0006666747294274235,-1.0642314062823404,-0.9396452633297878,0.1900644774746702
-51.9224124779322,1.9321599943215562,0.07013118038376255,0.0002998359963797003,0.0016836496924518122,-0.4220034655367428,-2.369648786481192,0.1952627381312303
-29.862928225673713,0.7813866782307184,0.14865538911487772,0.04053668436164209,0.0014277335647691573,-5.328445485111316,-0.18767199604353446,0.8409912885807147
-19.03209892281793,1.4282148934594026,0.1312118916771769,0.018221423291665474,0.0029470580222888255,-2.486547760249215,-0.40216400263302193,0.2158724860543087
-13.907508824621829,1.7433183378144272,0.16630976355196755,0.0514252002127824,0.007559039387704087,-2.60828288384537,-0.38339399694472864,0.2133623987003329
-38.97378288452499,1.2635367023822708,0.09291318004604941,0.0024840592391941105,0.001083234643151378,-1.5143271328938483,-0.6603592964018418,0.3073204760614646
-18.508615863522436,1.0432605137440107,0.12920798485634116,0.027966281996128686,0.0018360680568476264,-3.902770186796419,-0.25622825637623514,0.2856530500780173
-41.65205349404787,1.9771377950478157,0.18084586532286523,0.007622927620845958,0.01860949695981479,-0.6400200527074867,-1.5624510447284963,0.36669538320112227
-15.092610828342487,1.116394291292985,0.1856042106499926,0.10637077056660185,0.006081059678050335,-4.182361036121574,-0.23909939657608545,0.3499243262307207
-51.021954780150196,1.8100606288409904,0.0684155040550805,0.00032276924253092556,0.0013287032667016888,-0.49286964343878065,-2.0289340463797707,0.2006444435423367
-50.30654907194733,1.8507211197588813,0.19737581321578165,0.007671021606654966,0.03191226691376486,-0.49028406150478,-2.039633915348583,0.5502971143540691
-57.13164910363129,1.9705731523396612,0.166950184784855,0.0031660946974245998,0.032914354259625404,-0.3101482111498155,-3.2242649289921426,0.5401474626673299
-41.09737037790375,1.8272713883965723,0.1630654050874346,0.006463705186989036,0.011853158996896193,-0.7384544550375496,-1.3541796561429793,0.3539352100674123
-30.46541410171573,1.8946497494412324,0.19698823520697178,0.018470317739305075,0.016564217891183185,-1.0559703301906453,-0.9469963041664813,0.3207227879548083
-47.71232674178221,1.142250787110178,0.09948138104836649,0.003007507422815607,0.0013007772588696804,-1.5205541333901798,-0.6576549811945409,0.5771562490595568
-14.986845318959311,1.0914138037506786,0.14578603183793387,0.05374289055818953,0.002862764574802567,-4.33279052958264,-0.230798141099225,0.28010653345355696
-54.04993495714892,1.720502114920323,0.15177600316047182,0.003438240282732959,0.015740668632771605,-0.4673653638132301,-2.1396536359498453,0.5279245351740922
-10.779243511986891,1.363878914484149,0.15526366655046622,0.08932112754956692,0.004646505253927524,-4.384437484891597,-0.22807942944697374,0.2258860006650983
-64.44850002301581,1.7683169638310066,0.05433606040181842,9.814880381578555e-05,0.0017315560570608476,-0.2380807201743535,-4.200256111740886,0.2740477177628695
-37.99568928228271,0.7906572072811509,0.08282926454643243,0.006750473045142506,0.00020326049337262807,-5.76289379539785,-0.17352393354855564,0.8377762818457242
-17.851411405475353,1.1605652023771804,0.15463996651639317,0.04386001377417662,0.0036620063628022923,-3.4607867119952394,-0.28895164112077637,0.3006214738901865
-11.754712031190394,1.539279432344387,0.17000591694242947,0.08678567767125064,0.006993076738502575,-3.522815370164141,-0.28386386878782305,0.23008641602939064
-36.04179620642252,1.3359490193216748,0.12728609829009394,0.006443285286762305,0.002916185159811582,-1.4864357183038936,-0.6727502492614049,0.35122792817686505
-42.718200364505144,1.4342887550328993,0.17967067105474624,0.012249445107552395,0.011055155065773434,-1.0526301099385311,-0.9500013257823258,0.5555365220834917
-65.68361400708322,1.5318302983901784,0.06317607416464302,0.00020148179029597435,0.0022410477052205637,-0.29984191978918795,-3.3350907061396793,0.4366056925520209
-34.37744322714764,1.270506586021476,0.06426462727926759,0.0009733719544212158,0.00033323081775581484,-1.7090974845339237,-0.5851041318878912,0.1803868991717302
-66.66391519658428,1.3959213061632259,0.053295011616794785,0.00014888179832047785,0.001163439853200731,-0.357724623126213,-2.7954463722984433,0.47819597870734376
-13.871043254392205,0.8763604691956228,0.13366703116980946,0.06336735119414069,0.0016615571243128431,-6.175542834121094,-0.16192908491781524,0.31103452436346324
-64.26795045399402,1.8990723097478084,0.045569557395758555,5.071697711783484e-05,0.0011542501680226246,-0.20961709934730322,-4.77060317652404,0.20498361218899605
-14.31904877302648,0.9304459049185019,0.11419998306899495,0.034535801949826625,0.0011184488824620873,-5.556824779447943,-0.17995888653868036,0.2527992251453733
-57.850431794245026,1.8564892760877085,0.09888220589401457,0.0007107322835994718,0.006479556738249328,-0.3311924080558017,-3.0193928836421664,0.35482512499477575
-48.09330276246982,1.4829344228965806,0.17388731242530497,0.008583033020261909,0.01303466481886278,-0.8114662426403825,-1.2323371539722447,0.6137484183505563
-8.07302119906683,1.4209187947076756,0.09977048476289486,0.038936401179346554,0.001310256840120013,-5.451295018055176,-0.1834426492581874,0.13460653745741305
-9.172308563166965,1.8301019782492522,0.03490977673357447,0.0009893625689183436,7.387644472393352e-05,-3.6595252176866553,-0.27325949146817013,0.04053390408893575
-35.49949059414519,1.5167965464576514,0.13880782737307998,0.006897802908011425,0.004639788005151989,-1.2192880618619995,-0.8201507349074506,0.32027260197894725
-5.819154871830662,1.039989192170194,0.15613825174554935,0.39248467315767166,0.003628606818276825,-10.400192905645726,-0.09615206266579457,0.25416423127647253
-8.981282868201461,0.8845270137857835,0.04307432595587194,0.004446797560720137,6.040979404241872e-05,-8.579658501332403,-0.11655475562864209,0.0863459008778521
-50.30245226822235,1.911611255370035,0.05739480950817713,0.0001785942859631622,0.0008286901077893494,-0.4642348102625902,-2.1540823262140965,0.15386557473937482
-27.89012665634293,1.5366607693542047,0.15568129357979452,0.014258605765525494,0.005841298427691646,-1.5623697920734185,-0.6400533376115148,0.29140221128412414
-59.46137267298224,1.5652286568289888,0.06426809849224045,0.0002582971011149747,0.0014243820502236701,-0.42584006550517195,-2.3482994696934045,0.32029525199169173
-73.22308424739366,1.7211967411484415,0.03966002288125384,2.5718624747481928e-05,0.0019811589720113237,-0.1139368499327177,-8.77679171041259,0.3347206744702748
-42.65243309160008,1.2654309037645437,0.14970916225349692,0.00914413785286558,0.004958234877684329,-1.3580252168774627,-0.7363633514106035,0.5653269877569852
-68.13741022609577,1.7726850171726634,0.07325203354055802,0.00020119783155623673,0.006429056907225225,-0.176904146628768,-5.65277874519523,0.43933703941186925
-8.461258253739075,1.4554855722415245,0.159446226588002,0.14154752467517193,0.00548054648630761,-5.082053194995438,-0.1967708643791356,0.21287469170424028
-40.85846346120251,1.2874235685999498,0.1893502100083505,0.018946720684410195,0.009936399733558992,-1.3808690608438947,-0.7241816247145598,0.649859149051708
-74.27286473955431,1.6698938908223004,0.03869329183233512,2.3959928873419837e-05,0.002057551086404591,-0.10791143026477829,-9.266858918896144,0.3703200974190383
-64.82685358684265,1.8492952552677524,0.06325494190668784,0.0001391928351373042,0.003105445129289863,-0.21171250480888346,-4.723386560953106,0.3031086716336012
-69.54519626592584,1.9375292197256275,0.10437297157863648,0.00045236465310796487,0.02665585887523598,-0.13027107324250436,-7.676301231805033,0.587653929438008
-42.988688167758724,1.8546436319881845,0.06504521973022441,0.00036919065149900674,0.000824601418719336,-0.6691189180537798,-1.4945026556843308,0.14613090856943994
-31.113835920681936,1.1660270274355478,0.17948828800007774,0.02855441965270445,0.005982836140528287,-2.184656265852542,-0.4577379131127336,0.5111379204689679
-46.923603207179866,1.8442755019573145,0.062006320771271536,0.00027397962782647325,0.0008335219618504046,-0.5733246466872622,-1.744212473296096,0.15667415762110268
-36.4064732859986,1.8904081930358405,0.10122865938288947,0.0018274735251443933,0.002580531694433678,-0.8415326068629944,-1.1883080843744476,0.1886515222957263
-62.43307428417039,1.9592539224770555,0.055278968985276386,9.272944573611413e-05,0.001828334251454821,-0.22520655869008033,-4.44036801510811,0.2204208573160581
-52.0941191362981,1.652475852264174,0.05217128766648532,0.00016229502135895884,0.0005287524188704272,-0.5540212401933112,-1.8049849490446903,0.17960647433235996
-63.490168982517886,1.9174312041660837,0.03949426365841042,3.3579667055362544e-05,0.0007083794709758679,-0.21772345104171464,-4.592982497821998,0.16948608221601977
-44.9935305560795,1.9207122002243293,0.05395655664396032,0.00018310015665653684,0.0005390594404652155,-0.5828087049396156,-1.7158288672157176,0.12323642217626148
-5.716836580600827,1.4991970458694572,0.18884843713917596,0.4825595554874894,0.00956832017366429,-7.101622949089256,-0.14081288279719842,0.237256419605343
-5.280120279564997,1.785920399524227,0.14002447424554315,0.1905750037110018,0.004710193182154669,-6.36082736304383,-0.15721225289181134,0.15714683493570689
-6.528373915678401,1.3417646317459284,0.18579847942230782,0.4014151453586392,0.008032027868316485,-7.069427970233766,-0.1414541606775764,0.2544429288916236
-48.26852102747543,1.916190418117584,0.06623244946420108,0.000296825925423284,0.0011525205126541429,-0.5074889417738745,-1.9704862858776875,0.16653654266478604
-55.731992206299985,1.795945544727156,0.08520910523371711,0.0005260896354861806,0.003360048907779724,-0.39569182103132555,-2.527219282404206,0.29624785540525167
-46.01060487132004,1.2187026386943682,0.09287351100829394,0.002152959263299446,0.0011937570044628267,-1.3429502977059913,-0.7446291956658306,0.43107249255870655
-66.47347087741377,1.9281085690009956,0.13109328658037167,0.001057867544393222,0.03581847639797551,-0.17185496841524378,-5.818859991197662,0.637853218477391
